density,avg_speed,d_density,d_speed,neighbor_density,neighbor_speed,flow_variance,label
1,1.1844,1,0.0,0,1.1844,0.0,0
1,1.1844,1,0.0,0,1.1844,0.0,0
1,1.2547,1,0.0,1,1.1844,0.0,0
1,1.1844,0,0.0,1,1.2547,0.0,0
2,1.1817,1,-0.073,1,1.1844,0.035,0
1,1.1844,0,0.0,2,1.1817,0.0,0
1,1.1844,1,0.0,1,1.2547,0.0,0
1,1.1086,-1,-0.073,1,1.2547,0.0,0
1,1.2547,0,0.0703,1,1.1086,0.0,0
1,1.2547,1,0.0,1,1.1086,0.0,0
1,1.0544,0,-0.0542,1,1.1086,0.0,0
1,1.1844,1,0.0,1,1.2547,0.0,0
1,1.1086,0,-0.1461,1,1.0544,0.0,0
1,1.2547,0,0.0,2,1.0815,0.0,0
2,1.0815,1,-0.0271,1,1.2547,0.0,0
1,1.0627,1,0.0,0,1.0627,0.0,0
1,1.1844,0,0.0,1,1.2547,0.0,0
1,1.3569,0,0.2941,1,1.0627,0.0,0
1,1.0627,1,0.0,1,1.3569,0.0,0
1,1.1844,0,0.0,2,1.1817,0.0,0
2,1.1817,1,-0.073,1,1.0544,0.0008,0
1,1.0544,-1,-0.0271,2,1.1817,0.0,0
1,1.1844,1,0.0,1,1.2547,0.0,0
2,1.2098,1,0.1471,0,1.2098,0.0,0
1,1.0544,0,0.0,1,1.1086,0.0,0
1,1.1086,-1,-0.073,1,1.0544,0.0,0
1,1.3888,1,0.0,1,1.0544,0.0,0
1,1.2547,0,0.0703,1,1.1086,0.0,0
1,1.3888,0,0.0,0,1.3888,0.0,0
2,1.2098,0,0.0,0,1.2098,0.0,0
1,1.1086,0,0.0,1,1.0544,0.0,0
1,1.0544,1,0.0,1,1.1086,0.0,0
1,1.2547,0,0.0703,1,1.1844,0.0,0
1,1.1844,1,0.0,1,1.2547,0.0,0
2,1.2098,2,0.0,0,1.2098,0.0,0
1,1.1844,0,0.0,1,1.2547,0.0,0
1,1.0544,0,0.0,1,1.1086,0.0,0
1,1.1669,0,-0.2219,1,1.3888,0.0,0
1,1.2547,0,0.0,1,1.1086,0.0,0
1,1.3888,1,0.0,1,1.0544,0.0,0
1,1.1086,1,0.0,1,1.0544,0.0,0
1,1.3414,1,0.0,0,1.3414,0.0,0
2,1.1817,1,-0.073,1,1.0544,0.0002,0
1,1.0544,0,-0.0542,2,1.1817,0.0,0
1,1.1669,0,-0.2219,1,1.3888,0.0,0
2,1.2098,0,0.0,0,1.2098,0.0,0
1,1.3888,1,0.0,1,1.0544,0.0,0
1,1.1844,0,0.0,2,1.1817,0.0,0
1,1.1669,0,0.0,1,1.042,0.0,0
1,1.3569,1,0.0,1,1.0627,0.0,0
1,1.2547,1,0.0,1,1.1086,0.0,0
1,1.1844,1,0.0,1,1.2547,0.0,0
1,1.0544,0,0.0,1,1.1086,0.0,0
1,1.1086,-1,-0.073,1,1.0544,0.0,0
1,1.042,1,0.0,1,1.1669,0.0,0
1,1.0627,-1,-0.1471,1,1.3414,0.0,0
1,1.3414,1,0.0,1,1.0627,0.0,0
1,1.3888,0,0.0,1,1.0544,0.0,0
2,1.2216,1,0.1672,1,1.1086,0.0,0
2,1.2098,1,-0.1471,0,1.2098,0.0,0
1,1.3414,0,0.0,1,1.3688,0.0,0
1,1.2547,0,0.0,1,1.1086,0.0,0
1,1.1669,0,0.0,1,1.042,0.0,0
1,1.042,0,0.0,1,1.1669,0.0,0
1,1.1844,1,0.0,0,1.1844,0.0,0
1,1.3688,1,0.0,1,1.3414,0.0,0
1,1.1086,0,0.0,2,1.2216,0.0,0
1,1.1086,0,-0.1461,1,1.0544,0.0,0
1,1.3414,1,0.0,1,1.0627,0.0,0
1,1.0627,-1,-0.1471,1,1.3414,0.0,0
1,1.3688,0,0.0275,1,1.176,0.0,0
1,1.1669,1,0.0,1,1.3888,0.0,0
1,1.3888,-1,0.1672,1,1.0544,0.0,0
1,1.0544,0,-0.0542,1,1.1086,0.0,0
1,1.176,0,-0.1928,1,1.3688,0.0,0
1,1.3569,1,0.0,1,1.0627,0.0,0
1,1.042,0,0.0,0,1.042,0.0,0
1,1.1844,1,0.0,1,1.2547,0.0,0
1,1.2547,1,0.0,1,1.1086,0.0,0
2,1.2216,1,0.1672,1,1.1086,0.0,0
2,1.2724,1,-0.0964,1,1.183,0.0,0
1,1.3414,0,0.0,2,1.2724,0.0,0
2,1.2098,1,-0.1471,0,1.2098,0.0,0
1,1.183,1,0.0,2,1.2724,0.0,0
1,1.1844,1,0.0,0,1.1844,0.0,0
1,1.1086,1,0.0,2,1.2216,0.0,0
1,1.2547,0,0.0,1,1.1086,0.0,0
1,1.042,1,0.0,0,1.042,0.0,0
1,1.1669,0,-0.2219,2,1.2216,0.0,0
1,1.1669,0,0.0,1,1.3888,0.0,0
1,1.2547,1,0.0,1,1.1086,0.0,0
1,1.3414,1,0.0,2,1.2098,0.0,0
1,1.0544,0,-0.0542,1,1.1086,0.0,0
1,1.1936,1,0.0,1,1.042,0.0,0
2,1.2098,0,0.0,1,1.3414,0.0,0
1,1.042,0,0.0,1,1.1936,0.0,0
1,1.1844,1,0.0,1,1.2547,0.0,0
2,1.1795,0,-0.0929,1,1.3688,0.0013,0
1,1.3688,0,0.0275,2,1.1795,0.0,0
1,1.1086,0,-0.1461,1,1.0544,0.0,0
1,1.3888,-1,0.1672,1,1.0544,0.0,0
1,1.1086,0,0.0,1,1.0544,0.0,0
1,1.0724,1,0.0,0,1.0724,0.0,0
1,1.2547,0,0.0,1,1.1086,0.0,0
2,1.1795,0,0.0,1,1.3688,0.0003,0
1,1.0627,-1,-0.1471,1,1.3414,0.0,0
1,1.3888,1,0.0,1,1.0544,0.0,0
1,1.3569,1,0.0,1,1.0627,0.0,0
1,1.1936,0,0.0,0,1.1936,0.0,0
1,1.3414,0,0.0,1,1.0627,0.0,0
1,1.1844,0,0.0,1,1.2547,0.0,0
1,1.042,1,0.0,1,1.1669,0.0,0
1,1.0544,0,0.0,1,1.1086,0.0,0
1,1.3688,0,0.0,2,1.1795,0.0,0
1,1.1669,0,0.0,1,1.042,0.0,0
1,1.3888,0,0.0,1,1.0544,0.0,0
1,1.1669,1,0.0,1,1.0544,0.0,0
1,1.1936,1,0.0,1,1.042,0.0,0
1,1.2547,1,0.0,1,1.1844,0.0,0
2,1.1795,1,-0.1893,1,1.3688,0.0003,0
1,1.3414,0,0.2786,2,1.2098,0.0,0
2,1.2098,1,-0.1471,1,1.3414,0.0,0
1,1.006,1,0.0,0,1.006,0.0,0
1,1.0724,0,0.0,0,1.0724,0.0,0
1,1.1086,1,0.0,1,1.0544,0.0,0
1,1.0544,0,0.0,1,1.1086,0.0,0
1,1.1844,0,0.0,1,1.2547,0.0,0
1,1.042,0,0.0,1,1.1936,0.0,0
1,1.3688,0,0.0275,2,1.1795,0.0,0
1,1.272,0,-0.0968,2,1.1795,0.0,0
1,1.0544,0,-0.0542,1,1.1086,0.0,0
2,1.1795,0,0.0,1,1.272,0.0001,0
1,1.1936,0,0.0,0,1.1936,0.0,0
1,1.1086,1,0.0,1,1.0544,0.0,0
2,1.004,1,-0.0019,0,1.004,0.0331,0
1,1.3888,1,0.0,1,1.0544,0.0,0
1,1.3414,0,0.0,1,1.0627,0.0,0
1,1.3569,1,0.0,1,1.0627,0.0,0
1,1.2547,0,0.0,1,1.1086,0.0,0
1,1.1669,0,0.1124,1,1.0544,0.0,0
1,1.0724,1,0.0,0,1.0724,0.0,0
1,1.1844,1,0.0,0,1.1844,0.0,0
1,1.0627,-1,-0.1471,1,1.3414,0.0,0
1,1.042,1,0.0,0,1.042,0.0,0
1,1.0021,1,0.0,2,1.197,0.0,0
1,1.1936,1,0.0,1,1.042,0.0,0
1,1.3569,0,0.0,2,1.202,0.0,0
2,1.1795,1,-0.0925,1,1.3688,0.0001,0
1,1.0724,0,0.0,0,1.0724,0.0,0
2,1.202,1,0.1393,1,1.3569,0.0,0
1,1.3888,0,0.0,1,1.0544,0.0,0
1,1.1086,0,0.0,1,1.0544,0.0,0
2,1.197,2,0.0,1,1.0021,0.0209,0
1,1.3688,0,0.0275,2,1.1795,0.0,0
1,1.0544,0,0.0,1,1.1086,0.0,0
1,1.2547,1,0.0,1,1.1844,0.0,0
1,1.1669,0,0.0,1,1.0544,0.0,0
1,1.1844,1,0.0,1,1.2547,0.0,0
1,1.042,0,0.0,1,1.1936,0.0,0
1,1.3569,1,0.0,1,1.0627,0.0,0
1,1.1844,0,0.0,1,1.2547,0.0,0
1,1.3688,0,0.0,2,1.1795,0.0,0
1,1.0544,1,0.0,1,1.1086,0.0,0
1,1.1086,1,0.0,1,1.0544,0.0,0
1,1.0627,0,-0.2941,1,1.3414,0.0,0
1,1.3414,-1,0.1393,1,1.0627,0.0,0
1,1.1669,0,0.0,1,1.042,0.0,0
3,1.132,1,-0.0649,0,1.132,0.0037,0
1,1.042,1,0.0,1,1.1669,0.0,0
1,1.2022,1,0.0,1,1.0724,0.0,0
2,1.1795,0,0.0,1,1.3688,0.0,0
1,1.0724,0,0.0,1,1.2022,0.0,0
1,1.2547,1,0.0,1,1.1844,0.0,0
1,1.1936,0,0.0,0,1.1936,0.0,0
1,1.3888,0,0.2802,1,1.0544,0.0,0
1,1.1086,0,0.0,1,1.0544,0.0,0
1,1.2547,0,0.0,1,1.1844,0.0,0
1,1.2022,0,0.0,0,1.2022,0.0,0
2,1.202,1,0.1393,1,1.3569,0.0,0
1,1.0724,1,0.0,0,1.0724,0.0,0
4,1.0934,1,-0.0387,0,1.0934,0.008,0
1,1.042,0,0.0,1,1.1936,0.0,0
1,1.3688,0,0.0275,2,1.202,0.0,0
1,1.0544,0,0.0,1,1.1086,0.0,0
1,1.3888,0,0.0,1,1.0544,0.0,0
1,1.1669,1,0.0,1,1.3888,0.0,0
1,1.3569,0,0.0,2,1.202,0.0,0
2,1.1795,0,0.0,0,1.1795,0.0,0
1,1.1936,1,0.0,1,1.042,0.0,0
1,1.1844,0,0.0,1,1.2547,0.0,0
1,1.0544,0,0.0,1,1.1669,0.0,0
1,1.1086,1,0.0,1,1.2547,0.0,0
1,1.1844,1,0.0,1,1.2547,0.0,0
1,1.042,0,0.0,1,1.1936,0.0,0
1,1.3414,-1,0.1393,1,1.0627,0.0,0
2,1.1795,2,0.0,1,1.3688,0.0,0
2,1.1123,2,0.0,2,1.1208,0.0008,0
1,1.2547,0,0.0,1,1.1086,0.0,0
1,1.1669,1,0.0,1,1.0544,0.0,0
2,1.1208,-2,0.0274,2,1.1123,0.0021,0
1,1.2022,1,0.0,1,1.0724,0.0,0
1,1.0724,1,0.0,1,1.2022,0.0,0
1,1.3688,0,0.0,2,1.1795,0.0,0
1,1.0252,1,0.0,0,1.0252,0.0,0
1,1.0627,0,-0.2941,1,1.3414,0.0,0
1,1.3569,1,0.0,1,1.0627,0.0,0
1,1.1936,0,0.0,1,1.042,0.0,0
1,1.3888,1,0.0,1,1.1086,0.0,0
1,1.1844,0,0.0,1,1.2547,0.0,0
1,1.2547,1,0.0,1,1.1844,0.0,0
2,1.1795,0,0.0,0,1.1795,0.0,0
1,1.0544,1,0.0,2,1.1669,0.0,0
2,1.202,1,0.1393,1,1.3569,0.0,0
1,1.2176,-1,0.0968,3,1.052,0.0,0
2,1.2487,1,0.1401,1,1.0544,0.0096,0
2,1.1178,1,0.0758,0,1.1178,0.2373,0
1,1.3688,0,0.0275,2,1.202,0.0,0
1,1.1669,1,0.0,1,1.0544,0.0,0
3,1.052,1,-0.0604,1,1.2176,0.0002,0
1,1.3569,0,0.0,2,1.202,0.0,0
1,1.0724,1,0.0,0,1.0724,0.0,0
1,1.0957,1,0.0,1,1.2176,0.0,0
1,1.0252,1,0.0,1,1.2022,0.0,0
1,1.2022,0,0.0,1,1.0252,0.0,0
1,1.0544,0,0.0,2,1.1669,0.0,0
1,1.1844,1,0.0,0,1.1844,0.0,0
1,1.042,1,0.0,1,1.1936,0.0,0
2,1.1795,2,0.0,1,1.3688,0.0,0
1,1.0724,0,0.0,0,1.0724,0.0,0
3,1.0515,0,-0.0004,1,1.0957,0.0004,0
1,1.2547,0,0.0,0,1.2547,0.0,0
1,1.0957,0,-0.1219,3,1.0515,0.0,0
2,1.202,0,0.0,1,1.3688,0.0,0
1,1.3688,0,0.0,2,1.1795,0.0,0
1,1.2898,1,0.0,3,1.0515,0.0,0
1,1.1936,-1,0.0758,1,1.042,0.0,0
2,1.2487,0,0.0,1,1.0544,0.0008,0
1,1.0988,0,0.0031,1,1.0957,0.0,0
1,1.3569,1,0.0,0,1.3569,0.0,0
1,1.1669,1,0.0,1,1.0544,0.0,0
1,1.2022,0,0.0,1,1.0252,0.0,0
1,1.0252,0,0.0,1,1.2022,0.0,0
2,1.1123,1,-0.1775,2,1.1099,0.0,0
2,1.0972,1,0.0015,2,1.1099,0.0,0
2,1.2487,2,0.0,0,1.2487,0.0008,0
1,1.2547,1,0.0,1,1.1844,0.0,0
1,1.0724,1,0.0,0,1.0724,0.0,0
2,1.1795,0,0.0,1,1.272,0.0,0
1,1.3569,1,0.0,0,1.3569,0.0,0
1,1.042,0,0.0,1,1.1936,0.0,0
1,1.272,0,-0.0968,2,1.1795,0.0,0
1,1.1844,0,0.0,1,1.2547,0.0,0
1,1.0544,1,0.0,1,1.1669,0.0,0
2,1.1099,-1,0.0584,2,1.0972,0.0001,0
1,1.1936,0,0.0,1,1.042,0.0,0
1,1.0252,0,-0.1771,1,1.2022,0.0,0
2,1.202,2,0.0,0,1.202,0.0,0
1,1.1669,0,0.1124,1,1.0544,0.0,0
1,1.2022,1,0.0,1,1.0252,0.0,0
2,1.202,2,0.0,1,1.3688,0.0,0
1,1.3888,-1,0.1401,1,1.1086,0.0,0
1,1.2547,0,0.0,1,1.1844,0.0,0
3,1.0928,1,-0.0045,0,1.0928,0.0124,0
1,1.1844,1,0.0,1,1.2547,0.0,0
1,1.388,1,0.0,3,1.0515,0.0,0
3,1.0515,1,-0.0608,1,1.388,0.0001,0
1,1.1936,1,0.0,0,1.1936,0.0,0
1,1.1086,1,0.0,1,1.0544,0.0,0
1,1.2022,1,0.0,1,1.0724,0.0,0
1,1.0252,0,0.0,0,1.0252,0.0,0
1,1.176,0,-0.096,1,1.183,0.0,0
1,1.1669,0,0.0,1,1.0544,0.0,0
1,1.0544,0,0.0,1,1.1086,0.0,0
1,1.042,1,0.0,0,1.042,0.0,0
1,1.3569,0,0.0,0,1.3569,0.0,0
1,1.0724,0,0.0,1,1.2022,0.0,0
1,1.3688,1,0.0,2,1.176,0.0,0
1,1.183,-1,0.0035,1,1.176,0.0,0
1,1.3569,1,0.0,0,1.3569,0.0,0
2,1.2487,2,0.0,1,1.0544,0.0471,0
2,1.2196,1,0.0351,0,1.2196,0.0428,0
1,1.0252,0,0.0,0,1.0252,0.0,0
2,1.1795,1,0.0035,1,1.272,0.0,0
3,1.0824,0,0.0309,1,1.0182,0.0,0
1,1.272,0,-0.0968,2,1.1795,0.0,0
1,1.388,0,0.0,3,1.0824,0.0,0
2,1.202,2,0.0,0,1.202,0.0,0
1,1.2554,1,0.0,2,1.0141,0.0,0
2,1.0141,-1,-0.0787,1,1.0182,0.002,0
1,1.0724,0,0.0,1,1.2022,0.0,0
1,1.0544,0,-0.0542,2,1.2487,0.0,0
1,1.2022,0,0.0,1,1.0724,0.0,0
1,1.1936,1,0.0,1,1.042,0.0,0
1,1.0182,1,0.0,3,1.0141,0.0,0
1,1.1669,0,0.0,0,1.1669,0.0,0
1,1.042,0,0.0,1,1.1936,0.0,0
2,1.1185,0,0.1044,2,1.0196,0.0049,0
2,1.0196,1,0.0014,2,1.0021,0.0,0
1,1.2022,0,0.0,1,1.0252,0.0,0
1,1.0021,-2,-0.0803,2,1.0196,0.0,0
2,1.2487,0,0.0,1,1.0544,0.051,0
1,1.3414,1,0.0,1,1.0627,0.0,0
1,1.0544,0,0.0,2,1.1669,0.0,0
1,1.3688,1,0.0,1,1.0627,0.0,0
1,1.1669,1,0.0,1,1.0544,0.0,0
1,1.0496,1,0.0,2,1.1185,0.0,0
1,1.1844,1,0.0,1,1.2547,0.0,0
1,1.042,0,0.0,1,1.1936,0.0,0
1,1.0724,1,0.0,0,1.0724,0.0,0
2,1.1795,0,0.0,1,1.388,0.0,0
1,1.388,1,0.0,2,1.1581,0.0,0
2,1.1581,1,-0.2299,1,1.0021,0.0,0
1,1.0627,-1,-0.1393,1,1.3414,0.0,0
1,1.1936,0,0.0,1,1.042,0.0,0
1,1.3569,0,0.0,0,1.3569,0.0,0
1,1.0252,1,0.0,1,1.2022,0.0,0
1,1.2547,-1,0.0351,1,1.1844,0.0,0
2,1.1107,1,0.0562,0,1.1107,0.0011,0
1,1.3569,1,0.0,0,1.3569,0.0,0
1,1.0724,0,0.0,1,1.2022,0.0,0
1,1.1086,1,0.0,1,1.3888,0.0,0
1,1.1844,0,0.0,1,1.2547,0.0,0
3,1.1061,1,-0.052,1,1.388,0.0,0
1,1.1936,0,0.1516,1,1.042,0.0,0
1,1.0627,0,-0.2786,1,1.3414,0.0,0
2,1.1525,0,0.034,3,1.0069,0.0002,0
1,1.2547,1,0.0,1,1.1844,0.0,0
3,1.0069,1,-0.0127,2,1.1525,0.0002,0
1,1.2022,1,0.0,1,1.0724,0.0,0
1,1.3688,0,0.3061,1,1.0627,0.0,0
1,1.388,0,0.0,3,1.1061,0.0,0
1,1.0252,0,0.0,0,1.0252,0.0,0
1,1.3414,1,0.0,1,1.0627,0.0,0
1,1.0245,1,0.0,0,1.0245,0.0,0
1,1.042,1,0.0,1,1.1936,0.0,0
2,1.1795,2,0.0,0,1.1795,0.0,0
1,1.3888,1,0.0,1,1.1086,0.0,0
1,1.0496,-1,-0.1029,2,1.0741,0.0,0
1,1.0544,1,0.0,1,1.1086,0.0,0
2,1.0741,-1,0.0672,2,1.0196,0.0009,0
2,1.1795,0,0.0,1,1.388,0.0,0
1,1.0724,1,0.0,0,1.0724,0.0,0
1,1.1844,1,0.0,1,1.2547,0.0,0
1,1.388,1,0.0,2,1.1795,0.0,0
1,1.2547,0,0.0,1,1.1844,0.0,0
1,1.3888,0,0.0,1,1.1086,0.0,0
1,1.2022,0,0.0,0,1.2022,0.0,0
2,1.1178,1,0.0758,0,1.1178,0.0612,0
3,1.1061,0,0.0,2,1.0196,0.0,0
2,1.0196,2,0.0,3,1.0741,0.0,0
1,1.0252,0,0.0,0,1.0252,0.0,0
1,1.3688,0,0.0,2,1.202,0.0,0
1,1.1086,0,0.0,1,1.0544,0.0,0
1,1.3569,0,0.0,0,1.3569,0.0,0
2,1.202,1,-0.1393,1,1.3688,0.0,0
1,1.1669,-1,0.0562,1,1.0544,0.0,0
2,1.1385,1,0.114,0,1.1385,0.009,0
1,1.3507,1,0.0,1,1.0496,0.0,0
1,1.3569,0,0.0,1,1.3414,0.0,0
1,1.1086,0,0.0,1,1.0544,0.0,0
1,1.0245,1,0.0,1,1.2525,0.0,0
2,1.1795,2,0.0,0,1.1795,0.0,0
2,1.2158,0,0.0137,1,1.3414,0.0,0
1,1.1669,0,0.0,1,1.0544,0.0,0
1,1.3414,1,0.0,2,1.2158,0.0,0
1,1.1936,-1,0.0758,1,1.042,0.0,0
1,1.3888,1,0.0,1,1.1086,0.0,0
1,1.0252,1,0.0,0,1.0252,0.0,0
1,1.0724,0,0.0,1,1.2022,0.0,0
2,1.2196,1,0.0351,0,1.2196,0.0017,0
3,1.1061,3,0.0,1,1.388,0.0,0
2,1.0593,0,-0.0148,2,1.0196,0.0001,0
2,1.0196,0,0.0,2,1.0593,0.0,0
1,1.0496,0,0.0,2,1.0593,0.0,0
1,1.388,0,0.0,3,1.1061,0.0,0
1,1.0544,0,0.0,1,1.1086,0.0,0
1,1.2022,1,0.0,1,1.0724,0.0,0
1,1.2525,-1,0.114,1,1.0245,0.0,0
1,1.042,1,0.0,1,1.1936,0.0,0
2,1.2196,0,0.0,0,1.2196,0.0017,0
1,1.3569,1,0.0,0,1.3569,0.0,0
2,1.2487,1,-0.1401,1,1.0544,0.0546,0
1,1.0724,0,0.0,1,1.2022,0.0,0
3,1.1061,0,0.0,0,1.1061,0.0,0
4,1.069,2,0.0494,1,1.0496,0.0001,0
1,1.2022,0,0.0,1,1.0724,0.0,0
1,1.0496,-1,-0.0097,4,1.069,0.0,0
2,1.1795,2,0.0,1,1.388,0.0,0
2,1.1385,2,0.0,0,1.1385,0.0002,0
1,1.0544,0,-0.0542,2,1.1669,0.0,0
2,1.202,1,-0.1393,1,1.3688,0.0,0
1,1.3688,-1,0.153,2,1.202,0.0,0
1,1.3507,0,0.3011,1,1.0496,0.0,0
1,1.1669,1,0.0,1,1.0544,0.0,0
2,1.1178,1,0.0758,0,1.1178,0.0042,0
1,1.0252,0,0.0,0,1.0252,0.0,0
1,1.388,1,0.0,2,1.1795,0.0,0
2,1.0196,2,0.0,2,1.004,0.0,0
1,1.1086,-1,-0.1401,1,1.0544,0.0,0
2,1.1795,2,0.0,0,1.1795,0.0,0
1,0.9754,0,-0.0742,2,1.0869,0.0,0
2,1.1385,2,0.0,0,1.1385,0.0,0
1,1.3569,0,0.0,1,1.3414,0.0,0
2,1.1178,0,0.0,0,1.1178,0.0002,0
2,1.2196,2,0.0,0,1.2196,0.0018,0
1,1.3888,1,0.0,1,1.1086,0.0,0
2,1.2158,0,0.0137,1,1.3414,0.0,0
2,1.004,-1,-0.1021,2,1.0196,0.0,0
2,1.0869,-2,0.0179,2,0.9754,0.0,0
1,1.0544,0,0.0,1,1.1086,0.0,0
1,1.0252,1,0.0,0,1.0252,0.0,0
1,1.1669,0,0.0,1,1.0544,0.0,0
1,1.388,0,0.0,1,1.3103,0.0,0
1,1.3507,0,0.0,1,0.9754,0.0,0
1,1.3103,1,0.0,2,1.004,0.0,0
1,1.3414,1,0.0,2,1.2158,0.0,0
1,1.2022,0,0.1299,1,1.0724,0.0,0
1,1.0724,1,0.0,1,1.2022,0.0,0
2,1.0196,0,0.0,3,1.0497,0.0,0
2,1.1795,0,0.0,1,1.388,0.0,0
1,1.2022,0,0.0,1,1.0724,0.0,0
1,1.3507,0,0.3754,3,1.0497,0.0,0
3,1.1061,2,-0.2042,0,1.1061,0.0,0
2,1.1107,1,0.0562,0,1.1107,0.0035,0
1,1.3888,1,0.0,1,1.1086,0.0,0
3,1.0497,1,-0.0372,2,1.0196,0.0,0
1,1.0252,0,0.0,0,1.0252,0.0,0
2,1.2158,0,0.0,1,1.3414,0.0,0
1,1.388,1,0.0,2,1.1795,0.0,0
2,1.1385,0,0.0,0,1.1385,0.0,0
1,1.1086,1,0.0,1,1.3888,0.0,0
1,1.2547,-1,0.0351,1,1.1844,0.0,0
1,1.0724,0,0.0,1,1.2022,0.0,0
2,1.1178,2,0.0,0,1.1178,0.0002,0
1,1.3569,1,0.0,0,1.3569,0.0,0
1,1.3414,0,0.0,2,1.2158,0.0,0
1,1.1844,1,0.0,1,1.2547,0.0,0
1,1.3507,0,0.0,1,1.0496,0.0,0
2,1.004,-1,-0.1021,1,1.0182,0.0,0
1,1.3414,1,0.0,2,1.2158,0.0,0
1,1.2942,1,0.0,0,1.2942,0.0,0
2,1.1795,2,0.0,0,1.1795,0.0,0
1,1.0724,1,0.0,1,1.2022,0.0,0
2,1.2158,1,-0.1256,1,1.3414,0.0,0
1,1.1669,-1,0.0562,1,1.0544,0.0,0
2,1.1178,0,0.0,0,1.1178,0.0315,0
1,1.0544,1,0.0,1,1.1086,0.0,0
2,1.1385,0,0.0,0,1.1385,0.0,0
3,1.0564,1,0.0368,1,1.0182,0.0,0
1,1.0182,1,0.0,3,1.004,0.0,0
2,1.2196,1,0.0351,0,1.2196,0.0001,0
1,1.1086,0,0.0,1,1.0544,0.0,0
1,1.3103,1,0.0,2,1.004,0.0,0
1,1.388,1,0.0,1,1.3103,0.0,0
1,1.0496,-2,-0.0001,3,1.0564,0.0,0
1,1.3569,0,0.0,1,1.3414,0.0,0
1,1.0252,1,0.0,0,1.0252,0.0,0
1,1.2022,1,0.0,1,1.0724,0.0,0
1,1.3888,0,0.0,1,1.1086,0.0,0
1,1.042,1,0.0,1,1.1936,0.0,0
1,1.0724,0,0.0,1,1.2022,0.0,0
1,1.3414,0,0.0,2,1.2158,0.0,0
1,1.3569,1,0.0,0,1.3569,0.0,0
2,1.163,1,0.1134,2,1.0593,0.0,0
2,1.1385,2,0.0,0,1.1385,0.0,0
1,1.2022,0,0.0,1,1.0724,0.0,0
2,1.2158,0,0.0,1,1.3414,0.0,0
1,1.3888,1,0.0,1,1.1086,0.0,0
1,1.2942,1,0.0,0,1.2942,0.0,0
2,1.1581,1,-0.1522,1,1.0021,0.0,0
1,1.1844,1,0.0,1,1.2547,0.0,0
2,1.1795,0,0.0,1,1.388,0.0,0
1,1.388,1,0.0,2,1.1795,0.0,0
2,1.0593,-1,0.0029,2,1.0196,0.0,0
2,1.0196,1,0.0014,2,1.0021,0.0,0
1,1.1086,0,-0.2802,1,1.3888,0.0,0
2,1.1107,1,0.0562,0,1.1107,0.0002,0
1,1.1936,-1,0.0758,1,1.042,0.0,0
1,1.0021,-1,-0.0019,2,1.0196,0.0,0
1,1.0727,1,0.0,0,1.0727,0.0,0
1,1.2547,-1,0.0351,1,1.1844,0.0,0
1,1.0252,0,0.0,0,1.0252,0.0,0
2,0.9913,0,-0.068,3,1.0587,0.0,0
1,1.0252,0,0.0,0,1.0252,0.0,0
1,1.1086,0,0.0,1,1.0544,0.0,0
1,1.1936,1,0.0,1,1.042,0.0,0
1,1.2525,1,0.0,1,1.0245,0.0,0
2,1.004,0,-0.1541,1,1.3103,0.0,0
1,1.042,0,0.0,1,1.1936,0.0,0
1,1.3888,0,0.0,1,1.1086,0.0,0
3,1.0587,1,0.0391,2,0.9913,0.0,0
1,1.3414,1,0.0,2,1.2158,0.0,0
2,1.2158,1,-0.1256,1,1.3414,0.0,0
1,1.3103,1,0.0,2,1.004,0.0,0
1,1.2022,0,0.1299,1,1.0724,0.0,0
1,1.0544,1,0.0,1,1.1086,0.0,0
2,1.2196,1,0.0351,0,1.2196,0.0,0
1,1.3569,0,0.0,1,1.3414,0.0,0
1,1.2942,0,0.0,1,1.0573,0.0,0
1,1.3507,-1,0.1877,2,0.9913,0.0,0
1,1.1669,-1,0.0562,1,1.0544,0.0,0
2,1.1795,2,0.0,0,1.1795,0.0,0
1,1.0245,-1,-0.114,1,1.2525,0.0,0
1,1.0727,0,0.0,0,1.0727,0.0,0
1,1.388,1,0.0,0,1.388,0.0,0
1,1.0573,1,0.0,1,1.2942,0.0,0
1,1.0724,1,0.0,1,1.2022,0.0,0
1,1.3888,1,0.0,2,1.2196,0.0,0
1,1.2942,0,0.0,1,1.0573,0.0,0
1,1.0884,0,0.0157,1,1.0727,0.0,0
1,1.388,1,0.0,2,1.1795,0.0,0
2,1.2002,0,0.2089,3,1.0465,0.0,0
1,1.1936,0,0.0,1,1.042,0.0,0
1,1.0182,1,0.0,3,0.9686,0.0,0
3,1.0465,0,-0.0122,2,1.0182,0.0,0
2,1.1795,0,0.0,1,1.388,0.0,0
1,1.0727,1,0.0,1,1.0884,0.0,0
2,1.1107,1,0.0562,1,1.1086,0.0004,0
2,0.9686,0,-0.0354,1,1.0182,0.0,0
1,1.3103,1,0.0,2,0.9686,0.0,0
2,1.2158,0,0.0,1,1.3414,0.0,0
2,1.1385,1,-0.114,0,1.1385,0.0,0
1,1.0252,1,0.0,0,1.0252,0.0,0
1,1.2022,0,0.0,1,1.0724,0.0,0
2,1.2196,0,0.0,1,1.3888,0.0004,0
1,1.3569,1,0.0,0,1.3569,0.0,0
1,1.1086,0,0.0,2,1.1107,0.0,0
1,1.0573,0,0.0,1,1.2942,0.0,0
1,1.3414,0,0.0,2,1.2158,0.0,0
1,1.0724,0,0.0,1,1.2022,0.0,0
1,1.042,0,0.0,1,1.1936,0.0,0
1,1.042,1,0.0,1,1.1936,0.0,0
1,1.2022,0,0.0,1,1.0724,0.0,0
1,1.3103,1,0.0,1,1.006,0.0,0
2,1.1385,0,0.0,0,1.1385,0.0,0
1,1.1669,-1,0.0562,1,1.0544,0.0,0
1,1.0724,0,0.0,1,1.2022,0.0,0
1,1.3569,0,0.0,0,1.3569,0.0,0
2,1.3551,1,0.0137,1,1.0627,0.0,0
2,1.2196,2,0.0,0,1.2196,0.0055,0
2,1.0613,-1,0.0148,2,1.0196,0.0,0
1,1.2898,0,-0.0982,2,1.1795,0.0,0
1,1.0627,-1,-0.153,2,1.3551,0.0,0
1,1.0544,0,-0.0542,1,1.1086,0.0,0
1,1.0021,-1,0.0335,2,1.006,0.0,0
2,1.2002,0,0.0,2,1.0613,0.0,0
1,1.3888,0,0.0,1,1.1086,0.0,0
2,1.0507,2,0.0,1,1.0727,0.0043,0
1,1.1086,1,0.0,1,1.0544,0.0,0
2,1.0196,1,0.0014,2,1.0021,0.0,0
1,1.2942,1,0.0,1,1.0573,0.0,0
1,1.0252,0,0.0,0,1.0252,0.0,0
2,1.1795,0,0.0,1,1.2898,0.0,0
1,1.0727,0,0.0,2,1.0507,0.0,0
1,1.0573,0,-0.2369,1,1.2942,0.0,0
1,1.006,1,0.0,1,1.0021,0.0,0
1,1.1936,1,0.0,1,1.042,0.0,0
1,1.3888,1,0.0,2,1.2196,0.0,0
2,1.1795,2,0.0,1,1.388,0.0,0
1,1.157,1,0.0,1,1.0573,0.0,0
1,1.3569,1,0.0,0,1.3569,0.0,0
2,1.0507,1,-0.022,1,1.0727,0.0002,0
1,1.042,0,0.0,1,1.1936,0.0,0
1,1.3414,1,0.0,2,1.2158,0.0,0
1,1.0724,1,0.0,1,1.2022,0.0,0
1,1.2942,0,0.0,1,1.0573,0.0,0
2,1.2196,0,0.0,1,1.3888,0.0001,0
1,1.2022,0,0.1299,1,1.0724,0.0,0
2,1.1107,1,0.0562,1,1.1086,0.0,0
1,1.0252,0,0.0,0,1.0252,0.0,0
2,1.2158,0,-0.1393,1,1.3414,0.0,0
3,1.0489,1,0.0293,3,1.1273,0.0,0
3,1.1273,1,0.066,3,1.0489,0.0,0
1,1.006,1,0.0,1,1.0021,0.0,0
1,1.1086,0,0.0,2,1.1107,0.0,0
1,1.0573,0,0.0,1,1.157,0.0,0
1,1.2525,1,0.0,1,1.0245,0.0,0
1,1.0021,0,-0.0038,1,1.006,0.0,0
1,1.3103,1,0.0,1,1.006,0.0,0
1,1.388,-1,0.2085,2,1.1795,0.0,0
1,1.0245,-1,-0.114,1,1.2525,0.0,0
1,1.1936,0,0.0,1,1.042,0.0,0
1,1.0727,1,0.0,2,1.0507,0.0,0
2,1.0507,0,0.0,1,1.0727,0.0005,0
1,1.3888,0,0.0,1,1.1086,0.0,0
1,1.1086,1,0.0,1,1.3888,0.0,0
2,1.2002,-1,0.0729,3,1.0366,0.0,0
1,1.0182,1,0.0,3,1.0021,0.0,0
2,1.2196,2,0.0,0,1.2196,0.0,0
1,1.0724,0,0.0,1,1.2022,0.0,0
2,1.1795,0,0.0,1,1.388,0.0,0
2,1.2158,0,0.0,1,1.3414,0.0,0
1,1.2942,1,0.0,0,1.2942,0.0,0
2,1.1071,1,0.0499,0,1.1071,0.0008,0
1,1.006,1,0.0,1,1.0021,0.0,0
1,1.3103,1,0.0,1,1.006,0.0,0
1,1.0021,0,-0.0038,1,1.006,0.0,0
3,1.0366,0,-0.0123,2,1.0182,0.0,0
1,1.0727,0,0.0,2,1.0507,0.0,0
2,1.1178,2,0.0,0,1.1178,0.0048,0
1,1.3744,1,0.0,0,1.3744,0.0,0
1,1.3569,0,0.0,0,1.3569,0.0,0
1,1.0252,1,0.0,0,1.0252,0.0,0
1,1.3414,0,0.0,2,1.2158,0.0,0
1,1.2022,0,0.0,1,1.0724,0.0,0
2,1.1107,0,0.0,0,1.1107,0.0,0
1,1.0245,1,0.0,1,1.2525,0.0,0
1,1.388,0,0.0,2,1.1795,0.0,0
1,1.2525,1,0.0,1,1.0245,0.0,0
1,1.0627,-1,-0.153,2,1.1795,0.0,0
1,1.0724,1,0.0,1,1.2022,0.0,0
1,1.2942,0,0.0,1,1.0573,0.0,0
1,1.3744,1,0.0,0,1.3744,0.0,0
2,1.004,1,-0.0019,1,1.3103,0.0,0
1,1.0131,-1,-0.0377,1,1.0884,0.0,0
1,1.2525,0,0.0,1,1.0245,0.0,0
1,1.1669,-1,0.0562,1,1.0544,0.0,0
1,1.0245,0,0.0,1,1.2525,0.0,0
3,1.0489,2,0.0307,2,1.1662,0.0,0
1,1.1086,0,0.0,1,1.0544,0.0,0
1,1.0884,0,0.0157,1,1.0131,0.0,0
2,1.1662,-1,0.1296,3,1.0489,0.0,0
1,1.3888,1,0.0,2,1.2196,0.0,0
2,1.1178,0,0.0,0,1.1178,0.0048,0
2,1.2196,0,0.0,1,1.3888,0.0,0
1,1.0496,-1,-0.1506,2,1.1662,0.0,0
1,1.0727,1,0.0,1,1.0884,0.0,0
2,1.1795,2,0.0,1,1.0627,0.0,0
1,1.0573,1,0.0,1,1.157,0.0,0
1,1.3569,1,0.0,0,1.3569,0.0,0
1,1.388,-1,0.2085,2,1.1795,0.0,0
1,1.0252,0,0.0,0,1.0252,0.0,0
1,1.3103,0,0.0,2,1.004,0.0,0
1,1.3414,1,0.0,1,1.3688,0.0,0
1,1.2022,1,0.0,1,1.0724,0.0,0
1,1.0544,1,0.0,1,1.1086,0.0,0
1,1.157,-1,0.0499,1,1.0573,0.0,0
1,1.3688,0,0.0275,1,1.0627,0.0,0
1,1.3103,1,0.0,1,1.388,0.0,0
2,1.1385,1,-0.114,0,1.1385,0.0002,0
2,1.1071,1,0.0499,0,1.1071,0.0001,0
3,1.0501,0,0.0012,3,1.1273,0.0,0
2,1.1107,1,0.0562,0,1.1107,0.0,0
1,1.3888,0,0.0,2,1.1086,0.0,0
1,1.042,-1,-0.0758,1,1.1936,0.0,0
2,1.2158,1,-0.153,1,1.3414,0.0,0
1,1.006,1,0.0,1,1.0021,0.0,0
2,1.0507,1,-0.0377,1,1.0727,0.0011,0
2,1.2196,0,0.0,1,1.3888,0.0,0
3,1.1273,1,-0.0389,3,1.0501,0.0,0
1,1.388,0,0.0,2,1.1795,0.0,0
2,1.1795,0,0.0,1,1.388,0.0,0
1,1.0252,1,0.0,0,1.0252,0.0,0
1,1.0021,-1,-0.0019,1,1.006,0.0,0
1,1.1086,1,0.0,1,1.3888,0.0,0
1,1.2942,1,0.0,0,1.2942,0.0,0
1,1.3569,0,0.0,0,1.3569,0.0,0
1,1.0727,0,0.0,2,1.0507,0.0,0
2,1.1373,1,0.0649,0,1.1373,0.0057,0
1,1.3744,0,0.0,0,1.3744,0.0,0
1,1.1936,1,0.0,1,1.042,0.0,0
1,1.3414,0,0.0,2,1.2158,0.0,0
2,1.1178,1,-0.0758,0,1.1178,0.0006,0
1,1.0627,-1,-0.153,1,1.3688,0.0,0
3,1.249,1,0.0695,0,1.249,0.0,0
2,1.1524,-1,0.0251,2,1.0317,0.0,0
1,1.0252,0,0.0,0,1.0252,0.0,0
2,1.0805,1,0.0078,1,1.0131,0.0025,0
1,1.0544,1,0.0,1,1.1086,0.0,0
2,1.2196,2,0.0,1,1.3888,0.0,0
1,1.1086,0,0.0,1,1.0544,0.0,0
2,1.1373,0,0.0,0,1.1373,0.0463,0
1,1.3888,-1,0.1692,2,1.2196,0.0,0
2,1.0317,-1,-0.0184,2,0.9692,0.0,0
1,1.006,1,0.0,1,1.0021,0.0,0
1,1.0131,-1,-0.0377,2,1.0805,0.0,0
1,1.3569,1,0.0,0,1.3569,0.0,0
1,1.3414,1,0.0,1,1.3688,0.0,0
1,0.9923,1,0.0,2,0.9692,0.0,0
1,1.3744,1,0.0,0,1.3744,0.0,0
1,1.0245,-1,-0.114,1,1.2525,0.0,0
1,1.1669,-1,0.0562,1,1.0544,0.0,0
1,1.2942,0,0.0,1,1.0573,0.0,0
1,1.2525,1,0.0,1,1.0245,0.0,0
1,1.3103,0,0.0,1,1.006,0.0,0
1,1.0573,1,0.0,1,1.157,0.0,0
1,1.0021,0,-0.0038,1,0.9923,0.0,0
1,0.9692,1,0.0,2,0.9923,0.0,0
1,1.3688,0,0.0275,1,1.0627,0.0,0
1,1.157,-1,0.0499,1,1.0573,0.0,0
1,1.0727,1,0.0,2,1.0507,0.0,0
3,1.0501,2,0.0578,2,1.179,0.0,0
1,1.2525,0,0.0,1,1.0245,0.0,0
1,1.0573,0,0.0,1,1.157,0.0,0
1,1.3744,0,0.0,0,1.3744,0.0,0
1,1.3103,1,0.0,1,1.388,0.0,0
1,1.0245,1,0.0,1,1.2525,0.0,0
2,1.1795,2,0.0,1,1.388,0.0,0
1,1.388,-2,0.139,2,1.1795,0.0,0
1,1.042,-1,-0.0758,1,1.1936,0.0,0
1,1.1086,1,0.0,1,1.3888,0.0,0
2,1.179,0,0.1472,3,1.0496,0.0,0
1,1.2942,1,0.0,1,1.0496,0.0,0
1,1.3888,0,0.0,2,1.1086,0.0,0
2,1.004,1,-0.0019,0,1.004,0.0,0
1,1.2022,-1,0.0649,1,1.0724,0.0,0
1,1.157,0,0.0,1,1.0573,0.0,0
1,1.0678,1,0.0,0,1.0678,0.0,0
2,1.2196,0,0.0,1,1.3888,0.0,0
2,1.1107,1,0.0562,0,1.1107,0.0,0
2,1.2158,1,-0.153,1,1.3414,0.0,0
2,1.0507,0,-0.0298,1,1.0727,0.0074,0
1,1.0724,1,0.0,1,1.2022,0.0,0
1,1.3414,0,0.0,2,1.2158,0.0,0
1,1.3569,1,0.0,0,1.3569,0.0,0
1,1.0252,1,0.0,0,1.0252,0.0,0
1,1.1936,1,0.0,1,1.042,0.0,0
1,1.0496,-1,-0.1028,2,1.179,0.0,0
1,1.3103,0,0.0,1,1.006,0.0,0
2,1.1071,1,0.0499,0,1.1071,0.0,0
3,1.249,1,0.0695,0,1.249,0.0,0
1,1.3569,1,0.0,0,1.3569,0.0,0
2,1.1373,1,0.0649,0,1.1373,0.0007,0
1,1.3414,1,0.0,1,1.3688,0.0,0
1,1.3688,0,0.0275,1,1.0627,0.0,0
2,1.1178,1,-0.0758,0,1.1178,0.0001,0
1,1.3888,-1,0.1692,2,1.2196,0.0,0
1,1.0245,0,-0.2281,1,1.2525,0.0,0
1,1.1669,-1,0.0562,1,1.0544,0.0,0
2,1.0661,-1,0.016,2,0.9816,0.0,0
1,1.0544,1,0.0,1,1.1086,0.0,0
1,0.9816,1,0.0,2,0.9923,0.0,0
1,1.0252,0,0.0,0,1.0252,0.0,0
1,1.0727,0,0.0,2,1.0507,0.0,0
1,1.2942,0,0.0,0,1.2942,0.0,0
2,1.2196,2,0.0,1,1.3888,0.0,0
1,1.2525,1,0.0,1,1.0245,0.0,0
1,1.006,1,0.0,1,1.0021,0.0,0
1,1.0627,-1,-0.153,1,1.3688,0.0,0
1,1.3744,1,0.0,0,1.3744,0.0,0
2,1.0507,0,0.0,1,1.0727,0.0001,0
2,1.2002,0,0.0212,2,0.9816,0.0,0
1,1.1086,0,0.0,1,1.0544,0.0,0
1,0.9923,1,0.0,2,0.9816,0.0,0
1,1.0021,-1,-0.0019,1,0.9923,0.0,0
1,1.0678,0,0.0,0,1.0678,0.0,0
1,1.2022,-1,0.0649,1,1.0724,0.0,0
1,1.1086,0,0.0,2,1.1107,0.0,0
1,1.0627,0,0.0,2,1.1795,0.0,0
1,1.0496,-1,-0.1506,2,1.1662,0.0,0
1,1.0573,1,0.0,1,1.157,0.0,0
1,1.0131,-1,-0.0377,1,1.0884,0.0,0
1,1.0884,0,0.0157,1,1.0131,0.0,0
3,1.023,2,0.0306,2,1.1662,0.0,0
1,1.3414,0,0.0,1,1.3688,0.0,0
2,1.1795,2,0.0,1,1.0627,0.0,0
1,1.0678,1,0.0,0,1.0678,0.0,0
1,1.0245,0,0.0,0,1.0245,0.0,0
2,1.1662,0,0.1001,3,1.023,0.0,0
1,1.3744,0,0.0,0,1.3744,0.0,0
1,1.3569,1,0.0,0,1.3569,0.0,0
1,1.3688,0,0.0,1,1.0627,0.0,0
2,1.1107,1,0.0562,1,1.1086,0.0,0
1,1.223,1,0.0,0,1.223,0.0,0
1,1.388,-2,0.139,2,1.1795,0.0,0
1,1.0724,1,0.0,1,1.2022,0.0,0
1,1.3103,1,0.0,1,1.388,0.0,0
1,1.157,-1,0.0499,1,1.0573,0.0,0
2,1.2196,0,0.0,1,1.3888,0.0,0
2,1.004,1,-0.0019,0,1.004,0.0,0
1,1.0252,0,0.0,0,1.0252,0.0,0
1,1.0727,1,0.0,1,1.0884,0.0,0
1,1.1936,1,0.0,1,1.042,0.0,0
1,1.3888,0,0.0,2,1.2196,0.0,0
1,1.042,-1,-0.0758,1,1.1936,0.0,0
1,1.2525,1,0.0,0,1.2525,0.0,0
1,1.2942,1,0.0,1,1.0496,0.0,0
1,0.9561,-1,-0.2101,2,1.0496,0.0,0
2,1.1107,0,0.0,0,1.1107,0.0002,0
1,1.1086,1,0.0,0,1.1086,0.0,0
2,1.0805,1,0.0078,1,1.0131,0.1476,0
1,1.0252,1,0.0,0,1.0252,0.0,0
1,1.3688,0,0.0275,1,1.0627,0.0,0
2,1.0647,2,0.0,2,0.9561,0.0,0
1,1.223,1,0.0,0,1.223,0.0,0
2,1.2866,0,0.067,1,1.2547,0.0,0
1,1.0627,0,-0.3061,1,1.3688,0.0,0
1,1.2942,0,0.0,0,1.2942,0.0,0
2,1.1071,1,0.0499,0,1.1071,0.0,0
1,1.3684,1,0.0,1,1.0678,0.0,0
1,1.0678,0,0.0,1,1.3684,0.0,0
2,1.1178,1,-0.0758,0,1.1178,0.0,0
3,1.249,1,0.0695,0,1.249,0.0,0
1,1.0724,1,0.0,1,1.2022,0.0,0
2,1.004,0,0.0,0,1.004,0.0,0
1,1.2525,0,0.0,0,1.2525,0.0,0
1,1.3569,0,0.0,0,1.3569,0.0,0
2,1.1252,-1,0.1022,2,0.9561,0.0,0
1,1.2547,1,0.0,2,1.2866,0.0,0
1,1.3414,1,0.0,1,1.3688,0.0,0
1,1.2022,0,0.1299,1,1.0724,0.0,0
1,1.0496,1,0.0,2,0.9561,0.0,0
1,1.0131,0,-0.0753,2,1.0805,0.0,0
1,1.3744,1,0.0,0,1.3744,0.0,0
1,1.3103,0,0.0,0,1.3103,0.0,0
1,1.0245,0,0.0,0,1.0245,0.0,0
1,1.0627,0,0.0,0,1.0627,0.0,0
1,1.0021,-1,-0.0019,3,1.006,0.0,0
2,1.1178,0,0.0,0,1.1178,0.0,0
1,1.2525,0,0.0,1,1.0245,0.0,0
1,1.0131,0,0.0,2,1.0805,0.0,0
1,1.3414,1,0.0,1,1.3688,0.0,0
2,1.2196,1,-0.0351,1,1.3888,0.0,0
2,1.0738,0,-0.0514,3,1.023,0.0,0
1,1.3888,-1,0.1022,2,1.2196,0.0,0
3,1.249,0,-0.0,1,1.3103,0.0,0
1,1.2942,0,0.0,0,1.2942,0.0,0
1,1.119,1,0.0,0,1.119,0.0,0
1,1.2022,0,0.1299,1,1.0724,0.0,0
1,1.1086,0,0.0,2,1.1107,0.0,0
1,1.3103,1,0.0,3,1.249,0.0,0
2,1.1071,0,0.0,0,1.1071,0.0,0
1,1.0724,1,0.0,1,1.2022,0.0,0
2,1.0805,0,0.0,1,1.0131,0.0859,0
1,1.3569,0,0.0,0,1.3569,0.0,0
1,1.3744,0,0.0,0,1.3744,0.0,0
2,1.1107,2,0.0,1,1.1086,0.0002,0
1,1.0496,0,0.0935,2,1.0738,0.0,0
1,1.223,0,0.0,0,1.223,0.0,0
1,1.006,1,0.0,1,1.0021,0.0,0
1,1.3688,0,0.0275,1,1.3414,0.0,0
3,1.023,3,0.0,2,1.0021,0.0,0
1,1.0678,1,0.0,0,1.0678,0.0,0
1,1.3684,0,0.0,0,1.3684,0.0,0
1,1.0252,0,0.0,0,1.0252,0.0,0
1,1.0245,1,0.0,1,1.2525,0.0,0
2,1.004,1,-0.0019,0,1.004,0.0,0
1,1.0627,0,0.0,3,1.249,0.0,0
1,1.2525,1,0.0,0,1.2525,0.0,0
3,1.276,1,0.0564,0,1.276,0.0,0
2,1.1373,1,0.0649,0,1.1373,0.0,0
1,1.2942,1,0.0,0,1.2942,0.0,0
1,1.3569,1,0.0,0,1.3569,0.0,0
2,1.1107,0,0.0,0,1.1107,0.0,0
1,1.3103,0,0.0,0,1.3103,0.0,0
1,1.3744,1,0.0,0,1.3744,0.0,0
1,1.3688,0,0.0,1,1.3414,0.0,0
2,1.0997,1,-0.0193,0,1.0997,0.0363,0
1,1.0678,0,0.0,1,1.3684,0.0,0
2,1.0507,0,-0.0298,1,1.0727,0.1947,0
1,1.3414,1,0.0,1,1.3688,0.0,0
1,1.0727,1,0.0,2,1.0507,0.0,0
4,1.0796,1,0.0566,2,1.0284,0.0,0
1,1.223,1,0.0,0,1.223,0.0,0
3,1.249,3,0.0,1,1.0627,0.0,0
1,1.1936,1,0.0,1,1.042,0.0,0
1,1.3684,1,0.0,1,1.0678,0.0,0
1,1.0252,1,0.0,0,1.0252,0.0,0
1,1.0245,0,0.0,0,1.0245,0.0,0
1,1.0573,1,0.0,1,1.157,0.0,0
1,1.1086,1,0.0,0,1.1086,0.0,0
1,1.157,-1,0.0499,1,1.0573,0.0,0
2,1.0284,0,-0.0454,4,1.0796,0.0,0
1,1.042,-1,-0.0758,1,1.1936,0.0,0
1,1.3744,1,0.0,0,1.3744,0.0,0
2,1.0933,-2,0.0138,2,0.9561,0.0,0
1,1.3888,-2,0.1128,2,1.2196,0.0,0
2,1.004,0,0.0,2,1.0647,0.0,0
1,1.2022,-1,0.0649,1,1.0724,0.0,0
2,1.2181,1,0.1503,0,1.2181,0.0069,0
2,1.2196,2,0.0,1,1.3888,0.0,0
2,1.1071,1,0.0499,0,1.1071,0.0,0
3,1.249,0,0.0,1,1.3103,0.0,0
1,1.3414,1,0.0,1,1.3569,0.0,0
2,1.1107,0,0.0,0,1.1107,0.0258,0
1,1.3688,0,0.0275,1,1.3414,0.0,0
1,1.0245,1,0.0,1,1.2525,0.0,0
1,1.0724,1,0.0,1,1.2022,0.0,0
1,1.2525,0,0.0,1,1.0245,0.0,0
1,0.9561,1,0.0,2,1.0496,0.0,0
2,1.0647,2,0.0,2,1.004,0.0,0
1,1.0727,0,0.0,2,1.0507,0.0,0
1,1.3569,0,0.0,1,1.3414,0.0,0
2,1.0507,0,0.0,1,1.0727,0.0157,0
1,1.1086,0,0.0,0,1.1086,0.0,0
2,1.1178,1,-0.0758,0,1.1178,0.0,0
1,1.2942,0,0.0,0,1.2942,0.0,0
1,1.3103,1,0.0,3,1.249,0.0,0
1,1.223,0,0.0,0,1.223,0.0,0
2,1.0997,2,0.0,0,1.0997,0.0002,0
1,1.0496,-1,0.0212,2,0.9561,0.0,0
1,1.0252,0,0.0,0,1.0252,0.0,0
1,1.0627,1,0.0,0,1.0627,0.0,0
1,1.0496,0,0.0935,2,1.1377,0.0,0
2,1.1107,2,0.0,0,1.1107,0.0034,0
1,1.0884,0,0.0157,1,1.0131,0.0,0
3,1.249,3,0.0,1,1.0627,0.0,0
1,1.1086,1,0.0,0,1.1086,0.0,0
1,1.3569,1,0.0,0,1.3569,0.0,0
1,1.157,-1,0.0499,1,1.0573,0.0,0
1,1.0627,0,0.0,3,1.249,0.0,0
1,1.223,1,0.0,0,1.223,0.0,0
1,1.042,-1,-0.0758,1,1.1936,0.0,0
1,1.006,1,0.0,1,1.0021,0.0,0
1,1.3684,-1,0.1503,1,1.0678,0.0,0
3,1.276,1,0.0564,0,1.276,0.0,0
1,1.0573,1,0.0,1,1.157,0.0,0
1,1.3103,0,0.0,0,1.3103,0.0,0
1,1.3688,0,0.0,1,1.3414,0.0,0
2,1.0997,0,0.0,0,1.0997,0.0001,0
2,1.1373,1,0.0649,0,1.1373,0.0,0
1,1.0021,-1,-0.0019,3,1.006,0.0,0
3,1.0328,1,-0.0318,2,1.0021,0.0,0
1,1.1649,1,0.0,0,1.1649,0.0,0
1,1.3744,0,0.0,0,1.3744,0.0,0
1,1.1936,1,0.0,1,1.042,0.0,0
1,1.0245,0,0.0,0,1.0245,0.0,0
1,1.0678,1,0.0,1,1.3684,0.0,0
1,1.2942,1,0.0,1,1.0496,0.0,0
2,1.1377,0,0.0444,3,1.0328,0.0,0
1,1.0727,1,0.0,1,1.0884,0.0,0
1,1.0252,0,0.0,0,1.0252,0.0,0
1,1.3414,0,0.0,1,1.3688,0.0,0
1,1.2525,1,0.0,0,1.2525,0.0,0
1,1.0131,-1,-0.0377,1,1.0884,0.0,0
2,1.2196,2,0.0,1,1.3888,0.0,0
2,1.0507,1,-0.0377,1,1.0727,0.0,0
1,1.3569,0,0.0,0,1.3569,0.0,0
1,1.2525,0,0.0,0,1.2525,0.0,0
2,1.0028,0,-0.1348,4,1.0725,0.0,0
2,1.1107,0,0.0,0,1.1107,0.0008,0
1,1.1649,0,0.0,1,1.3303,0.0,0
2,1.004,1,-0.0019,0,1.004,0.0,0
2,1.3551,1,0.0137,0,1.3551,0.0,0
1,1.3103,0,0.0,0,1.3103,0.0,0
1,1.0727,0,0.0,2,1.0507,0.0,0
4,1.0725,1,0.0397,2,1.0028,0.0,0
2,1.1373,0,0.0,0,1.1373,0.0,0
1,1.042,0,-0.1516,1,1.1936,0.0,0
1,1.2942,0,0.0,0,1.2942,0.0,0
3,1.249,0,-0.0,0,1.249,0.0,0
1,1.0252,1,0.0,0,1.0252,0.0,0
1,1.0245,0,0.0,0,1.0245,0.0,0
1,1.223,0,0.0,0,1.223,0.0,0
1,1.119,1,0.0,1,1.0804,0.0,0
1,1.0804,-1,-0.0193,1,1.119,0.0,0
1,1.3303,1,0.0,1,1.1649,0.0,0
2,1.1071,1,0.0499,0,1.1071,0.0,0
2,1.2181,1,0.1503,0,1.2181,0.0002,0
1,1.1936,1,0.0,1,1.042,0.0,0
1,1.1086,0,0.0,0,1.1086,0.0,0
1,1.3744,1,0.0,0,1.3744,0.0,0
1,1.0627,1,0.0,0,1.0627,0.0,0
1,1.3888,-2,0.1128,2,1.2196,0.0,0
3,1.0474,-1,-0.0251,2,1.0496,0.0,0
2,1.1373,2,0.0,0,1.1373,0.0,0
3,1.276,1,0.0564,0,1.276,0.0,0
1,1.3414,1,0.0,1,1.3688,0.0,0
2,1.0997,1,-0.0193,0,1.0997,0.0,0
1,1.0496,-1,0.0468,3,1.0474,0.0,0
2,1.0517,2,0.0,3,1.004,0.0,0
1,1.3684,-1,0.1503,1,1.0678,0.0,0
1,1.042,0,0.0,1,1.1936,0.0,0
2,1.004,0,0.0,2,1.0517,0.0,0
1,1.0131,-1,-0.0377,2,1.0805,0.0,0
1,1.0627,1,0.0,1,1.388,0.0,0
1,1.3688,-1,0.0137,1,1.3414,0.0,0
2,1.1071,0,0.0,0,1.1071,0.0,0
1,1.223,0,0.0,0,1.223,0.0,0
2,1.2476,1,0.0827,0,1.2476,0.001,0
1,1.1086,0,0.0,2,1.1669,0.0,0
1,1.1669,1,0.0,1,1.0544,0.0,0
1,1.1936,0,0.0,1,1.042,0.0,0
1,1.0544,-1,-0.0562,1,1.1669,0.0,0
1,1.388,1,0.0,2,1.0627,0.0,0
1,1.3103,1,0.0,0,1.3103,0.0,0
1,1.2525,1,0.0,0,1.2525,0.0,0
2,1.1795,2,0.0,1,1.1086,0.0,0
1,1.3744,0,0.0,0,1.3744,0.0,0
2,1.0805,1,0.0078,1,1.0131,0.002,0
1,1.0245,1,0.0,0,1.0245,0.0,0
1,1.0678,1,0.0,1,1.3684,0.0,0
1,1.3569,1,0.0,0,1.3569,0.0,0
1,1.2942,1,0.0,1,1.0496,0.0,0
1,1.0252,0,0.0,0,1.0252,0.0,0
3,1.249,2,-0.139,0,1.249,0.0,0
1,1.0021,-1,-0.0019,4,1.006,0.0,0
4,1.0799,2,0.0282,2,1.0021,0.0,0
1,1.0252,1,0.0,0,1.0252,0.0,0
1,1.0573,1,0.0,1,1.157,0.0,0
1,1.157,-1,0.0499,1,1.0573,0.0,0
2,1.1373,0,0.0,0,1.1373,0.0,0
1,1.1649,1,0.0,1,1.3303,0.0,0
1,1.3303,-1,0.0827,1,1.1649,0.0,0
2,1.0997,0,0.0,1,1.2233,0.0,0
2,1.0284,-1,-0.0191,4,1.0799,0.0,0
1,1.006,1,0.0,1,1.0021,0.0,0
2,1.2181,1,0.1503,0,1.2181,0.0,0
1,1.223,1,0.0,0,1.223,0.0,0
1,1.2233,1,0.0,2,1.0997,0.0,0
1,1.0245,0,0.0,0,1.0245,0.0,0
2,1.3551,1,0.0137,0,1.3551,0.0,0
2,1.1178,1,-0.0758,0,1.1178,0.0275,0
1,1.3744,1,0.0,0,1.3744,0.0,0
2,1.2866,-1,0.0106,1,1.2547,0.0,0
1,1.2942,1,0.0,0,1.2942,0.0,0
1,1.0727,1,0.0,1,1.0884,0.0,0
1,1.0131,0,0.0,1,1.0884,0.0,0
1,1.1086,1,0.0,0,1.1086,0.0,0
2,1.1107,1,-0.0562,0,1.1107,0.0001,0
1,1.0627,1,0.0,0,1.0627,0.0,0
1,1.3569,0,0.0,0,1.3569,0.0,0
1,1.2547,1,0.0,2,1.2866,0.0,0
1,1.0884,-1,0.0078,1,1.0131,0.0,0
1,1.3103,0,0.0,0,1.3103,0.0,0
1,1.2525,1,0.0,0,1.2525,0.0,0
2,1.0156,0,-0.0128,3,1.051,0.0,0
3,1.276,2,0.0213,0,1.276,0.0,0
3,1.051,-1,-0.0289,2,1.0156,0.0,0
1,1.2942,1,0.0,2,1.0156,0.0,0
1,1.1936,1,0.0,1,1.042,0.0,0
1,1.2525,1,0.0,0,1.2525,0.0,0
3,1.2163,3,0.0,1,1.0627,0.0,0
2,1.1373,2,0.0,0,1.1373,0.0,0
1,1.119,1,0.0,1,1.0804,0.0,0
2,1.2476,1,0.0827,0,1.2476,0.0363,0
1,1.3684,-1,0.1503,1,1.0678,0.0,0
1,1.0727,0,0.0,2,1.0507,0.0,0
1,1.3744,0,0.0,0,1.3744,0.0,0
1,1.137,0,0.1348,3,0.9686,0.0,0
1,1.042,-1,-0.0758,1,1.1936,0.0,0
2,0.9686,1,-0.0374,1,1.137,0.0,0
1,1.0252,0,0.0,0,1.0252,0.0,0
2,1.1107,0,0.0,0,1.1107,0.0001,0
1,1.0245,1,0.0,0,1.0245,0.0,0
2,1.0507,1,-0.0377,1,1.0727,0.0049,0
1,1.3688,-1,0.0137,1,1.3414,0.0,0
1,1.2233,0,0.0,1,1.0804,0.0,0
2,1.1071,1,0.0499,0,1.1071,0.0,0
1,1.0678,1,0.0,1,1.3684,0.0,0
1,1.0627,0,0.0,3,1.2163,0.0,0
1,1.3569,1,0.0,0,1.3569,0.0,0
1,1.0804,-1,-0.0193,1,1.119,0.0,0
1,1.3103,1,0.0,0,1.3103,0.0,0
1,1.1086,0,0.0,3,1.2163,0.0,0
1,1.3414,1,0.0,1,1.3688,0.0,0
1,1.223,0,0.0,0,1.223,0.0,0
2,1.2866,-1,0.0106,1,1.2547,0.0,0
2,1.1107,2,0.0,0,1.1107,0.0,0
1,1.1086,1,0.0,2,1.0627,0.0,0
1,1.3744,1,0.0,0,1.3744,0.0,0
1,1.2898,1,0.0,2,1.0627,0.0,0
2,1.3551,1,0.0137,0,1.3551,0.0,0
1,1.3103,0,0.0,0,1.3103,0.0,0
3,1.1176,2,-0.0194,2,0.9884,0.0,0
2,1.1719,0,0.1563,2,0.9884,0.0,0
1,1.0884,0,0.0157,1,1.0131,0.0,0
1,1.0252,1,0.0,0,1.0252,0.0,0
1,1.1649,1,0.0,1,1.3303,0.0,0
2,1.004,0,0.0354,3,1.1176,0.0,0
2,1.1071,0,0.0,0,1.1071,0.0,0
1,1.042,0,0.0,1,1.1936,0.0,0
2,0.9884,-1,-0.0626,3,1.1176,0.0,0
1,1.2233,0,0.0,0,1.2233,0.0,0
2,1.0997,1,-0.0193,0,1.0997,0.0,0
1,1.1936,0,0.0,1,1.042,0.0,0
1,1.223,1,0.0,0,1.223,0.0,0
2,1.1379,-1,-0.0784,1,1.0627,0.0,0
1,1.3569,0,0.0,0,1.3569,0.0,0
2,1.1373,0,0.0,0,1.1373,0.0,0
1,1.3303,-1,0.0827,1,1.1649,0.0,0
1,1.0627,0,0.0,2,1.1086,0.0,0
1,1.3684,0,0.3007,1,1.0678,0.0,0
1,1.0245,0,0.0,0,1.0245,0.0,0
1,1.0131,-1,-0.0377,1,1.0884,0.0,0
1,1.0727,1,0.0,1,1.0884,0.0,0
1,1.2547,1,0.0,2,1.2866,0.0,0
1,1.2525,0,0.0,0,1.2525,0.0,0
1,1.0678,1,0.0,1,1.3684,0.0,0
1,1.2233,1,0.0,1,1.0804,0.0,0
2,1.1379,1,-0.1519,1,1.2898,0.0,0
1,1.3744,0,0.0,0,1.3744,0.0,0
1,1.0678,0,0.0,1,1.3684,0.0,0
1,1.0727,0,0.0,2,1.0507,0.0,0
1,1.2942,-1,0.1223,2,0.9785,0.0,0
2,1.2866,1,0.0319,1,1.2547,0.0,0
1,1.119,1,0.0,1,1.0804,0.0,0
2,1.0507,1,-0.0377,1,1.0727,0.0002,0
2,0.9785,0,-0.0099,4,1.0735,0.0,0
1,1.1086,0,0.0,1,1.2898,0.0,0
1,1.3569,1,0.0,0,1.3569,0.0,0
1,1.0804,-1,-0.0193,1,1.119,0.0,0
4,1.0735,1,-0.0441,2,0.9785,0.0,0
1,1.3414,1,0.0,1,1.3688,0.0,0
1,1.2898,0,0.2271,2,1.0627,0.0,0
2,1.1107,0,0.0,0,1.1107,0.0,0
1,1.223,1,0.0,0,1.223,0.0,0
2,1.1071,2,0.0,0,1.1071,0.0,0
1,1.0627,1,0.0,1,1.2898,0.0,0
1,1.0021,-1,-0.0019,4,1.006,0.0,0
1,1.3103,1,0.0,2,1.1379,0.0,0
1,1.1649,0,0.0,1,1.3303,0.0,0
1,1.1936,1,0.0,1,1.042,0.0,0
1,1.0252,0,0.0,0,1.0252,0.0,0
1,1.2022,1,0.0,1,1.0724,0.0,0
1,1.2547,1,0.0,2,1.2866,0.0,0
1,1.0724,-1,-0.0649,1,1.2022,0.0,0
1,1.3688,-1,0.0137,1,1.3414,0.0,0
1,1.042,0,-0.1516,1,1.1936,0.0,0
1,1.3684,0,0.0,1,1.0678,0.0,0
1,1.2525,1,0.0,0,1.2525,0.0,0
1,1.006,1,0.0,1,1.0021,0.0,0
1,1.0245,0,0.0,0,1.0245,0.0,0
1,1.3303,1,0.0,1,1.1649,0.0,0
1,1.0884,0,0.0157,1,1.0131,0.0,0
2,1.2254,1,0.1626,2,1.1377,0.0,0
1,1.137,0,0.1348,3,0.9568,0.0,0
1,1.1936,0,0.0,1,1.042,0.0,0
1,1.2525,0,0.0,0,1.2525,0.0,0
2,1.0997,1,-0.0193,0,1.0997,0.0,0
2,1.3551,1,0.0137,0,1.3551,0.0,0
1,1.2547,1,0.0,2,1.2866,0.0,0
3,1.0703,-1,-0.0032,2,1.0296,0.0,0
2,1.1377,1,-0.1521,2,1.1086,0.0,0
2,1.2181,2,0.0,0,1.2181,0.0602,0
1,1.3103,0,0.0,0,1.3103,0.0,0
1,1.1086,0,0.0,2,1.1377,0.0,0
2,1.1373,1,-0.0649,0,1.1373,0.0,0
1,1.2233,0,0.0,0,1.2233,0.0,0
2,1.2866,1,0.0319,1,1.2547,0.0,0
1,1.3744,1,0.0,0,1.3744,0.0,0
1,1.0727,1,0.0,1,1.0884,0.0,0
1,1.0131,-1,-0.0377,1,1.0884,0.0,0
1,1.3711,1,0.0,0,1.3711,0.0,0
1,1.0252,0,0.0,0,1.0252,0.0,0
2,1.1071,0,0.0,0,1.1071,0.0,0
2,0.9568,1,-0.0492,1,1.137,0.0,0
1,1.3569,0,0.0,0,1.3569,0.0,0
1,1.3303,0,0.0,1,1.1649,0.0,0
1,1.223,0,0.0,0,1.223,0.0,0
1,1.042,0,0.0,1,1.1936,0.0,0
1,1.1669,1,0.0,1,1.0544,0.0,0
1,1.2942,0,0.0,2,1.0296,0.0,0
1,1.0544,-1,-0.0562,1,1.1669,0.0,0
1,1.0245,1,0.0,0,1.0245,0.0,0
2,1.0296,0,0.0511,3,1.0703,0.0,0
1,1.1649,1,0.0,1,1.3303,0.0,0
2,1.1107,1,-0.0562,0,1.1107,0.0,0
2,0.9756,-1,-0.0947,3,1.1089,0.0,0
1,1.2525,1,0.0,0,1.2525,0.0,0
1,1.1649,0,0.0,1,1.3303,0.0,0
1,1.0627,1,0.0,1,1.2898,0.0,0
1,1.042,0,0.0,1,1.1936,0.0,0
3,1.1089,2,-0.028,2,0.9686,0.0,0
1,1.0678,1,0.0,1,1.3684,0.0,0
2,1.1373,0,0.0,0,1.1373,0.0001,0
1,1.2233,1,0.0,2,1.0997,0.0,0
2,1.1348,0,0.1052,2,0.9756,0.0,0
1,1.0252,1,0.0,0,1.0252,0.0,0
2,0.9686,0,0.0118,3,1.1089,0.0,0
1,1.2898,-1,0.0644,2,1.0627,0.0,0
1,1.1086,1,0.0,2,1.1795,0.0,0
2,1.1795,0,0.0418,1,1.1086,0.0,0
3,1.276,2,0.0213,0,1.276,0.0,0
1,1.32,1,0.0,0,1.32,0.0,0
2,1.0997,0,0.0,1,1.2233,0.0,0
1,1.0884,0,0.0,1,1.0131,0.0,0
1,1.3711,1,0.0,0,1.3711,0.0,0
1,1.3684,-1,0.1503,1,1.0678,0.0,0
1,1.223,0,0.0,0,1.223,0.0,0
1,1.0727,0,0.0,1,1.0884,0.0,0
2,1.1071,2,0.0,0,1.1071,0.0,0
1,1.3569,1,0.0,0,1.3569,0.0,0
1,1.1936,0,0.0,1,1.042,0.0,0
1,1.3688,-1,0.0137,1,1.3414,0.0,0
1,1.3103,1,0.0,2,1.1795,0.0,0
1,1.0245,0,0.0,0,1.0245,0.0,0
1,1.3414,1,0.0,1,1.3688,0.0,0
1,1.3744,0,0.0,0,1.3744,0.0,0
1,1.3303,1,0.0,1,1.1649,0.0,0
1,1.0131,0,0.0,1,1.0884,0.0,0
1,1.3103,1,0.0,0,1.3103,0.0,0
1,1.3684,1,0.0,1,1.0678,0.0,0
1,1.0131,0,-0.0753,2,1.0805,0.0,0
3,1.1607,2,-0.1292,1,1.0627,0.0,0
1,1.3569,0,0.0,0,1.3569,0.0,0
2,1.1373,2,0.0,0,1.1373,0.0013,0
3,1.0703,0,-0.0387,2,1.0489,0.0,0
2,1.1107,0,0.0,0,1.1107,0.0,0
1,1.0245,1,0.0,0,1.0245,0.0,0
1,1.2942,-1,0.1594,2,1.0667,0.0,0
1,1.3888,1,0.0,1,1.1844,0.0,0
1,1.3303,0,0.0,1,1.1649,0.0,0
1,1.1936,1,0.0,1,1.042,0.0,0
1,1.157,1,0.0,1,1.0573,0.0,0
1,1.1649,1,0.0,1,1.3303,0.0,0
1,1.006,1,0.0,2,1.0489,0.0,0
2,1.0805,1,0.0078,1,1.0131,0.0049,0
1,1.3688,0,0.0,1,1.3414,0.0,0
1,1.0252,0,0.0,0,1.0252,0.0,0
1,1.3414,0,0.0,1,1.3688,0.0,0
1,1.0627,0,0.0,3,1.1607,0.0,0
1,1.3744,1,0.0,0,1.3744,0.0,0
2,1.1778,1,-0.1422,0,1.1778,0.0026,0
2,1.0489,0,0.0803,3,1.006,0.0,0
1,1.0804,-1,-0.0193,1,1.119,0.0,0
1,1.119,1,0.0,1,1.0804,0.0,0
1,1.0573,-1,-0.0499,1,1.157,0.0,0
1,1.223,1,0.0,0,1.223,0.0,0
1,1.042,0,-0.1516,1,1.1936,0.0,0
1,1.0678,0,0.0,1,1.3684,0.0,0
1,1.2233,0,0.0,1,1.0804,0.0,0
2,1.0667,0,0.0911,3,1.0703,0.0,0
1,1.2547,1,0.0,1,1.1844,0.0,0
1,1.1086,0,0.0,3,1.1607,0.0,0
1,1.3711,0,0.0,0,1.3711,0.0,0
1,1.1844,-2,-0.0916,1,1.2547,0.0,0
1,1.2525,0,0.0,0,1.2525,0.0,0
2,1.1763,1,0.1135,2,1.1795,0.0,0
1,1.32,1,0.0,1,1.0356,0.0,0
1,1.0724,-1,-0.0649,1,1.2022,0.0,0
2,1.2181,1,-0.1503,0,1.2181,0.0375,0
2,1.0997,1,-0.0193,1,1.2233,0.0,0
1,1.0727,1,0.0,1,1.0884,0.0,0
1,1.0356,-1,-0.1422,1,1.32,0.0,0
1,1.3744,0,0.0,0,1.3744,0.0,0
1,1.2022,1,0.0,1,1.0724,0.0,0
2,1.1961,0,0.1472,2,0.9679,0.0,0
3,1.0922,1,0.0255,2,0.9679,0.0,0
2,1.1071,2,0.0,0,1.1071,0.0,0
1,1.3688,0,0.0275,1,1.3414,0.0,0
1,1.0245,0,0.0,0,1.0245,0.0,0
1,1.1936,0,0.0,1,1.042,0.0,0
1,1.0252,0,0.0,0,1.0252,0.0,0
3,1.276,2,0.0213,0,1.276,0.0,0
1,1.3569,1,0.0,0,1.3569,0.0,0
1,1.0884,-1,0.0078,1,1.0131,0.0,0
1,1.3711,1,0.0,0,1.3711,0.0,0
2,1.004,1,-0.0019,2,1.1961,0.0,0
1,1.0131,0,0.0,1,1.0884,0.0,0
2,1.1795,-1,0.0189,2,1.1763,0.0,0
1,1.2525,1,0.0,0,1.2525,0.0,0
1,1.2233,0,0.1429,2,1.0997,0.0,0
1,1.042,0,0.0,1,1.1936,0.0,0
1,1.3103,1,0.0,2,1.1795,0.0,0
1,1.0544,-1,-0.0562,1,1.1669,0.0,0
2,0.9679,-1,-0.1024,3,1.0922,0.0,0
1,1.3303,1,0.0,1,1.1649,0.0,0
1,1.1086,1,0.0,1,1.1669,0.0,0
1,1.223,0,0.0,0,1.223,0.0,0
1,1.1649,0,0.0,1,1.3303,0.0,0
1,1.3414,1,0.0,1,1.3688,0.0,0
1,1.1669,1,0.0,1,1.0544,0.0,0
2,1.1071,0,0.0,0,1.1071,0.0,0
1,1.0727,0,0.0,2,1.0507,0.0,0
2,1.1107,1,-0.0562,0,1.1107,0.0,0
3,1.1885,1,0.0123,1,0.9876,0.0,0
1,1.3103,0,0.0,0,1.3103,0.0,0
1,1.1649,0,0.0,1,1.3303,0.0,0
1,1.223,1,0.0,0,1.223,0.0,0
1,1.042,0,0.0,0,1.042,0.0,0
3,1.1176,1,-0.0785,2,0.933,0.0,0
1,1.2547,1,0.0,2,1.2866,0.0,0
1,1.3414,0,0.0,1,1.3688,0.0,0
1,1.1936,1,0.0,0,1.1936,0.0,0
2,0.933,0,-0.071,3,1.1176,0.0,0
2,1.1373,2,0.0,0,1.1373,0.0393,0
1,0.9876,1,0.0,3,1.1885,0.0,0
1,1.3688,0,0.0,1,1.3414,0.0,0
1,1.3303,1,0.0,1,1.1649,0.0,0
1,1.2525,0,0.0,0,1.2525,0.0,0
2,1.2866,-1,0.0106,1,1.2547,0.0,0
1,1.0678,-1,-0.1503,1,1.3684,0.0,0
2,1.1348,-1,0.0425,2,0.9882,0.0,0
2,0.9882,0,0.0203,3,1.1176,0.0,0
1,1.3711,0,0.0,0,1.3711,0.0,0
1,1.0356,0,0.0,1,1.32,0.0,0
1,1.3569,1,0.0,0,1.3569,0.0,0
1,1.0245,1,0.0,0,1.0245,0.0,0
1,1.0252,1,0.0,0,1.0252,0.0,0
1,1.3684,1,0.0,1,1.0678,0.0,0
1,1.32,0,0.0,1,1.0356,0.0,0
2,1.0507,1,-0.0377,1,1.0727,0.0032,0
1,1.1086,1,0.0,3,1.1885,0.0,0
1,1.2233,0,0.0,2,1.0997,0.0,0
2,1.0997,0,0.0,1,1.2233,0.0,0
1,1.3744,1,0.0,0,1.3744,0.0,0
1,1.2525,1,0.0,0,1.2525,0.0,0
3,1.0703,0,-0.0473,3,1.0223,0.0,0
1,1.0804,-1,-0.0193,1,1.119,0.0,0
1,1.3414,1,0.0,1,1.3688,0.0,0
2,1.1763,1,0.1887,2,1.1795,0.0,0
3,1.276,2,0.0213,0,1.276,0.0,0
2,1.2476,1,-0.0827,0,1.2476,0.0327,0
2,1.0223,0,0.0893,3,0.9348,0.0,0
3,1.0922,1,0.104,3,1.0703,0.0,0
1,1.2233,0,0.0,1,1.0804,0.0,0
1,1.119,1,0.0,1,1.0804,0.0,0
1,1.3103,1,0.0,2,1.1795,0.0,0
1,1.157,1,0.0,1,1.0573,0.0,0
1,1.1669,1,0.0,1,1.0544,0.0,0
2,1.2181,1,-0.1503,0,1.2181,0.0009,0
1,1.3569,1,0.0,0,1.3569,0.0,0
1,1.0884,0,0.0157,1,1.0131,0.0,0
1,1.3744,0,0.0,0,1.3744,0.0,0
1,1.0544,-1,-0.0562,1,1.1669,0.0,0
1,1.1086,1,0.0,1,1.1669,0.0,0
1,1.223,0,0.0,0,1.223,0.0,0
2,1.1795,-1,-0.009,2,1.1763,0.0,0
1,1.0727,1,0.0,1,1.0884,0.0,0
1,1.3711,1,0.0,1,1.2233,0.0,0
1,1.3688,0,0.0275,1,1.3414,0.0,0
2,1.1778,1,-0.1422,0,1.1778,0.034,0
1,1.0252,0,0.0,0,1.0252,0.0,0
1,1.1936,0,0.0,1,1.042,0.0,0
1,1.0131,-1,-0.0377,1,1.0884,0.0,0
1,1.0573,-1,-0.0499,1,1.157,0.0,0
1,1.042,1,0.0,1,1.1936,0.0,0
1,1.0245,0,0.0,0,1.0245,0.0,0
1,0.9348,1,0.0,2,1.0223,0.0,0
2,1.1373,0,0.0,0,1.1373,0.0439,0
1,1.3684,1,0.0,1,1.0131,0.0,0
1,1.2022,1,0.0,1,1.0724,0.0,0
2,0.9937,-1,-0.0765,3,1.0922,0.0,0
2,0.9212,1,-0.0136,2,1.1813,0.0,0
2,1.1071,1,-0.0499,0,1.1071,0.0,0
3,1.0922,0,0.0,2,0.9937,0.0,0
1,1.1649,1,0.0,1,1.3303,0.0,0
1,1.3711,0,0.0,0,1.3711,0.0,0
1,1.0131,0,0.0,1,1.0884,0.0,0
1,1.3103,0,0.0,2,1.0961,0.0,0
2,1.0961,0,-0.0834,2,1.1387,0.0,0
1,1.3688,0,0.0,1,1.3414,0.0,0
2,1.0997,1,-0.0193,1,1.2233,0.0,0
1,1.3744,1,0.0,0,1.3744,0.0,0
1,1.0252,1,0.0,0,1.0252,0.0,0
1,1.0544,0,0.0,1,1.1669,0.0,0
1,1.0724,-1,-0.0649,1,1.2022,0.0,0
1,1.1669,0,0.0,1,1.0544,0.0,0
3,1.276,0,0.0,0,1.276,0.0,0
2,1.1387,0,-0.0376,2,1.0961,0.0,0
1,1.32,1,0.0,1,1.0356,0.0,0
1,1.223,1,0.0,0,1.223,0.0,0
1,1.0356,-1,-0.1422,1,1.32,0.0,0
1,1.0245,0,0.0,0,1.0245,0.0,0
1,1.0727,0,0.0,1,1.0884,0.0,0
2,1.1813,0,0.159,2,0.9212,0.0,0
1,1.0884,0,0.0,1,1.0131,0.0,0
1,1.3743,1,0.0,1,1.0356,0.0,0
1,1.3303,1,0.0,1,1.1649,0.0,0
1,1.042,0,0.0,1,1.1936,0.0,0
1,1.2233,0,0.1429,2,1.0997,0.0,0
1,1.0678,-1,-0.1503,1,1.3684,0.0,0
1,1.3414,0,0.0,1,1.3688,0.0,0
1,1.1086,0,0.0,1,1.1669,0.0,0
1,1.3569,1,0.0,0,1.3569,0.0,0
1,1.1936,0,0.0,1,1.042,0.0,0
1,1.2525,0,0.0,0,1.2525,0.0,0
1,1.1086,1,0.0,2,1.0961,0.0,0
2,1.1373,1,-0.0649,0,1.1373,0.0006,0
1,1.223,0,0.0,0,1.223,0.0,0
2,1.0805,1,0.0078,1,1.0131,0.0004,0
1,1.3688,0,0.0275,1,1.3414,0.0,0
1,1.0356,0,0.0,1,1.3743,0.0,0
2,1.1387,2,0.0,2,1.0961,0.0,0
2,1.2181,1,-0.1503,0,1.2181,0.0003,0
2,1.0961,0,-0.0426,2,1.1086,0.0,0
1,1.0804,-1,-0.0193,1,1.119,0.0,0
1,1.3711,1,0.0,1,1.2233,0.0,0
1,1.2233,0,0.0,1,1.0804,0.0,0
1,1.2525,1,0.0,0,1.2525,0.0,0
2,1.0949,0,-0.0864,3,0.9911,0.0,0
1,1.32,1,0.0,0,1.32,0.0,0
1,1.1844,-2,-0.0916,2,1.3218,0.0,0
1,1.0544,0,-0.1124,1,1.1669,0.0,0
1,1.3743,0,0.0,1,1.0356,0.0,0
3,0.9911,1,0.0699,2,1.0949,0.0,0
1,1.3569,1,0.0,0,1.3569,0.0,0
1,1.1669,1,0.0,1,1.0544,0.0,0
1,1.1936,1,0.0,0,1.1936,0.0,0
1,1.0131,0,-0.0753,2,1.0805,0.0,0
3,1.0817,1,0.0879,2,1.0496,0.0,0
2,1.1071,0,0.0,0,1.1071,0.0,0
1,1.0252,0,0.0,0,1.0252,0.0,0
1,1.3303,0,0.0,1,1.1649,0.0,0
1,1.042,0,0.0,0,1.042,0.0,0
2,1.3218,2,0.0,1,1.1844,0.0,0
1,1.3103,-1,0.2142,2,1.0961,0.0,0
1,1.0496,-2,-0.0426,3,1.0817,0.0,0
1,1.3744,1,0.0,0,1.3744,0.0,0
1,1.119,1,0.0,1,1.0804,0.0,0
1,1.1649,0,0.0,1,1.3303,0.0,0
1,1.0245,1,0.0,0,1.0245,0.0,0
1,1.3414,1,0.0,1,1.3688,0.0,0
1,1.3103,0,0.0,2,1.1379,0.0,0
1,1.2022,1,0.0,1,1.0724,0.0,0
2,1.0997,1,-0.0193,1,1.2233,0.0,0
1,1.0678,-1,-0.1503,1,1.3684,0.0,0
1,1.3303,1,0.0,1,1.1649,0.0,0
1,1.3684,1,0.0,1,1.0678,0.0,0
2,1.1387,0,0.0,2,1.1379,0.0,0
1,1.1086,1,0.0,1,1.1669,0.0,0
2,1.1379,0,0.0418,2,1.1387,0.0,0
1,1.0356,1,0.0,1,1.32,0.0,0
3,1.0866,0,0.0954,2,0.9348,0.0,0
1,1.0544,0,0.0,1,1.1669,0.0,0
1,1.0131,0,0.0,1,1.0884,0.0,0
1,1.2525,0,0.0,0,1.2525,0.0,0
1,1.3569,0,0.0,0,1.3569,0.0,0
3,1.0532,0,-0.0285,2,0.9808,0.0,0
1,1.2233,0,0.1429,2,1.0997,0.0,0
3,1.276,1,-0.0458,0,1.276,0.0,0
1,1.0884,-1,0.0078,1,1.0131,0.0,0
1,0.9348,1,0.0,3,1.0866,0.0,0
1,1.0252,0,0.0,0,1.0252,0.0,0
1,1.0724,-1,-0.0649,1,1.2022,0.0,0
1,1.223,1,0.0,0,1.223,0.0,0
2,1.1071,2,0.0,0,1.1071,0.0,0
1,1.3688,0,0.0,1,1.3414,0.0,0
1,1.3711,0,0.0,0,1.3711,0.0,0
2,0.9808,0,-0.1141,3,1.0532,0.0,0
1,1.0245,0,0.0,0,1.0245,0.0,0
1,1.1936,0,0.0,1,1.042,0.0,0
1,1.1649,0,0.0,1,1.3303,0.0,0
1,1.3743,0,0.3386,1,1.0356,0.0,0
1,1.3744,0,0.0,0,1.3744,0.0,0
1,1.32,0,0.0,1,1.0356,0.0,0
1,1.1669,1,0.0,1,1.0544,0.0,0
1,1.3414,1,0.0,1,1.3688,0.0,0
1,1.042,1,0.0,1,1.1936,0.0,0
1,1.0727,1,0.0,1,1.0884,0.0,0
1,1.0131,0,-0.0753,2,1.0805,0.0,0
1,1.3711,1,0.0,1,1.2233,0.0,0
2,1.1642,-1,0.0777,3,0.9076,0.0,0
1,1.0356,0,-0.2844,1,1.32,0.0,0
2,1.1877,0,0.0498,2,1.0434,0.0,0
1,1.0252,1,0.0,0,1.0252,0.0,0
1,1.1086,0,0.0,1,1.1669,0.0,0
1,1.1844,-2,-0.0916,2,1.3218,0.0,0
1,1.2022,0,0.0,1,1.0724,0.0,0
1,1.0544,1,0.0,1,1.1669,0.0,0
1,1.3744,1,0.0,0,1.3744,0.0,0
2,1.0805,1,0.0078,1,1.0131,0.0,0
3,1.0241,1,0.0433,2,1.1642,0.0,0
1,1.3684,1,0.0,1,1.0131,0.0,0
1,1.0724,0,0.0,1,1.2022,0.0,0
1,1.0678,0,0.0,0,1.0678,0.0,0
1,1.3414,1,0.0,1,1.3688,0.0,0
2,1.0434,0,-0.0952,2,1.1877,0.0,0
1,1.3569,1,0.0,0,1.3569,0.0,0
1,1.223,0,0.0,0,1.223,0.0,0
1,1.1649,1,0.0,1,1.3303,0.0,0
1,1.3629,1,0.0,0,1.3629,0.0,0
1,1.1936,1,0.0,0,1.1936,0.0,0
2,1.3218,2,0.0,1,1.1844,0.0,0
2,1.1071,0,0.0,0,1.1071,0.0,0
1,1.0804,-1,-0.0193,1,1.119,0.0,0
1,0.9348,0,0.0,2,0.9076,0.0,0
1,1.3303,0,0.0,1,1.1649,0.0,0
2,1.1719,-1,0.1187,3,1.0241,0.0,0
1,1.0245,0,0.0,0,1.0245,0.0,0
1,1.042,0,0.0,0,1.042,0.0,0
1,0.9076,1,0.0,2,0.9348,0.0,0
1,1.2525,1,0.0,0,1.2525,0.0,0
1,1.3743,0,0.0,0,1.3743,0.0,0
1,1.119,1,0.0,1,1.0804,0.0,0
1,1.1669,0,0.0,1,1.0544,0.0,0
1,1.2233,0,0.0,1,1.0804,0.0,0
1,1.3688,0,0.0275,1,1.3414,0.0,0
1,1.2898,1,0.0,2,1.0434,0.0,0
1,1.32,1,0.0,1,1.0356,0.0,0
3,1.276,1,-0.0458,0,1.276,0.0,0
1,1.1649,0,0.0,1,1.3303,0.0,0
1,1.3744,0,0.0,0,1.3744,0.0,0
1,1.0727,1,0.0,1,1.0884,0.0,0
3,1.0496,0,0.0255,1,0.9754,0.0,0
1,1.0245,1,0.0,0,1.0245,0.0,0
1,0.9348,1,0.0,2,1.0489,0.0,0
2,1.0961,0,0.0526,2,1.1387,0.0,0
1,1.32,0,0.0,1,1.0356,0.0,0
2,1.0489,1,0.1141,1,0.9348,0.0,0
1,1.0724,0,-0.1299,1,1.2022,0.0,0
1,1.0407,1,0.0,1,1.3743,0.0,0
1,1.157,1,0.0,1,1.0573,0.0,0
1,1.1669,1,0.0,1,1.0544,0.0,0
1,1.1086,1,0.0,0,1.1086,0.0,0
1,1.0884,-1,0.0078,1,1.0131,0.0,0
1,1.119,1,0.0,2,1.1518,0.0,0
1,1.3711,0,0.0,0,1.3711,0.0,0
1,1.2022,1,0.0,1,1.0724,0.0,0
2,1.1518,1,0.0714,1,1.119,0.0,0
1,1.1936,0,0.0,1,1.042,0.0,0
2,1.1387,1,-0.1511,2,1.0961,0.0,0
1,1.0252,0,0.0,0,1.0252,0.0,0
1,1.3414,1,0.0,1,1.3688,0.0,0
1,1.0544,0,-0.1124,1,1.1669,0.0,0
1,1.3629,0,0.0,0,1.3629,0.0,0
1,1.223,1,0.0,0,1.223,0.0,0
1,0.9754,-1,-0.1965,3,1.0496,0.0,0
1,1.3743,0,0.0,1,1.0407,0.0,0
1,1.3684,0,0.0,1,1.0131,0.0,0
1,1.3103,-1,0.1226,2,1.0961,0.0,0
1,1.3688,0,0.0,1,1.3414,0.0,0
1,1.2233,0,0.3157,2,0.9348,0.0,0
1,1.042,1,0.0,1,1.1936,0.0,0
1,1.0131,0,0.0,1,1.0884,0.0,0
1,1.0356,0,0.0,1,1.32,0.0,0
1,1.3303,1,0.0,1,1.1649,0.0,0
1,1.0573,-1,-0.0499,1,1.157,0.0,0
1,0.9923,-1,-0.1719,3,1.0489,0.0,0
1,1.3569,0,0.0,0,1.3569,0.0,0
1,1.0678,1,0.0,1,1.3684,0.0,0
1,1.2525,0,0.0,0,1.2525,0.0,0
1,1.0544,0,0.0,1,1.1669,0.0,0
3,1.1582,1,0.0621,2,1.1387,0.0,0
1,1.3744,1,0.0,0,1.3744,0.0,0
2,0.9808,1,-0.0115,3,1.0794,0.0,0
1,1.0252,1,0.0,0,1.0252,0.0,0
3,1.0865,0,0.0368,2,0.9808,0.0,0
1,1.2233,-1,0.0714,2,1.0997,0.0,0
2,1.1387,0,0.0,3,1.1582,0.0,0
1,1.223,0,0.0,0,1.223,0.0,0
2,1.1071,1,-0.0499,0,1.1071,0.0,0
1,1.2022,0,0.0,1,1.0724,0.0,0
2,1.3218,2,0.0,1,1.1844,0.0005,0
1,1.3629,1,0.0,0,1.3629,0.0,0
2,1.0997,1,-0.0193,1,1.2233,0.0,0
2,1.0805,1,0.0078,0,1.0805,0.0,0
1,1.3414,1,0.0,1,1.3688,0.0,0
1,1.3711,1,0.0,1,1.2233,0.0,0
1,1.0245,0,0.0,0,1.0245,0.0,0
1,1.1936,1,0.0,1,1.0544,0.0,0
1,1.0356,0,0.0,1,1.3743,0.0,0
3,1.0794,1,0.0305,2,0.9348,0.0,0
1,0.9348,0,0.0,3,1.0794,0.0,0
1,1.2525,1,0.0,0,1.2525,0.0,0
1,1.1844,-2,-0.0916,2,1.3218,0.0,0
1,1.1086,0,0.0,1,1.1669,0.0,0
1,1.32,1,0.0,0,1.32,0.0,0
1,1.3688,1,0.0,1,1.3414,0.0,0
1,1.3684,1,0.0,1,1.0131,0.0,0
2,1.2476,1,-0.0827,0,1.2476,0.0001,0
1,1.0678,0,0.0,0,1.0678,0.0,0
1,1.0131,0,0.0,1,1.3684,0.0,0
1,1.3743,1,0.0,1,1.0356,0.0,0
1,1.0407,0,0.0,0,1.0407,0.0,0
1,1.0724,0,0.0,1,1.2022,0.0,0
1,1.042,0,0.0,0,1.042,0.0,0
1,1.1669,1,0.0,1,1.0544,0.0,0
1,1.3569,1,0.0,0,1.3569,0.0,0
1,1.2233,0,0.0,1,1.0804,0.0,0
3,1.0496,1,0.0688,1,0.9923,0.0,0
3,1.0876,1,-0.0511,1,1.3103,0.0,0
1,1.3569,0,0.0,0,1.3569,0.0,0
1,1.119,1,0.0,1,1.0804,0.0,0
1,1.0252,1,0.0,0,1.0252,0.0,0
1,1.1936,0,0.0,0,1.1936,0.0,0
2,1.3551,1,0.0137,1,1.3888,0.0,0
3,1.0767,2,0.1419,1,0.9348,0.0,0
1,1.0245,1,0.0,0,1.0245,0.0,0
1,1.0804,-1,-0.0193,1,1.119,0.0,0
1,1.3743,0,0.3386,1,1.0356,0.0,0
1,1.0131,1,0.0,1,1.0884,0.0,0
1,1.3744,0,0.0,0,1.3744,0.0,0
1,1.3629,1,0.0,0,1.3629,0.0,0
1,1.0544,1,0.0,1,1.1669,0.0,0
1,1.0407,0,0.0,0,1.0407,0.0,0
1,1.3303,1,0.0,1,1.1649,0.0,0
1,1.3684,0,0.0,1,1.0131,0.0,0
1,1.0062,1,0.0,0,1.0062,0.0,0
1,1.1649,-1,-0.0827,1,1.3303,0.0,0
1,1.042,0,0.0,0,1.042,0.0,0
1,1.0496,-2,-0.0369,3,1.0496,0.0,0
1,1.0727,1,0.0,1,1.0884,0.0,0
1,1.0356,1,0.0,1,1.32,0.0,0
1,0.9923,1,0.0,3,1.0496,0.0,0
1,1.388,1,0.0,3,1.0876,0.0,0
1,1.32,0,0.0,1,1.0356,0.0,0
1,1.0884,-1,0.0078,1,1.0131,0.0,0
1,1.3888,1,0.0,2,1.2547,0.0,0
2,1.1373,1,-0.0649,0,1.1373,0.0,0
1,1.2547,-1,-0.067,1,1.1844,0.0,0
1,0.9348,1,0.0,3,1.0767,0.0,0
1,1.3103,-2,0.1521,3,1.0876,0.0,0
1,1.3711,0,0.0,1,1.2233,0.0,0
1,1.1669,1,0.0,1,1.0544,0.0,0
1,1.0678,0,0.0,0,1.0678,0.0,0
2,1.1071,0,0.0,0,1.1071,0.0,0
1,1.2525,0,0.0,0,1.2525,0.0,0
1,1.1844,0,0.0,1,1.2547,0.0,0
1,1.223,0,0.0,1,1.3303,0.0,0
1,1.1086,0,0.0,1,1.1669,0.0,0
1,1.3414,1,0.0,1,1.3688,0.0,0
1,1.1844,0,-0.0703,2,1.3218,0.0,0
1,1.1669,0,0.0,1,1.0544,0.0,0
1,1.0727,0,0.0,1,1.0884,0.0,0
1,0.9951,0,0.0028,3,0.9923,0.0,0
1,1.0245,0,0.0,0,1.0245,0.0,0
3,1.1952,0,0.1076,2,1.1878,0.0,0
2,1.1878,1,-0.2002,3,1.1952,0.0,0
1,1.2233,0,0.1429,1,1.0804,0.0,0
1,1.1086,1,0.0,0,1.1086,0.0,0
1,1.3744,1,0.0,0,1.3744,0.0,0
2,1.3218,1,-0.067,1,1.1844,0.0005,0
1,0.9348,1,0.0,3,1.0688,0.0,0
3,1.0688,2,0.134,1,0.9348,0.0,0
1,1.0252,1,0.0,0,1.0252,0.0,0
1,1.0724,-1,-0.0649,1,1.2022,0.0,0
1,1.0678,1,0.0,0,1.0678,0.0,0
1,1.223,1,0.0,0,1.223,0.0,0
1,1.0544,1,0.0,1,1.1669,0.0,0
1,1.157,1,0.0,1,1.0573,0.0,0
1,1.0062,1,0.0,0,1.0062,0.0,0
2,1.1907,1,0.1777,1,1.0884,0.031,0
1,1.3743,0,0.0,1,1.0356,0.0,0
1,1.0884,0,0.0,2,1.0727,0.0,0
1,1.2022,1,0.0,1,1.0724,0.0,0
1,1.3688,-1,0.0137,2,1.3218,0.0,0
1,1.042,1,0.0,1,1.1936,0.0,0
1,1.0804,0,-0.0386,1,1.119,0.0,0
3,1.0678,0,0.0182,1,0.9923,0.0,0
1,1.3629,0,0.0,0,1.3629,0.0,0
1,1.1649,0,0.0,1,1.3303,0.0,0
1,1.1936,0,0.0,1,1.042,0.0,0
1,1.0407,1,0.0,0,1.0407,0.0,0
1,1.32,1,0.0,0,1.32,0.0,0
1,1.2525,0,0.0,0,1.2525,0.0,0
1,1.119,1,0.0,1,1.0804,0.0,0
1,1.0356,0,0.0,1,1.3743,0.0,0
1,1.3711,0,0.1478,1,1.2233,0.0,0
1,1.3303,0,0.0,1,1.1649,0.0,0
1,1.0573,-1,-0.0499,1,1.157,0.0,0
1,0.9923,1,0.0,3,0.9951,0.0,0
1,1.388,1,0.0,1,0.9876,0.0,0
1,1.3888,1,0.0,2,1.2547,0.0,0
4,1.066,3,0.1313,0,1.066,0.0,0
1,1.0245,1,0.0,0,1.0245,0.0,0
1,1.0544,0,-0.1124,1,1.1669,0.0,0
2,0.9913,-1,-0.0765,2,0.9937,0.0,0
1,1.2549,1,0.0,0,1.2549,0.0,0
2,1.3551,1,0.0137,1,1.3888,0.0,0
1,1.1721,0,0.177,2,0.9913,0.0,0
1,1.119,1,0.0,1,1.0804,0.0,0
1,1.0131,0,-0.0753,2,1.0805,0.0,0
1,1.3303,1,0.0,1,1.1649,0.0,0
1,1.1844,0,0.0,1,1.2547,0.0,0
1,1.042,0,0.0,0,1.042,0.0,0
1,1.3711,0,0.0,1,1.2233,0.0,0
1,1.2233,0,0.0,1,1.0804,0.0,0
1,1.3744,0,0.0,0,1.3744,0.0,0
2,1.0805,1,0.0078,1,1.0131,0.0,0
2,1.2049,1,0.1693,0,1.2049,0.1517,0
1,1.0804,0,0.0,1,1.119,0.0,0
1,1.223,0,0.0,1,1.3303,0.0,0
1,1.1086,0,0.0,1,1.1669,0.0,0
1,1.1936,1,0.0,0,1.1936,0.0,0
1,1.3629,1,0.0,0,1.3629,0.0,0
3,1.1952,0,-0.0,1,0.9876,0.0,0
2,0.9937,1,0.0014,2,0.9913,0.0,0
1,1.0678,0,0.0,0,1.0678,0.0,0
1,0.9876,-1,-0.2002,3,1.1952,0.0,0
1,1.0252,0,0.0,0,1.0252,0.0,0
1,1.0062,1,0.0,0,1.0062,0.0,0
2,1.1071,1,-0.0499,0,1.1071,0.0,0
1,1.3684,-1,0.1777,1,1.0131,0.0,0
1,1.1649,0,-0.1654,1,1.3303,0.0,0
1,1.2022,0,0.0,1,1.0724,0.0,0
1,1.2525,1,0.0,0,1.2525,0.0,0
1,1.0724,0,0.0,1,1.2022,0.0,0
1,1.0407,0,0.0,0,1.0407,0.0,0
1,1.1669,1,0.0,1,1.0544,0.0,0
1,1.2547,-1,-0.067,1,1.1844,0.0,0
1,1.32,0,0.0,0,1.32,0.0,0
2,1.1907,1,0.1777,1,1.0114,0.0553,0
1,1.2022,1,0.0,1,1.0724,0.0,0
1,1.388,0,0.0,3,1.0599,0.0,0
1,1.223,1,0.0,0,1.223,0.0,0
1,1.1669,0,0.0,1,1.0544,0.0,0
1,1.3414,1,0.0,1,1.3688,0.0,0
1,1.0062,0,0.0,0,1.0062,0.0,0
1,1.042,0,0.0,0,1.042,0.0,0
1,1.2525,0,0.0,0,1.2525,0.0,0
1,1.0114,-1,-0.0691,2,1.0727,0.0,0
4,1.0581,0,-0.008,1,0.9923,0.0,0
1,1.1086,1,0.0,0,1.1086,0.0,0
1,1.3103,-2,0.1151,3,1.0599,0.0,0
2,1.0997,1,-0.0193,1,1.2233,0.0,0
1,1.0245,0,0.0,0,1.0245,0.0,0
1,1.2549,0,0.0,0,1.2549,0.0,0
1,1.0252,0,0.0,0,1.0252,0.0,0
1,0.9923,1,0.0,4,1.0072,0.0,0
3,1.0599,2,0.0723,1,1.3103,0.0,0
1,1.0678,1,0.0,0,1.0678,0.0,0
1,1.2233,0,0.1429,2,1.0997,0.0,0
1,1.0544,0,0.0,1,1.1669,0.0,0
1,1.3303,0,0.0,1,1.1649,0.0,0
1,1.3629,0,0.0,0,1.3629,0.0,0
1,1.0072,0,-0.165,2,0.9923,0.0,0
1,1.1844,0,-0.0703,2,1.3218,0.0,0
1,1.0724,0,-0.1299,1,1.2022,0.0,0
2,1.3218,1,-0.067,1,1.1844,0.0009,0
1,1.3744,1,0.0,0,1.3744,0.0,0
1,1.0727,1,0.0,1,1.0114,0.0,0
1,1.3743,-1,0.1693,1,1.0356,0.0,0
1,1.32,1,0.0,0,1.32,0.0,0
1,1.1936,0,0.0,0,1.1936,0.0,0
1,1.0356,1,0.0,1,1.3743,0.0,0
1,1.3688,-1,0.0137,2,1.3218,0.0,0
2,1.0836,0,0.0899,1,0.9923,0.0,0
1,1.1649,0,0.0,1,1.3303,0.0,0
1,1.0573,-1,-0.0499,1,1.157,0.0,0
1,1.0407,0,0.0,0,1.0407,0.0,0
1,1.157,1,0.0,1,1.0573,0.0,0
1,1.3711,1,0.0,1,1.2233,0.0,0
1,1.0496,-1,0.0583,2,1.0072,0.0,0
1,1.157,0,0.0,1,1.0573,0.0,0
2,1.0156,0,-0.068,2,0.9923,0.0,0
2,1.0836,1,0.0913,2,0.884,0.0,0
1,1.0281,1,0.0,0,1.0281,0.0,0
3,1.1189,3,0.0,1,0.884,0.0,0
1,1.3744,1,0.0,0,1.3744,0.0,0
1,1.2022,0,0.0,1,1.0724,0.0,0
2,1.0805,1,0.0078,1,1.0131,0.0,0
1,1.1649,1,0.0,0,1.1649,0.0,0
1,1.3684,-1,0.1777,1,1.0131,0.0,0
3,1.1675,0,0.1076,1,0.9625,0.0,0
1,1.119,1,0.0,1,1.0804,0.0,0
1,1.0724,0,0.0,1,1.2022,0.0,0
1,1.1086,0,0.0,1,1.1669,0.0,0
1,0.9625,0,-0.4255,3,1.1675,0.0,0
1,1.2525,1,0.0,0,1.2525,0.0,0
1,1.0573,0,0.0,1,1.157,0.0,0
2,1.3551,1,0.0137,0,1.3551,0.0,0
1,1.0407,1,0.0,0,1.0407,0.0,0
1,1.223,0,0.0,1,1.3303,0.0,0
1,0.9923,1,0.0,2,0.884,0.0,0
1,1.0544,0,-0.1124,1,1.1669,0.0,0
1,1.32,0,0.0,0,1.32,0.0,0
1,1.3629,1,0.0,0,1.3629,0.0,0
1,1.0131,0,0.0017,2,1.0805,0.0,0
1,1.3303,1,0.0,1,1.223,0.0,0
1,1.0804,-1,-0.0193,1,1.119,0.0,0
1,1.3743,1,0.0,1,1.0356,0.0,0
1,1.1669,1,0.0,1,1.0544,0.0,0
1,0.884,-3,-0.1741,3,0.9923,0.0,0
1,1.1936,1,0.0,0,1.1936,0.0,0
1,1.0252,1,0.0,0,1.0252,0.0,0
1,1.0356,0,0.0,1,1.3743,0.0,0
1,1.2549,1,0.0,0,1.2549,0.0,0
1,1.0062,1,0.0,0,1.0062,0.0,0
1,1.388,1,0.0,1,0.9625,0.0,0
1,1.0245,0,0.0,0,1.0245,0.0,0
2,1.3218,0,0.0,1,1.1844,0.0288,0
1,1.3711,1,0.0,1,1.2233,0.0,0
1,1.042,1,0.0,0,1.042,0.0,0
1,1.2233,1,0.0,1,1.0804,0.0,0
1,1.1844,0,0.0,2,1.3218,0.0,0
1,1.0678,0,0.0,0,1.0678,0.0,0
1,1.0245,1,0.0,0,1.0245,0.0,0
2,1.1518,1,0.0714,1,1.119,0.0,0
1,1.0356,0,0.0,1,1.3743,0.0,0
1,1.3744,0,0.0,0,1.3744,0.0,0
1,1.042,0,0.0,0,1.042,0.0,0
1,1.0281,1,0.0,0,1.0281,0.0,0
2,1.1907,1,0.1777,1,1.0114,0.0018,0
3,1.0599,2,0.0974,1,1.2176,0.0,0
2,1.3218,2,0.0,1,1.1844,0.0183,0
1,1.1874,1,0.0,0,1.1874,0.0,0
1,1.2176,-2,0.0501,3,1.0599,0.0,0
2,1.0156,0,0.0,1,0.9951,0.0,0
1,0.9951,0,0.0028,2,0.9665,0.0,0
1,1.119,0,0.0,2,1.1518,0.0,0
1,1.1721,-1,0.0885,2,0.9665,0.0,0
1,0.9665,0,0.0825,4,0.9951,0.0,0
4,1.0448,1,-0.0741,1,0.9665,0.0,0
1,1.32,1,0.0,0,1.32,0.0,0
1,1.0407,1,0.0,0,1.0407,0.0,0
1,1.223,1,0.0,0,1.223,0.0,0
1,1.1669,0,0.0,1,1.0544,0.0,0
1,1.3711,1,0.0,2,1.1518,0.0,0
2,1.1071,1,-0.0499,0,1.1071,0.0,0
1,1.1649,1,0.0,1,1.3303,0.0,0
1,1.3629,0,0.0,0,1.3629,0.0,0
1,1.0727,1,0.0,1,1.0114,0.0,0
1,1.0252,0,0.0,0,1.0252,0.0,0
1,1.3303,0,0.0,1,1.1649,0.0,0
1,1.3414,1,0.0,1,1.3688,0.0,0
1,1.0114,-1,-0.0691,2,1.0727,0.0,0
1,1.3743,0,0.0,1,1.0356,0.0,0
1,1.0544,0,0.0,1,1.1669,0.0,0
1,1.2525,0,0.0,0,1.2525,0.0,0
1,1.3688,-1,0.0137,2,1.3218,0.0,0
1,1.1936,1,0.0,0,1.1936,0.0,0
1,1.1844,-1,-0.1373,2,1.3218,0.0,0
1,1.2549,0,0.0,0,1.2549,0.0,0
1,1.0678,1,0.0,0,1.0678,0.0,0
1,1.1086,0,0.0,1,1.1669,0.0,0
1,1.0724,0,0.0,1,1.2022,0.0,0
1,1.0062,0,0.0,0,1.0062,0.0,0
1,1.388,1,0.0,0,1.388,0.0,0
1,1.2022,0,0.0,1,1.0724,0.0,0
1,1.1649,0,0.0,1,1.3303,0.0,0
1,1.0245,0,0.0,0,1.0245,0.0,0
1,0.9876,1,0.0,3,1.1086,0.0,0
3,0.9774,-1,-0.0674,2,0.9808,0.0,0
1,1.1721,0,0.177,2,0.9808,0.0,0
1,1.0727,0,0.0,1,1.0114,0.0,0
1,1.3303,1,0.0,1,1.1649,0.0,0
3,1.1675,0,0.1076,1,0.9876,0.0,0
1,1.0678,0,0.0,0,1.0678,0.0,0
2,1.0997,1,-0.0193,1,1.1368,0.0,0
1,1.3711,1,0.0,1,1.1368,0.0,0
1,1.1669,0,0.0,1,1.0544,0.0,0
2,0.9808,1,0.0143,3,0.9774,0.0,0
1,1.1368,-1,-0.0151,2,1.0997,0.0,0
1,1.1844,0,0.0,1,1.2547,0.0,0
1,1.0356,1,0.0,1,1.3743,0.0,0
2,1.0284,1,-0.1438,2,0.9808,0.0,0
1,1.2525,1,0.0,0,1.2525,0.0,0
1,1.3629,1,0.0,0,1.3629,0.0,0
1,1.0062,0,0.0,1,1.1874,0.0,0
1,1.0252,0,0.0,0,1.0252,0.0,0
1,1.0573,-1,-0.0499,1,1.157,0.0,0
1,1.0724,0,-0.1299,1,1.2022,0.0,0
1,1.3688,0,0.0275,1,1.3888,0.0,0
1,1.3888,0,0.02,1,1.2547,0.0,0
1,1.3743,1,0.0,1,1.0356,0.0,0
2,1.1907,0,0.0,1,1.0114,0.0,0
1,1.0407,0,0.0,0,1.0407,0.0,0
1,1.223,1,0.0,1,1.3303,0.0,0
1,1.157,1,0.0,1,1.0573,0.0,0
1,1.1874,1,0.0,1,1.0062,0.0,0
1,1.32,0,0.0,0,1.32,0.0,0
1,1.2552,1,0.0,3,0.9774,0.0,0
1,1.0544,0,0.0,1,1.1669,0.0,0
1,1.0114,0,0.0,2,1.0727,0.0,0
1,1.2022,1,0.0,1,1.0724,0.0,0
1,1.1866,1,0.0,0,1.1866,0.0,0
1,1.388,0,0.0,1,0.9876,0.0,0
1,1.1086,1,0.0,1,0.9876,0.0,0
1,1.2549,1,0.0,0,1.2549,0.0,0
1,1.1936,1,0.0,1,1.0544,0.0,0
1,1.0281,0,0.0,0,1.0281,0.0,0
1,1.2547,-1,-0.067,1,1.1844,0.0,0
1,1.3744,1,0.0,0,1.3744,0.0,0
1,1.042,0,0.0,0,1.042,0.0,0
1,1.32,1,0.0,0,1.32,0.0,0
3,1.1189,2,-0.1363,1,0.884,0.0,0
1,1.2022,0,0.0,1,1.0724,0.0,0
1,1.3744,1,0.0,0,1.3744,0.0,0
1,1.0678,1,0.0,0,1.0678,0.0,0
1,1.0407,0,0.0,0,1.0407,0.0,0
1,0.9816,0,-0.1905,3,1.0496,0.0,0
1,1.3711,0,0.2343,2,1.0704,0.0,0
1,1.1669,1,0.0,1,1.0544,0.0,0
2,1.1813,1,0.1532,0,1.1813,0.0188,0
1,1.1086,0,0.0,1,1.1669,0.0,0
2,1.0704,0,-0.0293,1,1.119,0.0,0
3,1.3179,2,0.1312,0,1.3179,0.0524,0
2,1.3218,1,-0.067,1,1.1844,0.0151,0
1,1.3303,0,0.0,1,1.1649,0.0,0
3,1.0532,1,0.0724,1,0.884,0.0,0
1,1.0496,-1,0.0212,3,0.9816,0.0,0
1,1.0929,1,0.0,1,1.1874,0.0,0
3,1.1366,0,-0.0309,1,0.9876,0.0,0
2,1.1907,1,0.1794,1,1.0114,0.0,0
1,1.3743,0,0.0,1,1.0356,0.0,0
1,1.2525,0,0.0,0,1.2525,0.0,0
1,1.0245,0,0.0,1,1.0727,0.0,0
1,1.119,1,0.0,2,1.0704,0.0,0
1,1.1874,0,0.0,1,1.0929,0.0,0
1,1.0727,1,0.0,1,1.0114,0.0,0
2,1.1071,1,-0.0499,0,1.1071,0.0,0
1,0.884,-2,-0.0934,3,1.0532,0.0,0
1,1.1936,0,0.0,0,1.1936,0.0,0
1,1.3629,0,0.0,0,1.3629,0.0,0
1,1.0252,1,0.0,0,1.0252,0.0,0
1,1.1844,0,-0.0703,2,1.3218,0.0,0
1,1.1649,0,0.0,1,1.3303,0.0,0
1,1.0724,0,0.0,1,1.2022,0.0,0
1,1.0356,0,0.0,1,1.3743,0.0,0
1,1.042,1,0.0,0,1.042,0.0,0
1,0.9876,1,0.0,3,1.1366,0.0,0
1,1.223,1,0.0,0,1.223,0.0,0
1,1.0544,0,-0.1124,1,1.1669,0.0,0
1,1.2549,1,0.0,0,1.2549,0.0,0
1,1.0114,0,-0.0613,2,1.0727,0.0,0
1,1.388,1,0.0,0,1.388,0.0,0
1,1.0062,1,0.0,0,1.0062,0.0,0
3,1.0496,0,-0.0036,1,0.9923,0.0,0
1,1.157,1,0.0,1,1.0573,0.0,0
1,1.1368,-1,0.0664,2,1.0997,0.0,0
1,1.0724,0,-0.1299,1,1.2022,0.0,0
4,1.0601,1,-0.0587,1,0.9923,0.0,0
1,1.1669,0,0.0,1,1.0544,0.0,0
4,1.0993,3,0.1118,0,1.0993,0.0,0
1,1.388,0,0.0,0,1.388,0.0,0
2,1.0997,1,-0.0193,1,1.1368,0.0,0
1,1.1027,1,0.0,3,1.1899,0.0,0
2,1.2476,1,-0.0827,0,1.2476,0.0001,0
1,1.0407,1,0.0,0,1.0407,0.0,0
2,1.1402,1,-0.0472,1,1.0911,0.0023,0
1,1.3744,1,0.0,0,1.3744,0.0,0
1,1.2549,0,0.0,0,1.2549,0.0,0
1,1.1936,1,0.0,1,1.0544,0.0,0
1,1.0114,0,0.0,2,1.0727,0.0,0
1,1.1844,0,0.0,1,1.2547,0.0,0
2,1.2049,2,0.0,0,1.2049,0.0577,0
1,1.2525,0,0.0,0,1.2525,0.0,0
3,1.1899,0,-0.1279,1,1.1027,0.0133,0
1,1.0573,-1,-0.0499,1,1.157,0.0,0
1,1.0678,0,0.0,0,1.0678,0.0,0
1,1.0252,0,0.0,0,1.0252,0.0,0
1,1.1086,0,0.0,1,1.1669,0.0,0
1,1.0496,0,0.068,3,1.0496,0.0,0
1,1.3629,1,0.0,0,1.3629,0.0,0
1,1.0911,0,-0.0018,2,1.1402,0.0,0
1,1.3711,0,0.0,1,1.1368,0.0,0
1,1.0062,0,0.0,0,1.0062,0.0,0
2,1.1907,0,0.0,1,1.0114,0.0,0
1,1.0245,1,0.0,0,1.0245,0.0,0
1,1.0544,0,0.0,1,1.1669,0.0,0
1,1.2022,1,0.0,1,1.0724,0.0,0
1,1.2547,-1,-0.067,1,1.1844,0.0,0
1,1.3888,1,0.0,1,1.2547,0.0,0
1,1.32,0,0.0,0,1.32,0.0,0
1,1.0727,0,0.0,1,1.0114,0.0,0
1,1.223,0,0.0,0,1.223,0.0,0
1,1.042,0,0.0,0,1.042,0.0,0
1,1.3345,-1,0.1532,1,1.0281,0.0,0
1,0.9923,0,0.1084,4,1.0496,0.0,0
1,1.0281,1,0.0,1,1.3345,0.0,0
1,1.3629,0,0.0,0,1.3629,0.0,0
3,1.2491,2,-0.0855,1,1.0281,0.0237,0
3,1.1366,-1,0.0373,1,0.9876,0.0,0
1,1.2549,1,0.0,0,1.2549,0.0,0
1,1.223,1,0.0,0,1.223,0.0,0
1,1.1874,1,0.0,2,1.0062,0.0,0
2,0.9913,-1,-0.0584,3,1.0446,0.0,0
1,1.0407,0,0.0,0,1.0407,0.0,0
1,1.3744,0,0.0,0,1.3744,0.0,0
2,1.2109,2,0.0,2,0.933,0.0,0
1,1.042,1,0.0,0,1.042,0.0,0
1,1.119,1,0.0,2,1.1136,0.0,0
2,1.2049,0,0.0,0,1.2049,0.0022,0
2,1.042,1,-0.0307,2,1.1907,0.0196,0
1,1.388,1,0.0,1,1.1844,0.0,0
1,1.0678,0,0.0,0,1.0678,0.0,0
3,1.1936,2,0.0909,1,0.9733,0.0005,0
1,0.9733,-2,-0.2167,3,1.1936,0.0,0
1,1.1936,0,0.0,1,1.0544,0.0,0
1,1.0544,0,0.0,1,1.1936,0.0,0
1,1.1844,0,-0.0703,1,1.2547,0.0,0
1,1.0281,0,0.0,3,1.2491,0.0,0
1,1.0573,0,0.0,1,1.157,0.0,0
1,1.0724,0,0.0,1,1.2022,0.0,0
3,1.0446,2,0.0523,2,0.933,0.0,0
2,1.0534,0,-0.0868,1,1.1874,0.0001,0
1,1.3711,0,0.2343,2,1.1136,0.0,0
1,1.1649,-1,-0.0827,1,1.3303,0.0,0
2,1.1136,0,0.0139,1,1.119,0.0,0
2,1.1907,1,0.1794,2,1.042,0.0,0
1,1.0245,0,0.0,0,1.0245,0.0,0
1,1.32,1,0.0,0,1.32,0.0,0
2,0.933,-2,-0.1271,3,1.0446,0.0,0
1,1.0252,1,0.0,0,1.0252,0.0,0
1,1.157,0,0.0,1,1.0573,0.0,0
1,1.2022,0,0.0,1,1.0724,0.0,0
1,1.0062,0,0.0,1,1.1874,0.0,0
1,1.2547,0,-0.1341,1,1.1844,0.0,0
1,0.9876,1,0.0,3,1.1086,0.0,0
1,1.3797,1,0.0,2,1.0534,0.0,0
1,1.3303,1,0.0,1,1.1649,0.0,0
1,1.2525,1,0.0,0,1.2525,0.0,0
1,1.1086,1,0.0,1,0.9876,0.0,0
1,1.205,1,0.0,3,0.9733,0.0,0
1,1.1669,1,0.0,1,1.1086,0.0,0
2,1.1481,0,0.0947,2,1.1402,0.0031,0
3,1.1366,2,0.149,1,0.9876,0.0,0
1,1.0724,0,0.0,0,1.0724,0.0,0
1,1.0131,-1,-0.1777,2,1.2284,0.0,0
1,1.042,1,0.0,0,1.042,0.0,0
2,1.2049,2,0.0,0,1.2049,0.0022,0
2,1.1086,0,-0.0051,1,1.119,0.0,0
1,1.3484,0,0.1434,4,1.0962,0.0,0
2,1.3099,1,-0.0698,2,1.1481,0.021,0
1,1.3629,1,0.0,0,1.3629,0.0,0
1,1.388,0,0.0,1,1.1844,0.0,0
3,1.043,0,-0.0016,2,0.884,0.0,0
2,1.1071,1,-0.0499,0,1.1071,0.0,0
2,1.0284,0,0.0371,3,1.043,0.0,0
1,1.0281,1,0.0,1,1.2401,0.0,0
1,1.3744,1,0.0,0,1.3744,0.0,0
1,1.223,0,0.0,1,1.3303,0.0,0
1,1.2241,1,0.0,4,1.0962,0.0,0
2,1.121,-1,-0.1281,1,1.008,0.0045,0
1,1.0245,0,0.0,1,1.0727,0.0,0
1,1.0678,1,0.0,0,1.0678,0.0,0
2,1.1402,1,-0.0472,2,1.1481,0.0003,0
4,1.0962,1,-0.0973,1,1.2241,0.0389,0
1,1.0062,1,0.0,0,1.0062,0.0,0
1,1.0252,0,0.0,0,1.0252,0.0,0
1,1.0727,1,0.0,2,1.0245,0.0,0
1,1.0544,1,0.0,1,1.1669,0.0,0
3,1.1189,1,-0.092,1,0.884,0.0,0
1,1.1844,0,0.0,1,1.388,0.0,0
1,1.3303,1,0.0,1,1.1649,0.0,0
1,1.2549,1,0.0,0,1.2549,0.0,0
2,1.2284,0,0.1864,1,1.0131,0.0207,0
1,1.2525,0,0.0,0,1.2525,0.0,0
1,1.1086,0,0.0,3,1.1366,0.0,0
1,1.0407,0,0.0,0,1.0407,0.0,0
1,1.2022,1,0.0,0,1.2022,0.0,0
1,0.9876,1,0.0,3,1.1366,0.0,0
1,1.2401,0,0.212,2,1.0281,0.0,0
1,1.3711,0,0.0,2,1.1086,0.0,0
1,1.1936,0,0.1392,1,1.0544,0.0,0
1,1.32,1,0.0,0,1.32,0.0,0
1,1.1669,0,0.0,1,1.0544,0.0,0
1,0.884,-1,-0.049,3,1.043,0.0,0
1,1.1649,0,-0.1654,1,1.3303,0.0,0
1,1.008,1,0.0,2,1.121,0.0,0
1,1.119,0,0.0,2,1.1086,0.0,0
1,1.0281,0,0.0,2,1.2232,0.0,0
1,1.1874,1,0.0,1,1.0062,0.0,0
2,1.0324,-2,-0.0638,3,1.0887,0.0,0
1,1.042,1,0.0,0,1.042,0.0,0
2,1.2232,1,-0.0169,2,0.9705,0.044,0
1,0.9876,1,0.0,3,1.1086,0.0,0
3,1.1827,2,-0.0414,2,1.0324,0.0005,0
3,1.0087,0,-0.0344,3,1.0162,0.0,0
2,1.0887,2,0.0,2,1.0324,0.0035,0
1,1.3303,0,0.0,1,1.1649,0.0,0
1,1.32,1,0.0,0,1.32,0.0,0
1,1.388,0,0.2036,1,1.1844,0.0,0
1,1.0573,-1,-0.0499,1,1.157,0.0,0
1,1.0678,0,0.0,0,1.0678,0.0,0
2,1.0615,1,-0.0575,2,1.2539,0.0,0
3,1.0162,2,0.1322,3,1.0087,0.0,0
1,1.0252,0,0.0,0,1.0252,0.0,0
3,1.1366,2,0.149,1,0.9876,0.0,0
2,0.9705,0,-0.1505,2,1.2232,0.0001,0
2,1.0805,1,0.0078,2,1.1907,0.0055,0
1,1.0724,1,0.0,1,1.2022,0.0,0
1,1.2549,1,0.0,0,1.2549,0.0,0
4,1.1526,2,0.0046,1,1.0751,0.0031,0
1,1.1844,1,0.0,1,1.388,0.0,0
1,1.1649,1,0.0,1,1.3303,0.0,0
1,1.157,1,0.0,1,1.0573,0.0,0
2,1.0388,-1,-0.08,3,1.0162,0.0,0
2,1.2539,0,0.1453,2,1.0615,0.0,0
2,1.1306,1,-0.2177,3,1.0324,0.0064,0
1,1.0245,1,0.0,0,1.0245,0.0,0
1,1.2022,1,0.0,1,1.0724,0.0,0
1,1.2525,1,0.0,0,1.2525,0.0,0
2,1.1907,0,-0.0377,2,1.0805,0.0,0
1,1.0544,0,0.0,1,1.1669,0.0,0
1,1.0062,0,0.0,1,1.1874,0.0,0
1,1.223,1,0.0,0,1.223,0.0,0
1,1.3629,0,0.0,0,1.3629,0.0,0
1,1.0929,-1,-0.0472,4,1.1526,0.0,0
1,1.3744,0,0.0,0,1.3744,0.0,0
1,1.1669,0,0.0,1,1.0544,0.0,0
1,1.1086,1,0.0,1,0.9876,0.0,0
1,1.0751,-1,-0.2348,4,1.1526,0.0,0
1,1.0407,1,0.0,0,1.0407,0.0,0
1,1.2827,1,0.0,2,0.9705,0.0,0
1,1.1936,0,0.0,1,1.0544,0.0,0
2,1.2049,0,0.0,0,1.2049,0.0001,0
1,1.2552,1,0.0,2,1.0388,0.0,0
1,1.1086,0,0.0,4,1.0993,0.0,0
1,1.1936,0,0.0,0,1.1936,0.0,0
1,1.3711,-1,0.1172,2,1.0704,0.0,0
1,1.0727,1,0.0,2,1.2284,0.0,0
1,1.1649,0,-0.1654,1,1.3303,0.0,0
1,1.32,0,0.0,0,1.32,0.0,0
1,1.042,0,0.0,0,1.042,0.0,0
3,1.0271,1,0.0566,2,1.0195,0.0032,0
1,1.1423,1,0.0,3,1.0369,0.0,0
2,1.2284,0,0.1479,1,1.0131,0.0009,0
3,1.2069,-1,0.0543,2,0.989,0.0023,0
2,0.9094,0,-0.1294,3,1.0618,0.0,0
1,1.0356,-1,-0.1693,1,1.3743,0.0,0
4,1.0993,3,0.1118,1,1.1086,0.0,0
1,1.0573,0,0.0,1,1.157,0.0,0
3,1.0618,0,0.0457,2,0.9094,0.0,0
3,1.1827,0,0.0,2,1.0196,0.0001,0
1,1.3743,1,0.0,1,1.0356,0.0,0
4,0.9972,2,-0.0914,2,1.0196,0.0237,0
1,1.3303,1,0.0,1,1.1649,0.0,0
2,1.0284,-1,0.0197,3,1.0618,0.0,0
1,1.0252,1,0.0,0,1.0252,0.0,0
1,1.2022,1,0.0,0,1.2022,0.0,0
2,1.0704,0,0.0089,1,1.119,0.0,0
2,1.2109,1,-0.0443,2,0.9094,0.0,0
2,1.0955,0,-0.1277,3,1.0271,0.0009,0
1,1.3744,1,0.0,0,1.3744,0.0,0
1,1.2549,0,0.0,0,1.2549,0.0,0
1,1.157,0,0.0,1,1.0573,0.0,0
1,1.388,0,0.0,1,1.1844,0.0,0
1,1.0196,-1,-0.111,4,0.9972,0.0,0
1,1.0407,0,0.0,0,1.0407,0.0,0
1,1.0245,0,0.0,0,1.0245,0.0,0
1,1.119,1,0.0,2,1.0704,0.0,0
1,1.0131,-1,-0.1777,2,1.2284,0.0,0
2,1.0369,0,0.0044,4,0.9972,0.0532,0
1,1.0062,0,0.0,1,1.1874,0.0,0
1,1.0678,1,0.0,0,1.0678,0.0,0
2,0.989,1,-0.1039,3,1.1874,0.0004,0
1,1.0724,0,0.0,0,1.0724,0.0,0
2,1.1341,1,0.106,2,1.0955,0.0,0
1,1.2525,0,0.0,0,1.2525,0.0,0
1,1.1669,1,0.0,1,1.0544,0.0,0
1,1.0751,1,0.0,3,1.2069,0.0,0
1,1.1844,0,0.0,1,1.388,0.0,0
1,1.223,0,0.0,1,1.3303,0.0,0
1,1.0544,0,-0.1124,1,1.1669,0.0,0
1,1.1874,0,0.0,2,0.989,0.0,0
1,1.0195,0,-0.2631,3,1.0271,0.0,0
1,1.3629,1,0.0,0,1.3629,0.0,0
1,1.2378,1,0.0,2,0.9459,0.0,0
1,0.9506,-1,-0.0778,4,1.0224,0.0,0
2,1.2049,1,-0.1693,0,1.2049,0.0,0
6,0.9745,2,-0.0228,2,0.9777,0.0043,0
3,1.0364,0,0.0093,2,0.9459,0.0025,0
3,1.1311,1,0.142,2,0.9899,0.0006,0
1,1.0727,1,0.0,2,1.2284,0.0,0
1,1.388,0,0.2036,0,1.388,0.0,0
1,1.0573,0,-0.0998,1,1.157,0.0,0
1,1.1669,0,0.0,1,1.0544,0.0,0
1,1.223,1,0.0,0,1.223,0.0,0
1,1.0678,0,0.0,0,1.0678,0.0,0
4,1.0993,0,0.0,1,1.1086,0.0,0
1,0.8466,-2,-0.3361,3,0.9777,0.0,0
1,0.9899,0,-0.1975,3,1.1311,0.0,0
1,1.2022,0,0.0,1,1.0724,0.0,0
1,1.0281,1,0.0,1,1.2401,0.0,0
1,1.0062,1,0.0,1,1.1874,0.0,0
3,1.1706,1,0.1002,1,1.0398,0.0,0
1,1.157,1,0.0,1,1.0573,0.0,0
2,1.2284,0,0.0,1,1.0131,0.0009,0
2,0.9989,0,-0.0379,6,0.8466,0.001,0
2,0.9459,0,-0.1497,3,1.0364,0.0007,0
1,1.0724,1,0.0,1,1.2022,0.0,0
1,1.0544,0,0.0,1,1.1669,0.0,0
1,1.1649,0,0.0,1,1.3303,0.0,0
1,1.2525,1,0.0,0,1.2525,0.0,0
4,1.0224,1,-0.0394,1,0.884,0.0,0
2,1.1179,-1,-0.0891,3,1.1311,0.0005,0
1,1.3744,0,0.0,0,1.3744,0.0,0
1,1.3303,0,0.0,1,1.1649,0.0,0
1,1.0407,0,0.0,0,1.0407,0.0,0
1,1.3354,1,0.0,2,1.1179,0.0,0
1,0.884,-1,-0.0254,4,1.0224,0.0,0
1,1.2401,-1,0.106,2,0.9459,0.0,0
1,1.3507,1,0.0,2,1.0863,0.0,0
3,1.1827,3,0.0,1,0.8466,0.0001,0
2,1.0863,0,-0.1246,1,0.884,0.0,0
1,1.0252,0,0.0,0,1.0252,0.0,0
1,1.2549,1,0.0,0,1.2549,0.0,0
1,0.9777,0,-0.0419,6,0.8466,0.0,0
1,1.1736,0,0.0314,3,0.8466,0.0,0
1,1.32,1,0.0,0,1.32,0.0,0
1,1.0245,1,0.0,0,1.0245,0.0,0
1,1.0131,0,0.0,2,1.2284,0.0,0
1,1.0398,0,-0.0792,3,1.1706,0.0,0
1,1.042,1,0.0,0,1.042,0.0,0
1,1.1086,0,0.0,4,1.0993,0.0,0
1,1.1874,0,0.1811,1,0.9899,0.0,0
1,1.1936,1,0.0,1,1.0544,0.0,0
1,1.3629,1,0.0,0,1.3629,0.0,0
1,1.0928,-3,-0.0065,3,1.1015,0.0,0
2,1.3031,1,-0.0477,1,1.006,0.0,0
1,1.157,1,0.0,1,1.0573,0.0,0
3,0.9299,-3,-0.0446,5,0.9486,0.0048,0
5,0.9486,3,-0.0503,3,0.8973,0.0019,0
3,1.0087,-1,-0.0137,3,1.0053,0.0,0
3,0.9694,0,-0.067,3,1.0263,0.0047,0
1,1.0724,1,0.0,0,1.0724,0.0,0
2,1.1813,1,0.1532,1,1.332,0.0,0
2,1.1423,0,-0.086,1,1.0114,0.016,0
3,1.0263,1,0.0804,3,0.9694,0.0237,0
1,1.1649,0,-0.1654,1,1.3303,0.0,0
3,1.1409,2,0.1011,1,1.3711,0.0,0
1,1.0245,0,0.0,0,1.0245,0.0,0
1,1.1258,0,-0.0478,5,0.8973,0.0,0
1,1.042,1,0.0,0,1.042,0.0,0
1,1.2022,1,0.0,0,1.2022,0.0,0
3,1.1015,3,0.0,1,1.0928,0.0,0
1,1.3629,0,0.0,0,1.3629,0.0,0
1,1.32,0,0.0,0,1.32,0.0,0
4,1.1449,1,0.0138,3,1.0156,0.0002,0
1,1.223,0,0.0,1,1.3303,0.0,0
1,1.0573,0,0.0,1,1.157,0.0,0
1,1.006,-1,-0.0803,3,1.0053,0.0,0
1,1.1936,0,0.0,1,1.0544,0.0,0
2,1.0886,2,0.0,3,0.9299,0.0009,0
1,1.2525,0,0.0,0,1.2525,0.0,0
3,1.0053,2,0.1213,3,1.006,0.0,0
3,1.1225,1,0.0047,4,1.1449,0.0261,0
2,1.2367,2,0.0,2,1.0945,0.0008,0
1,1.1669,0,0.0583,1,1.0928,0.0,0
1,1.0114,1,0.0,2,1.0727,0.0,0
1,1.0252,0,0.0,1,1.3744,0.0,0
1,1.0407,1,0.0,0,1.0407,0.0,0
1,1.0544,0,0.0,1,1.1936,0.0,0
1,1.332,0,0.0918,3,1.0263,0.0,0
1,1.1874,0,0.0,1,1.0062,0.0,0
1,1.0156,0,0.0258,4,1.1449,0.0,0
1,1.3743,1,0.0,1,1.0356,0.0,0
1,1.3303,1,0.0,1,1.1649,0.0,0
2,1.0945,-1,-0.0882,2,0.8973,0.0048,0
1,1.0062,0,0.0,1,1.1874,0.0,0
1,1.2549,0,0.0,0,1.2549,0.0,0
1,1.0727,0,0.0,2,1.0114,0.0,0
1,1.3744,1,0.0,1,1.0252,0.0,0
1,1.3711,-2,0.2005,3,1.1409,0.0,0
1,0.8973,0,0.0507,5,0.9486,0.0,0
1,1.1086,1,0.0,3,1.0928,0.0,0
1,1.0356,1,0.0,1,1.3743,0.0,0
1,1.1617,0,-0.1738,3,1.1225,0.0,0
1,1.0678,1,0.0,0,1.0678,0.0,0
4,1.0854,1,-0.0161,1,1.1086,0.0,0
2,1.0608,0,-0.0337,3,1.0606,0.0002,0
1,1.3744,0,0.0,0,1.3744,0.0,0
3,0.9985,0,-0.0278,2,0.9418,0.0203,0
3,1.1936,1,-0.0432,2,1.0608,0.0,0
1,1.3629,0,0.0,0,1.3629,0.0,0
2,1.0606,1,-0.0652,7,0.9382,0.0461,0
1,0.9788,1,0.0,3,0.9985,0.0,0
1,1.2525,1,0.0,0,1.2525,0.0,0
1,1.1874,0,0.0,3,1.0062,0.0,0
3,1.0759,2,0.0603,2,1.1555,0.0,0
3,1.0344,0,0.0292,2,0.9093,0.0,0
1,1.0724,0,0.0,0,1.0724,0.0,0
7,0.9382,2,-0.0105,2,1.052,0.0227,0
2,1.0284,-1,0.0197,3,1.0344,0.0,0
2,1.052,-1,0.1221,7,0.9382,0.0005,0
1,1.1086,0,0.0,4,1.0854,0.0,0
3,1.1961,0,0.0552,1,1.119,0.0,0
1,1.0245,0,0.0,1,1.0727,0.0,0
2,0.9418,-1,-0.0276,3,0.9985,0.0001,0
1,1.2022,0,0.0,0,1.2022,0.0,0
2,1.1927,2,0.0,2,0.9418,0.0321,0
1,1.1936,0,0.1392,1,1.0544,0.0,0
3,1.0624,0,-0.0601,4,1.0215,0.0035,0
2,1.1555,-2,0.0106,3,1.0624,0.0001,0
2,1.1813,0,0.0,1,1.2378,0.0,0
2,0.9093,1,-0.0966,3,1.0344,0.0,0
1,1.3507,1,0.0,1,1.1666,0.0,0
1,1.1649,0,0.0,1,1.3303,0.0,0
1,1.223,1,0.0,0,1.223,0.0,0
1,1.2549,1,0.0,0,1.2549,0.0,0
1,1.119,1,0.0,3,1.1961,0.0,0
1,1.1666,-1,-0.1365,2,0.9093,0.0,0
1,1.0678,0,0.0,0,1.0678,0.0,0
4,1.0215,3,-0.1401,3,1.0624,0.0478,0
1,1.3303,0,0.0,1,1.1649,0.0,0
2,1.18,1,0.1073,1,1.0131,0.0036,0
1,1.0062,0,0.0,1,1.1874,0.0,0
1,1.32,1,0.0,0,1.32,0.0,0
1,1.0356,0,-0.3386,1,1.3743,0.0,0
1,1.2378,1,0.0,2,0.9788,0.0,0
1,1.0131,-1,-0.1293,2,1.18,0.0,0
1,1.1669,0,0.0,1,1.0544,0.0,0
1,1.042,0,0.0,0,1.042,0.0,0
1,1.0407,0,0.0,0,1.0407,0.0,0
1,1.157,1,0.0,1,1.0573,0.0,0
1,1.0573,1,0.0,1,1.157,0.0,0
1,1.0544,1,0.0,1,1.1669,0.0,0
1,1.0252,1,0.0,0,1.0252,0.0,0
1,1.3743,1,0.0,1,1.0356,0.0,0
1,1.0727,1,0.0,2,1.0245,0.0,0
3,1.0931,1,0.0323,3,0.8615,0.0023,0
1,0.9899,0,-0.1975,4,1.1385,0.0,0
2,1.0748,0,-0.1179,3,1.04,0.0718,0
6,1.059,3,-0.0035,1,0.923,0.0035,0
1,1.0678,1,0.0,1,1.0131,0.0,0
1,1.0573,1,0.0,1,1.157,0.0,0
1,1.1874,0,0.1811,1,0.9899,0.0,0
1,1.0131,0,0.0,2,1.0678,0.0,0
2,1.0951,1,-0.0715,2,1.0399,0.0,0
4,1.1385,1,0.0626,1,0.923,0.0,0
1,1.0727,0,0.0,2,1.2284,0.0,0
1,1.042,1,0.0,0,1.042,0.0,0
1,1.3507,0,0.0,2,1.0951,0.0,0
1,1.1649,0,-0.1654,1,1.3303,0.0,0
1,1.2549,1,0.0,0,1.2549,0.0,0
2,0.9676,0,-0.0844,4,0.9119,0.0223,0
1,1.3345,1,0.0,1,1.0281,0.0,0
2,1.2284,0,0.0484,1,1.0131,0.0005,0
2,0.9425,0,-0.1181,4,0.8615,0.0352,0
1,1.0407,1,0.0,0,1.0407,0.0,0
3,0.9206,0,-0.0779,3,1.04,0.0259,0
1,1.119,0,0.0,3,1.2249,0.0,0
4,0.9119,-3,-0.0263,2,0.8615,0.0006,0
2,1.0399,0,0.1305,3,0.9811,0.0,0
1,0.923,-1,-0.2325,6,1.059,0.0,0
3,1.04,1,0.0981,3,0.9206,0.0019,0
3,1.033,-1,-0.0524,2,1.0855,0.0,0
1,1.1936,0,0.0,1,1.0544,0.0,0
3,1.2249,0,0.0288,1,1.119,0.0,0
3,0.9811,0,-0.0533,2,0.9754,0.0,0
1,1.2022,1,0.0,0,1.2022,0.0,0
2,1.0855,1,-0.0232,3,1.033,0.0267,0
1,1.0356,0,0.0,1,1.3743,0.0,0
2,1.0551,2,0.0,3,0.9206,0.0007,0
1,1.3744,1,0.0,1,1.0252,0.0,0
3,1.1842,0,-0.0093,3,1.0931,0.0,0
1,0.9754,-1,-0.053,3,0.9811,0.0,0
1,1.3303,1,0.0,1,1.1649,0.0,0
2,1.0793,2,0.0,4,0.8615,0.0015,0
1,1.3743,0,0.0,1,1.0356,0.0,0
1,1.2525,1,0.0,0,1.2525,0.0,0
1,1.0724,1,0.0,0,1.0724,0.0,0
1,1.0062,1,0.0,1,1.1874,0.0,0
1,1.223,0,0.0,1,1.3303,0.0,0
1,1.2378,0,0.0,2,1.0281,0.0,0
2,0.8615,2,0.0,4,0.9119,0.0,0
1,1.0544,0,0.0,1,1.1936,0.0,0
1,1.1867,1,0.0,3,1.033,0.0,0
1,1.0245,1,0.0,0,1.0245,0.0,0
1,1.32,1,0.0,0,1.32,0.0,0
1,1.3629,1,0.0,0,1.3629,0.0,0
1,1.157,0,0.0,1,1.0573,0.0,0
1,1.0281,1,0.0,1,1.2378,0.0,0
1,1.0252,0,0.0,1,1.3744,0.0,0
1,1.1617,-1,0.1066,3,0.8892,0.0,0
3,1.1442,2,0.0715,1,1.0131,0.0004,0
3,0.9337,1,0.0722,4,0.8549,0.0001,0
1,1.0356,0,0.0,0,1.0356,0.0,0
2,1.3031,1,-0.0477,1,0.9348,0.0,0
5,1.0641,-1,0.0052,3,1.0455,0.0064,0
4,1.0645,3,-0.1222,1,1.0302,0.0,0
1,1.3743,1,0.0,0,1.3743,0.0,0
1,1.0043,0,-0.2335,2,0.8892,0.0,0
1,1.2549,0,0.0,0,1.2549,0.0,0
3,1.1706,2,0.0516,1,1.0398,0.0,0
3,1.0996,-1,-0.0388,3,1.0455,0.0,0
3,0.9273,0,0.0067,4,0.8892,0.0277,0
3,1.0455,2,0.1226,5,1.0641,0.0004,0
2,0.8549,0,-0.2244,4,0.8919,0.0041,0
3,0.9845,1,0.0169,4,0.8549,0.0206,0
1,1.1669,-1,0.0814,1,1.0302,0.0,0
2,1.0809,1,0.0528,1,1.0043,0.096,0
1,1.223,1,0.0,0,1.223,0.0,0
4,0.8919,0,-0.02,3,0.8549,0.0289,1
3,1.0137,0,-0.0793,3,0.9337,0.0044,0
1,1.3744,0,0.0,1,1.0252,0.0,0
1,1.0245,0,0.0,0,1.0245,0.0,0
4,1.0421,1,0.0021,3,0.9273,0.0029,0
2,1.2856,2,0.0,2,1.1259,0.0,0
2,1.0284,-1,0.0473,4,1.0104,0.0,0
1,1.1649,0,0.0,1,1.3303,0.0,0
4,1.0104,2,-0.0295,2,0.9348,0.0,0
1,1.32,1,0.0,0,1.32,0.0,0
1,1.042,0,0.0,0,1.042,0.0,0
1,1.0131,-1,-0.2153,3,1.1442,0.0,0
1,1.1874,0,0.0,2,1.0062,0.0,0
1,1.0302,-2,-0.0028,4,1.0645,0.0,0
1,0.8892,1,0.0,3,0.9273,0.0,0
2,1.1035,1,0.1136,3,1.0996,0.0,0
1,1.0398,1,0.0,3,1.1706,0.0,0
2,0.9463,0,0.0038,4,0.8919,0.0294,0
1,1.1936,0,0.0,0,1.1936,0.0,0
1,1.3303,0,0.0,1,1.1649,0.0,0
1,1.2022,0,0.0,0,1.2022,0.0,0
1,1.0252,0,0.0,1,1.3744,0.0,0
1,1.0062,0,0.0,1,1.1874,0.0,0
1,1.3629,1,0.0,0,1.3629,0.0,0
1,1.0407,0,0.0,0,1.0407,0.0,0
1,1.2525,1,0.0,0,1.2525,0.0,0
2,1.1259,-1,-0.0584,3,1.0137,0.0008,0
1,1.157,1,0.0,1,1.0573,0.0,0
1,1.0678,0,0.0,0,1.0678,0.0,0
1,1.0544,1,0.0,1,1.1669,0.0,0
1,1.3345,1,0.0,2,1.0809,0.0,0
1,1.0724,0,0.0,0,1.0724,0.0,0
1,1.1373,-1,0.0625,4,1.0421,0.0,0
1,1.0573,0,-0.0998,1,1.157,0.0,0
1,0.9348,-1,-0.1603,4,1.0104,0.0,0
1,1.2554,-1,-0.0477,2,0.9568,0.0,0
5,1.0527,1,-0.0118,1,1.1669,0.0233,0
1,1.157,0,0.0,1,1.0573,0.0,0
1,1.3303,1,0.0,1,1.223,0.0,0
2,1.0968,1,0.0906,0,1.0968,0.0,0
1,1.2816,-1,-0.004,2,0.9733,0.0,0
1,1.0573,0,0.0,1,1.157,0.0,0
1,0.9733,-1,-0.1526,2,0.9705,0.0,0
4,1.1163,2,0.0128,1,1.1607,0.0,0
2,1.1172,0,0.0364,1,1.0807,0.081,0
1,1.3629,0,0.0,0,1.3629,0.0,0
2,1.0373,1,-0.1244,3,0.9272,0.0029,0
5,0.9006,2,-0.0331,3,0.8433,0.0026,0
2,0.9705,-1,-0.0432,5,0.9006,0.0,0
1,1.105,0,-0.0323,6,1.0055,0.0,0
1,1.2212,1,0.0,2,0.9705,0.0,0
6,1.0055,2,-0.0366,3,0.9272,0.0037,0
1,1.0724,1,0.0,1,1.2022,0.0,0
5,1.0473,0,-0.0168,3,1.0086,0.0009,0
1,1.0407,1,0.0,0,1.0407,0.0,0
1,1.3743,0,0.0,1,1.0356,0.0,0
2,0.9913,0,-0.0371,3,1.0446,0.0,0
1,1.0245,0,0.0,1,1.0727,0.0,0
1,1.0807,0,0.0764,2,1.0373,0.0,0
2,0.9568,1,0.022,3,1.0446,0.0,0
3,1.0446,-1,0.0342,2,0.9568,0.0,0
3,0.8433,-1,-0.0486,5,0.9006,0.001,0
1,1.3877,1,0.0,2,1.1416,0.0,0
1,1.0727,1,0.0,2,1.0245,0.0,0
3,1.0086,0,-0.0369,5,1.0473,0.0001,0
1,1.0398,0,0.0,3,1.2249,0.0,0
3,0.9272,0,-0.0001,6,1.0055,0.0277,0
1,1.1607,-2,0.061,4,1.0086,0.0,0
5,1.0162,2,0.0318,3,0.8433,0.0014,0
2,1.1416,2,0.0,1,0.9733,0.0309,0
2,1.18,-1,0.0358,1,1.0131,0.0001,0
1,1.042,0,0.0,0,1.042,0.0,0
1,1.2022,0,0.0,1,1.0724,0.0,0
1,0.909,-1,0.0542,5,0.8433,0.0,0
1,1.32,1,0.0,1,1.1649,0.0,0
1,1.2525,0,0.0,0,1.2525,0.0,0
1,1.0356,1,0.0,1,1.3743,0.0,0
1,1.0252,1,0.0,1,1.3744,0.0,0
1,1.1649,0,0.0,1,1.32,0.0,0
1,1.0678,0,0.0,0,1.0678,0.0,0
1,1.0131,0,0.0,2,1.18,0.0,0
1,1.1669,1,0.0,5,1.0527,0.0,0
1,1.223,1,0.0,1,1.3303,0.0,0
3,1.2249,0,0.0543,1,1.0398,0.0,0
1,1.3345,0,0.0,2,1.1172,0.0,0
1,1.3744,0,0.3492,1,1.0252,0.0,0
1,1.3507,1,0.0,1,1.2554,0.0,0
1,1.1936,1,0.0,1,1.0544,0.0,0
1,1.0544,0,0.0,1,1.1936,0.0,0
1,0.9716,-1,0.0253,5,0.8433,0.0,0
1,1.2549,1,0.0,0,1.2549,0.0,0
2,1.0654,1,0.0922,5,0.955,0.0,0
1,1.0043,-1,-0.113,1,0.913,0.0,0
5,1.0245,-1,0.019,3,0.9664,0.0009,0
5,1.0157,0,-0.0005,6,0.824,0.0065,0
1,0.9754,-1,-0.0159,3,1.0152,0.0,0
1,0.9348,0,-0.3206,2,1.0517,0.0,0
5,1.0031,2,-0.0055,2,1.019,0.0006,0
4,1.1786,3,0.1388,0,1.1786,0.0,0
2,1.0517,0,0.0949,3,0.9348,0.0,0
1,1.0573,0,0.0,0,1.0573,0.0,0
3,0.9402,-2,0.0396,6,0.7812,0.0029,0
3,1.0152,0,-0.0294,2,0.9754,0.0,0
5,0.955,3,-0.0155,3,0.7812,0.003,0
3,0.9664,0,0.0391,5,0.9004,0.0003,0
1,1.2022,1,0.0,0,1.2022,0.0,0
6,0.824,3,-0.0193,5,0.7812,0.0184,1
2,0.9004,0,-0.137,3,0.913,0.0043,0
1,1.0407,0,0.0,0,1.0407,0.0,0
1,1.1669,0,0.0,4,1.0258,0.0,0
1,1.1874,-1,0.0906,1,0.9899,0.0,0
1,1.0356,0,0.0,0,1.0356,0.0,0
4,1.0258,-1,-0.027,1,1.1669,0.0274,0
1,1.0724,0,0.0,0,1.0724,0.0,0
1,1.1617,1,0.0,2,0.9004,0.0,0
1,1.1649,1,0.0,1,1.3303,0.0,0
2,1.3347,1,-0.053,2,1.1399,0.1095,0
1,1.0216,0,-0.0834,5,1.0245,0.0,0
2,1.2206,1,0.1479,1,1.0884,0.0,0
1,1.0678,1,0.0,1,1.0131,0.0,0
1,1.3629,1,0.0,0,1.3629,0.0,0
4,1.1526,0,0.0363,2,0.9899,0.0,0
2,1.3031,1,-0.0477,1,0.9348,0.0,0
1,1.0884,-1,-0.0916,2,1.0131,0.0,0
1,1.2525,1,0.0,0,1.2525,0.0,0
1,1.042,1,0.0,0,1.042,0.0,0
1,1.0245,1,0.0,0,1.0245,0.0,0
1,1.32,0,0.0,0,1.32,0.0,0
1,1.3303,0,0.0,1,1.1649,0.0,0
1,1.2549,0,0.0,0,1.2549,0.0,0
1,1.1936,0,0.0,1,1.0544,0.0,0
2,1.019,1,-0.1417,5,1.0031,0.0,0
1,1.3743,1,0.0,0,1.3743,0.0,0
1,1.2673,-4,0.2199,5,1.0031,0.0,0
1,1.0062,1,0.0,1,1.1874,0.0,0
1,1.223,1,0.0,0,1.223,0.0,0
1,1.3744,0,0.0,1,1.0252,0.0,0
1,0.9899,1,0.0,4,1.1526,0.0,0
1,1.0281,1,0.0,1,1.0043,0.0,0
1,0.7812,0,-0.1904,6,0.824,0.0,0
1,0.913,0,-0.1677,2,0.9004,0.0,0
1,1.2378,0,-0.0968,1,1.0043,0.0,0
1,1.0252,0,0.0,1,1.3744,0.0,0
1,1.157,1,0.0,1,0.9754,0.0,0
2,1.1399,0,-0.0017,2,1.0654,0.0498,0
1,1.0131,0,0.0,1,1.0678,0.0,0
1,1.3345,1,0.0,1,1.2378,0.0,0
1,1.0544,0,0.0,1,1.1936,0.0,0
1,1.2378,0,0.0,1,1.0281,0.0,0
5,1.0592,0,0.0561,3,1.0086,0.0002,0
5,0.9386,0,-0.0859,3,1.0081,0.0009,0
1,1.2554,-1,-0.0477,1,1.006,0.0,0
3,0.8212,0,-0.119,5,0.8241,0.0041,0
4,1.1022,3,0.1123,1,1.1874,0.0,0
1,1.3303,1,0.0,1,1.223,0.0,0
1,1.042,0,0.0,0,1.042,0.0,0
3,1.1961,-1,0.0174,1,1.0398,0.0,0
4,1.0039,2,-0.0478,2,1.006,0.0,0
3,1.0086,1,-0.0104,5,1.0592,0.0,0
1,1.0398,1,0.0,3,1.1961,0.0,0
3,1.1778,1,-0.1569,1,1.2212,0.0618,0
1,1.3345,0,0.0,1,1.2378,0.0,0
5,0.9667,0,0.0117,3,0.8212,0.0001,0
2,0.8495,1,0.0683,5,0.8212,0.0419,0
4,0.9433,-1,-0.0724,5,0.8241,0.024,0
2,0.9162,0,0.0158,3,0.9312,0.004,0
1,1.0281,0,0.0,1,1.0807,0.0,0
5,0.8241,-1,0.0001,4,0.8212,0.0155,1
1,1.1649,0,0.0,0,1.1649,0.0,0
2,0.8914,2,0.0,5,0.8212,0.0114,0
1,1.1755,1,0.0,0,1.1755,0.0,0
1,1.32,0,0.0,0,1.32,0.0,0
1,1.0407,0,0.0,0,1.0407,0.0,0
1,1.3877,1,0.0,3,1.1778,0.0,0
1,1.0062,0,0.0,1,1.1874,0.0,0
1,1.0131,0,-0.0753,3,1.1765,0.0,0
1,1.006,0,0.0712,4,1.0039,0.0,0
1,1.0807,0,0.0764,2,0.9312,0.0,0
2,1.1998,1,0.1746,0,1.1998,0.0,0
1,1.3743,1,0.0,0,1.3743,0.0,0
1,1.165,1,0.0,5,0.9386,0.0,0
1,1.1917,-3,0.039,4,1.0086,0.0,0
1,1.223,0,0.0,1,1.3303,0.0,0
1,0.9479,-1,-0.1175,5,0.9636,0.0,0
3,1.0081,0,0.0417,5,0.9162,0.0003,0
1,1.2525,0,0.0,0,1.2525,0.0,0
1,1.1919,0,0.0302,2,0.9162,0.0,0
1,1.0678,0,0.0,0,1.0678,0.0,0
1,1.0573,1,0.0,1,1.157,0.0,0
1,1.1401,0,0.1186,5,0.9386,0.0,0
1,1.0724,0,0.0,0,1.0724,0.0,0
2,1.0442,-2,0.0184,0,1.0442,0.0217,0
1,1.0544,1,0.0,1,1.1936,0.0,0
2,1.0667,-1,0.0516,4,1.0039,0.0,0
1,1.0245,0,0.0,0,1.0245,0.0,0
1,1.3507,1,0.0,1,1.2554,0.0,0
1,0.9636,1,0.0,5,0.9479,0.0,0
1,1.0356,1,0.0,0,1.0356,0.0,0
1,1.3629,0,0.0,0,1.3629,0.0,0
2,0.9312,1,0.0183,2,0.9162,0.0002,0
1,1.1874,0,0.0,4,1.0062,0.0,0
1,1.157,0,0.0,1,1.0573,0.0,0
3,1.1765,1,-0.0441,1,1.0131,0.0,0
1,1.2549,1,0.0,0,1.2549,0.0,0
1,1.2212,-1,0.0813,3,0.9479,0.0,0
1,1.2022,0,0.0,0,1.2022,0.0,0
1,1.1936,0,0.1392,1,1.0544,0.0,0
1,1.1936,0,0.0,1,1.0544,0.0,0
4,0.9916,0,0.0483,7,0.7309,0.0262,0
1,1.3507,1,0.0,1,1.1936,0.0,0
1,1.2022,1,0.0,1,1.2554,0.0,0
7,0.8251,2,0.001,4,0.7309,0.0155,1
1,1.1736,-2,-0.0042,2,1.1482,0.0,0
1,1.0245,0,0.0,2,1.2206,0.0,0
1,1.0407,1,0.0,0,1.0407,0.0,0
2,1.1619,2,0.0,2,1.1482,0.0006,0
5,1.1201,1,0.0179,0,1.1201,0.0,0
1,1.2896,0,-0.0982,2,1.1619,0.0,0
2,0.9685,0,0.0373,4,0.93,0.0002,0
5,1.0371,0,-0.0221,3,1.0255,0.0002,0
1,1.3303,1,0.0,1,1.1649,0.0,0
1,1.3744,-1,0.1746,1,1.0252,0.0,0
3,0.8155,0,-0.0057,7,0.7309,0.0048,0
1,1.223,1,0.0,0,1.223,0.0,0
2,1.2206,2,0.0,1,1.0245,0.0,0
4,0.9687,-1,0.0019,3,0.8155,0.0,0
1,1.0398,0,0.0,3,1.1637,0.0,0
1,1.0043,0,-0.0764,2,0.9685,0.0,0
2,1.1482,1,-0.073,2,0.9538,0.0887,0
4,0.93,2,0.0138,4,0.9286,0.0041,0
3,1.0255,0,0.0169,5,1.0371,0.0,0
1,1.042,0,0.0,1,1.2525,0.0,0
1,0.7309,-1,-0.1605,7,0.8155,0.0,0
2,1.1329,2,0.0,1,1.3345,0.0719,0
1,1.0724,1,0.0,0,1.0724,0.0,0
2,1.2206,2,0.0,5,1.0371,0.0005,0
5,1.0277,0,0.0891,4,0.9286,0.0014,0
1,1.1669,-1,0.1227,1,1.1086,0.0,0
4,0.9286,1,-0.0794,5,0.93,0.0302,0
2,1.0296,0,-0.0371,2,0.9808,0.0,0
1,1.0544,0,0.0,1,1.1936,0.0,0
1,1.1086,1,0.0,1,1.1669,0.0,0
1,1.1874,0,0.1811,1,1.0062,0.0,0
3,1.1637,0,-0.0323,1,1.0398,0.0,0
2,0.9808,-2,-0.0231,3,0.9947,0.0,0
1,1.0131,0,0.0,1,1.0884,0.0,0
1,1.2549,0,0.0,0,1.2549,0.0,0
3,0.9947,2,-0.0113,2,0.9808,0.0,0
1,1.3629,1,0.0,0,1.3629,0.0,0
1,1.1649,1,0.0,1,1.3303,0.0,0
2,0.9538,1,0.0058,4,0.9687,0.0,0
1,1.0573,0,0.0,1,1.157,0.0,0
1,1.0062,1,0.0,1,1.1874,0.0,0
1,1.1617,1,0.0,1,1.0043,0.0,0
1,0.9777,0,0.0141,4,0.9538,0.0,0
1,1.157,0,0.0,1,1.0573,0.0,0
2,0.8593,0,0.0098,7,0.8155,0.0001,0
1,1.3345,1,0.0,2,1.1329,0.0,0
1,1.0252,1,0.0,1,1.3744,0.0,0
1,1.3743,1,0.0,0,1.3743,0.0,0
1,1.0356,1,0.0,0,1.0356,0.0,0
1,1.0884,-2,-0.0881,2,1.0131,0.0,0
1,1.32,1,0.0,0,1.32,0.0,0
1,1.2554,0,-0.0954,1,1.2022,0.0,0
1,1.2525,1,0.0,1,1.042,0.0,0
1,1.0678,0,0.0,0,1.0678,0.0,0
6,1.0167,3,-0.0089,2,1.019,0.0,0
3,1.0081,-1,0.078,4,0.8969,0.0,0
1,1.1874,0,0.0,2,1.0062,0.0,0
3,1.1203,-2,0.0002,2,1.019,0.0,0
1,0.9164,1,0.0,2,0.8462,0.0,0
6,0.834,-1,0.0089,3,0.7767,0.023,1
2,1.0081,-2,0.0165,6,0.834,0.001,0
2,0.9286,0,-0.0399,3,0.8993,0.0,0
3,0.7767,0,-0.0388,6,0.777,0.0038,0
1,0.777,-1,-0.0823,6,0.7767,0.0,0
1,1.1669,0,0.0583,0,1.1669,0.0,0
1,1.0807,1,0.0,2,0.913,0.0,0
1,1.3303,1,0.0,1,1.223,0.0,0
1,1.157,1,0.0,1,1.0573,0.0,0
1,0.913,0,-0.0913,2,0.8993,0.0,0
4,0.8969,0,-0.0317,6,1.0062,0.028,1
1,1.3345,0,0.0,2,1.18,0.0,0
4,0.9576,2,0.0038,4,0.9113,0.0,0
6,1.0062,1,-0.0215,4,0.8969,0.0101,0
1,1.042,1,0.0,0,1.042,0.0,0
4,0.9113,0,-0.0574,4,0.7767,0.0024,0
1,1.1085,1,0.0,2,1.0144,0.0,0
2,1.2856,1,-0.004,2,1.1555,0.028,0
1,1.0724,0,0.0,0,1.0724,0.0,0
3,1.1383,2,0.0985,1,1.0398,0.0,0
2,1.0551,-1,0.0605,4,0.9348,0.0,0
2,1.18,0,0.0471,1,1.0807,0.0657,0
1,1.0573,0,-0.0998,1,1.157,0.0,0
1,1.2554,0,0.0,1,0.9348,0.0,0
1,1.0678,1,0.0,1,1.0131,0.0,0
2,1.019,2,0.0,6,1.0167,0.0,0
1,1.0131,0,0.0,1,1.0678,0.0,0
2,1.1342,0,-0.0863,1,1.0144,0.0,0
2,1.124,1,0.0696,0,1.124,0.0141,0
1,1.0144,1,0.0,2,1.1085,0.0,0
1,1.3743,0,0.0,1,1.0356,0.0,0
1,0.8993,1,0.0,3,0.913,0.0,0
4,0.9981,2,0.0173,2,1.0551,0.0,0
1,1.0407,1,0.0,0,1.0407,0.0,0
1,1.3507,1,0.0,1,1.2554,0.0,0
1,1.0316,0,0.0538,4,0.9113,0.0,0
1,1.3629,0,0.0,0,1.3629,0.0,0
1,1.223,0,0.0,1,1.3303,0.0,0
2,1.1998,1,0.1746,0,1.1998,0.0,0
1,1.32,0,0.0,0,1.32,0.0,0
1,1.0398,1,0.0,3,1.1383,0.0,0
1,1.2525,0,0.0,0,1.2525,0.0,0
2,1.1197,2,0.0,3,1.1203,0.0,0
3,1.1508,1,-0.0697,0,1.1508,0.0,0
1,1.2022,1,0.0,0,1.2022,0.0,0
1,0.9348,1,0.0,2,1.0551,0.0,0
1,1.2549,1,0.0,0,1.2549,0.0,0
1,1.0356,1,0.0,1,1.3743,0.0,0
1,1.0062,1,0.0,1,1.1874,0.0,0
1,1.1649,0,0.0,0,1.1649,0.0,0
1,1.1894,0,0.0158,2,0.9444,0.0,0
2,0.8462,1,0.1153,6,0.7767,0.0012,0
2,1.1555,0,-0.0064,2,0.9444,0.0002,0
1,1.0245,1,0.0,0,1.0245,0.0,0
1,1.2827,0,0.121,1,0.8993,0.0,0
2,0.9444,0,-0.2037,4,0.9576,0.0785,0
6,0.9181,2,0.0212,4,0.9517,0.026,0
2,0.7385,1,-0.0385,7,0.8234,0.0272,0
3,0.8476,-1,-0.0636,5,0.7385,0.0032,0
3,0.9809,1,0.0364,5,0.9886,0.0715,0
5,1.0301,-1,0.0135,3,1.0171,0.0,0
4,0.9517,-2,-0.0545,6,0.9181,0.002,0
3,1.1383,0,0.0,1,1.0398,0.0,0
2,1.0968,1,0.0906,0,1.0968,0.0,0
7,0.8857,1,0.0517,5,0.7385,0.0016,1
1,1.223,0,0.0,1,1.3303,0.0,0
5,0.8234,2,0.0467,7,0.7385,0.0039,1
5,0.9886,1,0.031,3,0.8476,0.0732,0
4,1.1022,2,-0.0176,1,1.1917,0.0,0
2,0.9913,-2,-0.0069,4,0.9903,0.0,0
1,1.0678,0,0.0,0,1.0678,0.0,0
1,1.042,0,0.0,0,1.042,0.0,0
2,1.2206,2,0.0,1,1.0245,0.0,0
1,1.3629,1,0.0,0,1.3629,0.0,0
1,1.2022,1,0.0,0,1.2022,0.0,0
2,1.18,0,0.0,1,1.0043,0.0608,0
1,1.0131,1,0.0,1,1.0884,0.0,0
1,1.0573,0,0.0,1,1.157,0.0,0
3,1.1778,1,-0.1078,1,1.2212,0.029,0
3,1.0171,1,-0.0019,5,1.0301,0.0,0
1,0.8818,-1,-0.0468,3,0.8993,0.0,0
1,1.2827,1,0.0,2,0.9439,0.0,0
1,1.32,1,0.0,0,1.32,0.0,0
4,0.9903,2,-0.0648,2,0.9913,0.0,0
3,0.9986,0,-0.0095,6,0.8818,0.0,0
2,0.9439,1,0.031,1,0.8818,0.0282,0
1,0.9409,-1,-0.0672,7,0.8857,0.0,0
1,1.157,0,0.0,1,1.0573,0.0,0
1,1.3507,1,0.0,1,1.1936,0.0,0
1,1.1917,-2,0.0714,4,1.0171,0.0,0
1,1.2525,0,0.0,0,1.2525,0.0,0
1,1.0724,1,0.0,0,1.0724,0.0,0
3,1.1063,1,-0.0279,1,0.9426,0.0017,0
1,1.3877,1,0.0,3,1.1778,0.0,0
1,1.0407,1,0.0,0,1.0407,0.0,0
1,1.2549,0,0.0,0,1.2549,0.0,0
1,1.0043,0,-0.0764,2,0.9439,0.0,0
1,1.1936,-1,0.0696,1,1.0544,0.0,0
1,1.2212,-1,0.0657,3,0.9809,0.0,0
1,1.0391,1,0.0,4,0.9517,0.0,0
1,1.0252,1,0.0,1,1.3744,0.0,0
1,1.006,0,0.0712,4,0.9903,0.0,0
1,0.8993,0,0.0,3,0.8818,0.0,0
1,1.1649,1,0.0,1,1.3303,0.0,0
1,1.2554,1,0.0,1,1.3507,0.0,0
1,1.3303,0,0.0,1,1.1649,0.0,0
1,1.3743,1,0.0,0,1.3743,0.0,0
1,1.3345,1,0.0,0,1.3345,0.0,0
1,1.0356,0,0.0,0,1.0356,0.0,0
1,1.3529,0,0.2444,3,0.9426,0.0,0
1,1.0398,1,0.0,3,1.1383,0.0,0
1,0.9426,0,-0.0718,3,1.1063,0.0,0
1,1.0245,0,0.0,2,1.2206,0.0,0
1,1.3744,-1,0.1746,1,1.0252,0.0,0
1,1.0884,-2,-0.0625,2,1.0131,0.0,0
1,1.0544,1,0.0,1,1.1936,0.0,0
4,0.9632,-1,-0.0253,4,0.8671,0.0465,0
2,1.1651,2,0.0,3,1.0066,0.0,0
4,0.9959,0,0.0442,4,0.8904,0.0122,0
1,1.157,1,0.0,2,1.0284,0.0,0
3,1.1492,0,0.0429,2,1.1651,0.0027,0
1,1.3743,0,0.0,0,1.3743,0.0,0
1,1.1874,-1,0.0906,1,1.0062,0.0,0
3,0.997,2,-0.009,2,0.9937,0.0,0
1,1.004,-2,-0.1343,3,1.1502,0.0,0
3,0.8052,-2,-0.0182,5,0.8264,0.0001,0
5,0.8533,-2,-0.0323,4,0.8052,0.0353,1
1,1.3303,0,0.1072,1,1.223,0.0,0
2,0.9937,-2,0.0034,3,0.997,0.0,0
1,1.0573,0,0.0,0,1.0573,0.0,0
2,1.0972,1,-0.124,4,0.9717,0.0173,0
4,0.9717,1,-0.0092,4,0.9632,0.0558,0
1,1.0807,0,0.0764,2,0.9312,0.0,0
5,1.0749,2,0.0579,3,1.0066,0.0,0
2,1.18,2,0.0,1,1.3345,0.0052,0
3,0.9464,2,0.0471,5,0.9074,0.0712,0
2,1.0999,1,0.159,5,0.8533,0.0069,0
2,1.2206,0,0.0,1,1.0245,0.0,0
1,0.8919,1,0.0,5,0.8052,0.0,0
1,1.32,1,0.0,1,1.1649,0.0,0
2,1.0284,0,0.0371,2,0.9937,0.0,0
1,1.0544,1,0.0,1,1.1936,0.0,0
3,1.1502,2,0.1104,1,1.004,0.0,0
4,1.0955,0,-0.0067,1,1.2496,0.0,0
3,1.0066,-2,-0.0236,5,1.0749,0.0,0
2,0.9312,0,-0.0127,3,0.9074,0.0,0
1,1.2525,1,0.0,1,1.042,0.0,0
4,0.8671,1,0.0195,4,0.8052,0.0002,1
1,1.0356,1,0.0,0,1.0356,0.0,0
1,1.0747,-2,-0.1031,2,1.0972,0.0,0
5,0.9345,2,-0.064,4,0.8904,0.0047,0
4,0.8904,-2,-0.0277,5,0.9345,0.0368,1
4,0.8264,2,0.0879,5,0.8052,0.0003,1
1,1.3345,0,0.0,2,1.18,0.0,0
1,1.0067,0,-0.0324,4,0.9959,0.0,0
1,0.9074,0,0.0256,5,0.9312,0.0,0
1,1.3507,0,0.0,1,1.2554,0.0,0
1,1.223,1,0.0,1,1.3303,0.0,0
1,1.1649,1,0.0,1,1.32,0.0,0
1,1.3744,0,0.3492,1,1.0252,0.0,0
1,1.0062,1,0.0,1,1.1874,0.0,0
1,1.0678,0,0.0,0,1.0678,0.0,0
1,1.0884,0,0.0,2,1.0131,0.0,0
1,1.1936,0,0.1392,1,1.0544,0.0,0
1,1.2554,1,0.0,1,1.2022,0.0,0
1,1.0252,1,0.0,1,1.3744,0.0,0
1,1.2496,1,0.0,4,1.0955,0.0,0
1,1.042,0,0.0,1,1.2525,0.0,0
1,1.3877,1,0.0,1,1.2816,0.0,0
1,1.2816,0,-0.1061,1,1.0747,0.0,0
1,1.0245,0,0.0,2,1.2206,0.0,0
1,1.2549,1,0.0,0,1.2549,0.0,0
1,1.0724,0,0.0,0,1.0724,0.0,0
1,1.2364,1,0.0,2,1.0747,0.0,0
1,1.0131,0,0.0,1,1.0884,0.0,0
1,1.2827,0,0.0,2,0.9312,0.0,0
1,1.0407,0,0.0,0,1.0407,0.0,0
1,1.3629,1,0.0,0,1.3629,0.0,0
1,1.2022,0,0.0,1,1.2554,0.0,0
4,0.7973,-1,-0.056,5,0.8096,0.0304,1
1,1.2306,1,0.0,3,1.0897,0.0,0
2,1.1695,1,-0.1121,2,1.2212,0.0023,0
3,0.9357,1,0.0045,3,0.913,0.06,0
3,1.0897,0,-0.0595,3,1.0783,0.0025,0
6,1.0305,1,-0.0445,2,1.0505,0.0,0
6,0.9234,2,0.033,4,0.9177,0.0411,0
4,0.9925,2,-0.0012,2,1.0281,0.0,0
2,1.0281,-1,0.0311,4,0.9348,0.0,0
1,1.157,0,0.0,1,1.0573,0.0,0
2,1.0104,0,-0.0868,5,0.9872,0.0305,0
2,1.3347,1,-0.053,2,1.1695,0.0001,0
5,0.9872,1,0.0155,2,0.9347,0.009,0
3,0.9986,0,0.0522,4,0.9177,0.0,0
5,0.8096,2,0.0044,4,0.7973,0.0033,1
1,1.0724,0,0.0,0,1.0724,0.0,0
3,1.0783,1,-0.0868,3,1.0897,0.0002,0
2,1.0175,0,-0.0824,4,0.7973,0.0144,0
3,1.1402,2,-0.1094,2,1.1028,0.0,0
1,1.0544,0,0.0,1,1.1936,0.0,0
1,1.0281,1,0.0,1,1.1919,0.0,0
2,1.0805,0,-0.14,1,1.3684,0.0,0
2,0.9788,-2,0.0155,5,0.8091,0.0402,0
2,1.1028,-2,0.0074,3,1.0505,0.0,0
3,1.1383,0,-0.0119,1,1.0398,0.0,0
1,1.0062,1,0.0,1,1.1874,0.0,0
3,1.0555,-1,0.0595,6,0.9234,0.0018,0
4,0.9177,-1,-0.0168,6,0.9234,0.0045,0
1,1.3629,0,0.0,0,1.3629,0.0,0
1,1.3345,1,0.0,1,1.0407,0.0,0
2,1.1998,1,0.1746,0,1.1998,0.0,0
3,0.8091,-1,-0.058,5,0.8096,0.0029,0
1,1.0245,1,0.0,1,1.3684,0.0,0
3,0.8434,-1,0.0171,5,0.7973,0.0004,0
1,1.3303,0,0.0,1,1.1649,0.0,0
1,1.1919,1,0.0,1,0.913,0.0,0
2,0.9347,2,0.0,5,0.8091,0.0937,0
1,1.1936,0,0.0,1,1.0544,0.0,0
1,1.3684,0,0.344,2,1.0245,0.0,0
1,0.913,0,-0.1677,3,0.9357,0.0,0
2,1.0505,2,0.0,6,1.0305,0.0,0
1,1.0573,1,0.0,1,1.157,0.0,0
1,1.2022,1,0.0,1,1.2554,0.0,0
2,1.0835,1,0.1915,5,0.7973,0.0021,0
1,1.0678,1,0.0,1,1.0131,0.0,0
1,1.332,0,-0.0026,1,1.0281,0.0,0
1,1.311,1,0.0,3,1.0897,0.0,0
1,1.0398,1,0.0,3,1.1383,0.0,0
1,1.3507,1,0.0,1,1.0544,0.0,0
1,1.32,0,0.0,0,1.32,0.0,0
1,1.042,1,0.0,0,1.042,0.0,0
1,1.2549,0,0.0,0,1.2549,0.0,0
1,1.2212,0,-0.0152,2,1.0104,0.0,0
1,1.0407,0,0.0,1,1.3345,0.0,0
1,1.0356,1,0.0,0,1.0356,0.0,0
1,1.2525,0,0.0,0,1.2525,0.0,0
1,1.1649,1,0.0,1,1.3303,0.0,0
1,1.0043,1,0.0,1,0.913,0.0,0
1,1.0131,0,0.0,1,1.0678,0.0,0
1,1.223,0,0.0,1,1.3303,0.0,0
1,1.1874,0,0.1811,1,1.0062,0.0,0
1,1.2554,0,-0.0954,1,1.2022,0.0,0
1,1.3743,1,0.0,0,1.3743,0.0,0
1,0.9348,1,0.0,2,1.0281,0.0,0
5,1.0341,-1,0.0037,3,1.0485,0.0,0
4,1.1014,1,0.0118,3,1.0834,0.0011,0
1,1.2525,1,0.0,1,1.042,0.0,0
3,1.0185,1,0.008,5,1.0295,0.0256,0
1,1.0887,-1,0.0052,5,0.7925,0.0,0
3,1.2571,1,0.0876,1,1.2816,0.0032,0
2,1.1998,2,0.0,0,1.1998,0.0,0
3,1.0485,1,-0.0019,5,1.0341,0.0,0
1,1.0062,1,0.0,1,1.1874,0.0,0
4,0.881,0,-0.0367,5,0.957,0.0001,1
1,1.3743,0,0.0,0,1.3743,0.0,0
1,1.0356,0,0.0,0,1.0356,0.0,0
1,1.042,0,0.0,1,1.2525,0.0,0
5,0.957,-1,0.0336,4,0.881,0.0256,0
7,0.8148,4,0.0057,5,0.7925,0.0876,1
1,1.32,1,0.0,1,1.1649,0.0,0
3,0.9564,1,-0.0716,2,1.0284,0.0,0
5,0.7925,0,-0.0171,7,0.8148,0.0025,1
1,1.0884,-1,0.0078,2,1.0131,0.0,0
1,0.9002,-2,0.0568,7,0.7925,0.0,0
1,1.3303,0,0.1072,1,1.223,0.0,0
1,1.2816,-1,-0.053,3,1.2571,0.0,0
1,1.157,0,0.0,1,1.0573,0.0,0
5,1.0295,0,0.0423,3,0.8309,0.0076,0
2,1.18,1,-0.1519,1,1.3345,0.0007,0
2,1.0535,1,0.1187,3,0.9564,0.0,0
4,1.0877,1,-0.0525,1,1.2496,0.0,0
2,0.9733,-1,-0.0821,5,0.957,0.0,0
1,0.8309,-1,-0.1038,7,0.8148,0.0,0
2,0.9042,-1,-0.0315,3,0.9986,0.003,0
3,0.9773,-1,0.18,5,0.7925,0.0303,0
1,1.1874,0,0.1811,1,1.0062,0.0,0
1,1.0245,0,0.0,2,1.2206,0.0,0
1,1.0398,1,0.0,2,1.0804,0.0,0
1,1.2634,0,0.0328,4,1.1014,0.0,0
3,0.9986,0,0.0,4,0.881,0.0,0
1,1.1761,1,0.0,5,1.0341,0.0,0
2,1.124,1,0.0696,1,1.3507,0.0225,0
3,0.8818,1,-0.0969,7,0.8148,0.049,0
1,0.9464,-1,-0.0712,3,0.9773,0.0,0
1,1.2549,1,0.0,0,1.2549,0.0,0
1,1.3877,1,0.0,1,1.2816,0.0,0
1,1.0131,1,0.0,1,1.0884,0.0,0
1,1.0724,1,0.0,0,1.0724,0.0,0
1,1.2496,1,0.0,4,1.0877,0.0,0
2,1.0041,1,0.0912,2,0.9042,0.0,0
1,1.2022,1,0.0,0,1.2022,0.0,0
1,1.0407,1,0.0,0,1.0407,0.0,0
1,1.3507,0,0.0,2,1.124,0.0,0
2,1.2054,1,0.1656,1,1.0398,0.0,0
1,1.1919,0,0.0,2,1.0041,0.0,0
1,1.0573,0,0.0,1,1.157,0.0,0
1,1.2405,1,0.0,2,0.9733,0.0,0
2,1.2206,1,-0.1479,1,1.0245,0.0,0
1,1.0134,1,0.0,5,0.881,0.0,0
1,1.0209,1,0.0,4,0.881,0.0,0
1,1.0043,0,0.0,2,1.0041,0.0,0
1,1.3345,0,0.0,2,1.18,0.0,0
2,1.0284,-2,0.0359,3,0.9564,0.0,0
1,1.2554,0,0.0,1,1.3507,0.0,0
1,1.3629,0,0.0,0,1.3629,0.0,0
3,1.0834,0,0.0051,4,1.1014,0.0002,0
1,1.0804,-2,-0.0579,2,1.0398,0.0,0
1,1.0678,0,0.0,0,1.0678,0.0,0
1,1.223,1,0.0,1,1.3303,0.0,0
1,1.1649,0,0.0,1,1.32,0.0,0
5,0.9822,3,0.078,2,0.9228,0.0448,0
1,1.2095,1,0.0,5,1.0445,0.0,0
5,1.0445,2,-0.0041,2,0.9715,0.0,0
3,0.7832,-2,-0.0092,8,0.7499,0.1128,0
8,0.8202,1,0.0054,3,0.7499,0.0451,1
1,1.004,-1,-0.2014,2,1.1368,0.0,0
5,0.9652,2,-0.0122,3,0.7499,0.0147,0
2,1.1998,2,0.0,0,1.1998,0.0,0
2,1.1817,2,0.0,2,1.18,0.0584,0
1,0.9899,0,-0.2597,3,1.1203,0.0,0
2,1.2244,0,0.1004,1,1.0544,0.0522,0
2,0.9045,-1,0.0227,8,0.8061,0.0001,0
4,0.9698,-1,-0.0597,3,0.8061,0.0087,0
2,1.1569,2,0.0,1,1.004,0.0,0
2,1.0632,1,0.0499,4,0.8816,0.0203,0
3,1.0282,0,-0.0552,5,1.1204,0.0004,0
1,1.2364,1,0.0,2,1.1778,0.0,0
1,1.3303,0,0.0,1,1.1649,0.0,0
4,0.937,-1,-0.02,4,0.8816,0.0015,0
1,1.2525,0,0.0,0,1.2525,0.0,0
1,1.3345,1,0.0,1,1.0407,0.0,0
3,1.1203,-1,0.0326,1,0.9899,0.0,0
4,0.8816,0,0.0007,4,0.9228,0.0824,1
3,1.0279,0,0.0094,4,0.9479,0.0002,0
2,1.18,0,0.0,2,1.1817,0.1101,0
1,1.1368,0,0.0969,2,1.004,0.0,0
1,1.0727,-1,-0.1479,1,1.0884,0.0,0
1,1.0356,1,0.0,0,1.0356,0.0,0
1,1.0724,1,0.0,1,1.2027,0.0,0
5,1.1688,1,0.0674,3,1.0282,0.0112,0
2,0.9685,0,-0.0357,5,0.9822,0.0,0
1,1.223,0,0.0,1,1.3303,0.0,0
1,1.2496,1,0.0,3,0.9899,0.0,0
2,1.1204,1,-0.0557,3,0.9715,0.0,0
1,1.042,1,0.0,1,1.006,0.0,0
2,0.7499,1,-0.1503,8,0.7832,0.0135,0
1,1.2022,1,0.0,2,1.2244,0.0,0
1,0.9912,0,-0.0297,5,0.8816,0.0,0
2,1.1108,0,0.1375,4,0.937,0.0012,0
2,0.9715,-3,-0.0626,5,1.0445,0.0,0
1,0.884,1,0.0,2,0.9808,0.0,0
2,1.1778,-1,-0.0793,1,0.9479,0.0639,0
1,1.2554,0,-0.0954,2,1.2022,0.0,0
1,1.0678,1,0.0,1,1.0131,0.0,0
1,1.0884,0,0.0,1,1.0131,0.0,0
2,0.9913,0,-0.0371,2,0.9808,0.0,0
1,1.157,1,0.0,2,0.9913,0.0,0
1,1.2816,0,0.0,2,1.1778,0.0,0
1,1.006,1,0.0,1,0.884,0.0,0
2,1.0968,1,0.0906,0,1.0968,0.0,0
1,1.32,0,0.0,0,1.32,0.0,0
1,0.8061,0,-0.0249,8,0.8202,0.0,0
1,1.0245,1,0.0,1,1.3684,0.0,0
1,0.9228,-2,-0.0758,5,0.8816,0.0,0
2,0.9808,-1,0.0244,2,0.884,0.0,0
1,1.2939,1,0.0,0,1.2939,0.0,0
1,1.3684,1,0.0,1,1.0245,0.0,0
1,1.3877,1,0.0,1,1.2364,0.0,0
1,1.0131,0,0.0,1,1.0678,0.0,0
1,1.2027,-1,0.1492,2,0.884,0.0,0
1,1.1805,1,0.0,4,0.9698,0.0,0
1,1.0573,0,0.0,0,1.0573,0.0,0
1,0.9479,1,0.0,3,1.0279,0.0,0
1,1.0407,0,0.0,1,1.3345,0.0,0
1,1.2549,0,0.0,0,1.2549,0.0,0
1,1.1649,1,0.0,1,1.3303,0.0,0
1,1.1695,0,-0.071,2,1.1108,0.0,0
1,1.3743,1,0.0,0,1.3743,0.0,0
1,1.0544,1,0.0,2,1.2244,0.0,0
1,1.3629,1,0.0,0,1.3629,0.0,0
1,1.332,1,0.0,1,1.0281,0.0,0
2,0.914,-2,0.0324,4,0.8781,0.0002,0
1,1.3877,1,0.0,1,1.2816,0.0,0
1,1.0573,1,0.0,1,1.157,0.0,0
1,1.2525,1,0.0,1,1.042,0.0,0
1,1.0884,0,0.0157,1,1.0727,0.0,0
3,1.0278,-2,0.0457,3,0.8781,0.0001,0
3,1.1985,1,0.0877,4,0.9507,0.0042,0
3,0.9853,1,-0.0779,4,0.8781,0.003,0
1,1.1917,0,0.2018,2,0.9882,0.0,0
1,1.0407,1,0.0,0,1.0407,0.0,0
5,1.0832,2,0.055,3,1.0884,0.0001,0
1,1.2554,0,0.0,1,1.2022,0.0,0
5,1.039,0,-0.0054,3,1.0191,0.0,0
3,0.7771,2,-0.0289,8,0.8199,0.0074,0
1,1.3484,-1,0.1705,2,1.0371,0.0,0
2,0.9258,-2,-0.0441,5,0.7771,0.0001,0
2,1.0687,1,0.0628,1,0.9076,0.0,0
1,1.0724,1,0.0,0,1.0724,0.0,0
1,1.0131,0,0.0,1,1.0678,0.0,0
3,0.984,1,0.0032,1,0.9076,0.0,0
2,1.1949,2,0.0,3,1.1419,0.0086,0
1,1.2022,0,0.0,1,1.2233,0.0,0
1,1.3303,1,0.0,0,1.3303,0.0,0
8,0.8199,0,-0.0003,4,0.7771,0.0048,1
1,0.9923,0,0.1084,3,0.9076,0.0,0
1,1.3629,0,0.0,0,1.3629,0.0,0
2,1.0371,1,0.0892,5,1.0087,0.036,0
5,1.0087,2,-0.0192,2,0.9258,0.0002,0
4,0.9507,0,0.0137,3,0.914,0.0,0
3,0.8781,2,-0.1131,3,0.914,0.0014,0
1,1.1877,0,0.0073,5,0.9258,0.0,0
4,0.8135,2,0.0636,8,0.8199,0.0022,1
1,1.2364,0,0.0,1,1.1027,0.0,0
1,1.0727,0,-0.2957,1,1.0884,0.0,0
2,1.1998,2,0.0,0,1.1998,0.0,0
3,0.9443,1,-0.0242,3,0.9367,0.0001,0
2,1.1435,0,-0.0382,1,0.9367,0.009,0
1,1.1649,0,0.0,0,1.1649,0.0,0
1,1.1027,0,-0.179,1,1.2364,0.0,0
4,1.009,-1,0.0439,4,0.8135,0.0008,0
3,1.0884,1,-0.0319,5,1.0832,0.0,0
1,1.004,0,0.0,3,1.1502,0.0,0
2,1.0855,1,-0.1642,1,0.9882,0.0,0
2,1.0968,0,0.0,1,1.2496,0.0,0
3,1.1502,1,-0.0067,1,1.004,0.0,0
1,1.2233,-1,-0.0011,1,1.081,0.0,0
3,1.0191,2,-0.1904,5,0.9882,0.0,0
1,1.157,0,0.0,1,1.0573,0.0,0
1,1.081,0,0.0266,1,1.2233,0.0,0
1,1.042,0,0.0,2,1.0687,0.0,0
1,1.0245,1,0.0,1,1.3684,0.0,0
1,1.2816,0,-0.1061,1,1.1027,0.0,0
1,1.2549,1,0.0,0,1.2549,0.0,0
1,0.9076,0,-0.295,3,0.984,0.0,0
1,1.3345,0,0.0,1,1.332,0.0,0
1,0.9764,0,0.0536,3,0.8781,0.0,0
1,1.3684,1,0.0,1,1.0245,0.0,0
1,1.0356,0,0.0,0,1.0356,0.0,0
1,1.0678,0,0.0,1,1.0131,0.0,0
1,0.9882,-2,-0.1321,3,1.0191,0.0,0
3,1.1419,-2,-0.027,5,1.0832,0.0149,0
1,1.0472,-1,0.1427,8,0.7771,0.0,0
1,1.2939,1,0.0,4,1.009,0.0,0
1,1.32,0,0.0,0,1.32,0.0,0
1,1.3743,0,0.0,0,1.3743,0.0,0
1,1.223,1,0.0,0,1.223,0.0,0
1,1.0281,-1,-0.1519,2,1.1435,0.0,0
1,0.9367,1,0.0,3,0.9443,0.0,0
1,1.2496,1,0.0,2,1.0855,0.0,0
1,1.0727,0,-0.2957,1,1.0884,0.0,0
1,1.0807,-1,-0.0628,2,0.9558,0.0,0
3,1.2663,2,-0.0154,1,1.3484,0.0046,0
3,1.2376,2,0.0143,0,1.2376,0.0454,0
5,0.8575,2,0.0803,5,0.7561,0.0019,1
3,0.9913,-1,0.0406,4,0.9761,0.0002,0
6,0.8737,2,0.0602,5,0.7561,0.002,1
1,1.2525,0,0.0,0,1.2525,0.0,0
4,1.0897,1,-0.0522,5,0.991,0.003,0
1,1.014,0,-0.1777,3,1.1209,0.0,0
3,0.991,1,-0.2039,4,1.0897,0.0156,0
4,0.9761,1,-0.0093,4,0.875,0.0,0
4,0.875,1,-0.0031,4,0.9761,0.0032,1
2,1.1043,2,0.0,3,0.9572,0.0,0
1,1.0281,0,-0.3039,1,1.2827,0.0,0
2,1.0156,-1,0.0316,3,0.9572,0.0,0
1,1.157,1,0.0,2,1.0156,0.0,0
3,1.0374,0,0.0183,4,0.9808,0.0,0
2,1.0883,-1,-0.0619,1,1.0804,0.0,0
2,1.1069,-1,0.0185,5,1.0435,0.0,0
4,0.9939,1,-0.034,4,0.875,0.0012,0
1,1.3743,1,0.0,1,1.32,0.0,0
1,1.2496,0,0.0,3,1.014,0.0,0
3,0.977,1,0.0513,5,0.8558,0.0005,0
2,1.1204,2,0.0,4,0.9808,0.0,0
3,0.9572,2,0.0495,2,1.0156,0.0,0
1,1.0407,0,0.0,1,1.3345,0.0,0
1,1.2409,0,0.2527,3,1.014,0.0,0
5,0.7561,-3,-0.0637,6,0.8575,0.0038,1
1,1.2741,1,0.0,2,1.0883,0.0,0
5,1.0435,0,-0.0396,4,1.0897,0.0002,0
2,1.0131,0,-0.024,4,0.9733,0.0,0
1,1.0134,1,0.0,4,0.875,0.0,0
1,1.3484,0,0.112,3,0.9733,0.0,0
1,0.8706,1,0.0,6,0.7561,0.0,0
3,1.1209,1,0.0354,1,1.014,0.0,0
1,1.2024,1,0.0,2,0.9217,0.0,0
2,1.2361,-1,0.0375,3,0.9913,0.0008,0
1,1.0131,1,0.0,1,1.0884,0.0,0
1,0.9912,1,0.0,4,0.875,0.0,0
4,0.9903,-1,-0.0184,3,0.8558,0.0207,0
4,0.9808,-1,-0.0583,3,1.0374,0.0,0
2,0.8922,-1,-0.0521,4,0.9558,0.0,0
1,1.0804,1,0.0,2,1.0883,0.0,0
2,1.0968,2,0.0,0,1.0968,0.0,0
1,1.042,1,0.0,0,1.042,0.0,0
1,1.3345,1,0.0,1,1.0407,0.0,0
1,1.0884,0,0.0,1,1.0131,0.0,0
1,1.3877,0,0.0,3,1.2663,0.0,0
1,1.0245,1,0.0,1,1.3684,0.0,0
1,0.9217,-3,-0.0873,6,0.8737,0.0,0
1,0.8558,1,0.0,5,0.8575,0.0,0
2,1.1998,0,0.0,0,1.1998,0.0,0
2,0.9558,1,0.0191,2,0.8922,0.0001,0
1,1.0573,0,0.0,0,1.0573,0.0,0
1,1.332,1,0.0,1,1.0281,0.0,0
1,1.3629,1,0.0,0,1.3629,0.0,0
1,1.0678,0,0.0,0,1.0678,0.0,0
1,1.0724,0,0.0,2,1.1043,0.0,0
1,1.1649,0,0.0,0,1.1649,0.0,0
1,1.148,1,0.0,4,0.9733,0.0,0
1,1.3684,1,0.0,1,1.0245,0.0,0
1,1.223,0,0.0,0,1.223,0.0,0
1,0.9733,0,-0.3751,2,1.0131,0.0,0
1,1.2827,0,0.2545,1,1.0281,0.0,0
2,1.228,1,-0.066,1,0.9217,0.0065,0
1,1.2549,0,0.0,0,1.2549,0.0,0
1,1.0356,1,0.0,0,1.0356,0.0,0
1,1.3303,0,0.0,1,1.0804,0.0,0
1,1.32,1,0.0,1,1.3743,0.0,0
2,0.9574,-1,-0.0196,8,0.8275,0.0,0
1,1.0724,0,0.0,0,1.0724,0.0,0
4,1.0661,2,-0.0408,4,1.0607,0.0,0
2,1.1193,0,-0.0011,4,0.9455,0.0,0
2,1.1145,2,0.0,1,0.9076,0.0,0
3,1.1502,2,-0.1239,1,1.0804,0.0,0
8,0.8275,3,-0.03,3,0.8037,0.0015,1
3,1.1147,1,-0.1133,1,1.1719,0.01,0
4,0.8961,0,0.0211,4,0.9218,0.001,1
1,1.0804,-1,-0.0079,3,1.1502,0.0,0
1,1.008,0,-0.0727,2,0.9749,0.0,0
2,1.1998,2,0.0,0,1.1998,0.0,0
2,1.1817,1,-0.101,1,1.008,0.0009,0
4,1.0607,-1,0.0172,4,1.0517,0.0002,0
2,0.9455,-2,-0.0352,5,1.0396,0.0,0
1,1.223,0,0.0,1,1.3303,0.0,0
1,1.0281,0,0.0,2,1.1817,0.0,0
3,1.1105,2,-0.1391,1,0.9882,0.0,0
4,1.0051,0,0.0148,4,0.8558,0.0226,0
4,1.0442,2,0.0311,4,0.9479,0.0355,0
1,1.0356,1,0.0,0,1.0356,0.0,0
2,1.0968,0,0.0,1,1.2496,0.0,0
5,1.0396,2,0.0023,2,0.9455,0.0,0
3,1.0206,0,0.0296,4,1.0517,0.0116,0
1,1.3303,1,0.0,1,1.223,0.0,0
1,1.2525,1,0.0,2,0.9076,0.0,0
2,0.8037,-3,0.0476,8,0.8275,0.0,0
1,1.0678,1,0.0,1,1.0131,0.0,0
1,0.9076,1,0.0,2,0.9937,0.0,0
4,0.9218,0,-0.0543,4,0.8961,0.0229,0
1,1.2095,0,-0.0315,5,0.9882,0.0,0
2,1.0623,1,0.0489,4,0.8961,0.0371,0
5,0.9764,3,0.0843,1,0.9228,0.0003,0
1,1.0727,0,0.0,1,1.0884,0.0,0
1,1.332,1,0.0,1,1.0281,0.0,0
1,0.9754,-1,-0.0403,2,0.9937,0.0,0
1,1.2816,0,-0.1061,3,1.2567,0.0,0
3,0.8376,2,-0.0331,8,0.8037,0.0005,0
5,0.9475,-1,0.0739,3,0.8037,0.0003,0
1,1.157,0,0.0,1,0.9754,0.0,0
1,1.2549,0,0.0,1,1.3877,0.0,0
4,1.0581,1,0.0669,4,0.9218,0.0228,0
1,1.3629,0,0.0,0,1.3629,0.0,0
3,1.2567,0,-0.0096,1,1.2816,0.0003,0
1,1.0131,0,0.0,1,1.0678,0.0,0
1,1.3396,-1,0.1036,4,1.0581,0.0,0
4,1.0517,0,-0.038,4,1.0206,0.0032,0
1,0.9882,-2,-0.1326,3,1.1105,0.0,0
1,1.1719,0,0.2502,5,0.9475,0.0,0
1,1.3743,0,0.0,0,1.3743,0.0,0
2,1.2288,-1,-0.0088,0,1.2288,0.0089,0
1,0.9479,0,-0.0253,4,1.0442,0.0,0
2,0.9937,-1,0.0366,1,0.9076,0.0,0
1,1.3684,1,0.0,1,1.0245,0.0,0
1,1.0884,1,0.0,1,1.0727,0.0,0
1,1.3877,1,0.0,1,1.2549,0.0,0
1,0.9912,0,0.0,5,0.8961,0.0,0
1,1.1649,1,0.0,0,1.1649,0.0,0
1,0.8558,0,0.0,8,0.8275,0.0,0
1,0.9228,-3,-0.0711,5,0.8961,0.0,0
1,1.0573,0,0.0,0,1.0573,0.0,0
1,1.0072,1,0.0,2,0.9076,0.0,0
1,0.9749,-1,0.0191,5,0.9764,0.0,0
1,1.32,1,0.0,0,1.32,0.0,0
2,1.1876,1,0.1469,0,1.1876,0.0084,0
1,1.0245,0,0.0,1,1.3684,0.0,0
1,1.042,0,0.0,2,1.1145,0.0,0
1,1.2496,1,0.0,3,1.0968,0.0,0
3,1.0376,2,0.0897,3,0.994,0.0049,0
1,1.0884,0,0.0157,1,1.0727,0.0,0
2,1.2397,1,-0.0999,3,1.0911,0.0086,0
3,0.994,-1,-0.0502,4,0.9811,0.0052,0
5,1.0072,0,-0.0325,3,1.0401,0.0,0
1,1.1719,1,0.0,4,0.8025,0.0,0
3,1.0911,-1,0.033,3,0.8648,0.028,0
1,1.3629,1,0.0,0,1.3629,0.0,0
2,1.09,-1,-0.0206,2,1.0855,0.0,0
1,1.1761,-1,0.2306,5,1.0072,0.0,0
3,0.7804,0,-0.0571,8,0.8025,0.0343,0
2,1.148,1,0.1236,1,1.0727,0.0,0
2,1.1998,0,0.0,0,1.1998,0.0,0
2,1.2288,2,0.0,0,1.2288,0.0089,0
3,1.0683,-1,0.0076,7,0.9728,0.0002,0
2,1.1501,0,0.0356,3,0.965,0.0,0
3,0.965,2,0.0574,2,0.9913,0.0,0
2,0.9913,0,-0.0025,3,0.965,0.0,0
8,0.8224,0,-0.0051,3,0.7804,0.0142,1
4,0.8836,-1,-0.0639,3,0.7804,0.0252,1
1,1.2531,1,0.0,2,1.0761,0.0,0
1,1.0678,0,0.0,1,1.0131,0.0,0
2,1.0761,-1,-0.0386,2,1.1121,0.0246,0
3,0.8025,1,-0.0012,8,0.7804,0.0191,0
1,1.1649,0,0.0,0,1.1649,0.0,0
4,1.0479,0,-0.0182,3,1.0683,0.0,0
3,0.9668,-1,0.0708,3,0.8648,0.0242,0
3,1.0378,-2,0.0614,3,0.915,0.0004,0
1,0.9496,0,0.0268,3,0.915,0.0,0
1,1.3303,0,0.0,0,1.3303,0.0,0
1,1.0356,0,0.0,0,1.0356,0.0,0
3,1.0401,2,-0.1694,5,1.0072,0.0,0
1,1.0131,0,0.0,1,1.0678,0.0,0
3,1.0927,1,-0.0266,4,1.0479,0.0,0
1,1.004,0,-0.0764,3,1.1502,0.0,0
2,1.1121,1,-0.0598,4,0.8836,0.0,0
2,1.2255,-1,-0.0312,2,1.259,0.0,0
1,1.3877,0,0.1328,1,1.2549,0.0,0
2,1.259,1,-0.0226,2,1.2255,0.0004,0
2,1.0855,2,0.0,2,1.09,0.0,0
1,1.1814,-2,0.1608,7,0.9728,0.0,0
1,1.1551,1,0.0,4,0.9811,0.0,0
2,0.9914,1,-0.0166,2,0.9418,0.0048,0
7,0.9728,3,-0.079,3,1.0683,0.0029,0
2,0.9418,1,-0.033,3,0.9914,0.0,0
3,0.915,2,-0.0761,3,0.9496,0.0262,0
1,1.3345,-1,0.1469,1,1.0407,0.0,0
1,0.8807,0,0.0249,8,0.8224,0.0,0
1,1.2827,0,0.2545,1,0.9554,0.0,0
3,1.1502,0,0.0,1,1.004,0.0,0
4,0.9811,0,-0.0241,3,0.8807,0.0248,0
3,0.8648,-1,-0.057,3,0.9668,0.0,0
2,1.0968,0,0.0,1,1.2496,0.0,0
1,1.32,0,0.0,1,1.3743,0.0,0
1,1.0724,1,0.0,2,1.1501,0.0,0
1,1.0807,-1,-0.101,2,0.9914,0.0,0
1,1.0407,1,0.0,1,1.3345,0.0,0
1,1.3743,1,0.0,1,1.32,0.0,0
3,0.972,1,-0.0902,3,0.8648,0.0002,0
1,1.042,0,0.0,2,1.1501,0.0,0
1,1.2525,0,0.0,3,0.965,0.0,0
1,1.2496,0,0.0,2,1.0855,0.0,0
1,1.0727,1,0.0,2,1.0884,0.0,0
1,0.9554,1,0.0,1,1.2827,0.0,0
1,1.0573,1,0.0,1,1.157,0.0,0
1,1.2549,1,0.0,1,1.3877,0.0,0
1,1.223,1,0.0,0,1.223,0.0,0
1,1.332,1,0.0,1,0.9554,0.0,0
1,1.157,0,0.0,1,1.0573,0.0,0
1,1.32,0,0.0,1,1.3743,0.0,0
2,1.0928,-1,0.0002,5,1.0481,0.0,0
1,1.2549,0,0.0,1,1.3877,0.0,0
5,1.0481,1,0.0002,4,1.0928,0.0,0
2,0.9914,0,0.0,2,0.9538,0.0,0
1,1.3629,0,0.0,0,1.3629,0.0,0
2,1.0804,2,0.0,2,0.9538,0.0,0
5,0.9389,2,0.0239,2,0.8364,0.0151,0
3,0.9642,0,-0.0298,3,0.8558,0.0031,0
4,0.8778,1,0.0753,5,0.7411,0.0003,1
2,1.1817,1,-0.101,1,1.0281,0.0,0
3,1.1209,2,-0.1288,1,0.9882,0.0,0
2,1.2054,2,0.0,2,1.1086,0.0,0
2,1.1044,1,-0.0717,4,0.9732,0.0,0
4,1.0603,2,-0.0158,2,0.9116,0.0023,0
5,0.8498,4,-0.0309,5,0.7411,0.036,1
4,0.9732,-1,-0.0339,3,1.0469,0.0,0
2,1.0968,2,0.0,1,1.2496,0.0,0
1,1.1719,0,0.0,4,0.8724,0.0,0
1,1.042,1,0.0,2,1.0687,0.0,0
3,1.2885,1,0.0295,1,1.2491,0.0002,0
2,0.9661,0,-0.0252,2,0.95,0.0,0
1,1.0678,0,0.0,0,1.0678,0.0,0
1,1.1551,0,0.0,3,0.9642,0.0,0
1,1.1649,1,0.0,0,1.1649,0.0,0
2,0.8364,-1,-0.1356,5,0.8988,0.0,0
1,1.0727,1,0.0,1,1.0884,0.0,0
2,0.9392,-1,-0.0276,5,0.8364,0.0,0
2,1.0832,0,-0.029,4,0.8724,0.0262,0
3,0.808,0,0.0275,5,0.7411,0.0001,0
1,0.9882,-1,-0.1017,3,1.1209,0.0,0
3,1.0469,0,0.0068,4,0.9732,0.0,0
1,1.3744,1,0.0,1,1.0252,0.0,0
1,1.2027,1,0.0,3,1.0814,0.0,0
1,0.9479,1,0.0,3,1.0581,0.0,0
1,1.0407,0,0.0,1,1.3345,0.0,0
5,0.7411,-3,-0.0813,5,0.808,0.0319,1
2,0.8988,-1,0.034,2,0.8364,0.0001,0
1,1.223,0,0.0,1,1.3303,0.0,0
2,1.1086,-1,-0.0416,2,1.2054,0.0,0
3,1.0444,-1,0.0633,5,0.8498,0.0302,0
1,1.2491,1,0.0,3,1.2885,0.0,0
3,1.0581,0,0.0204,3,0.9479,0.006,0
1,1.2095,1,0.0,3,0.9882,0.0,0
1,1.0131,1,0.0,1,1.0884,0.0,0
2,0.9538,0,0.012,2,0.9788,0.0,0
1,0.9116,1,0.0,4,1.0603,0.0,0
1,1.3684,-1,0.2204,1,1.0245,0.0,0
1,1.1798,-2,0.0886,3,0.8988,0.0,0
1,1.0252,-1,-0.1746,1,1.3744,0.0,0
1,1.2525,0,0.2105,2,1.042,0.0,0
2,0.9788,-1,-0.059,5,0.9389,0.0002,0
4,1.0966,1,0.0283,6,1.0002,0.0002,0
2,1.0687,2,0.0,1,1.042,0.0,0
1,1.332,0,0.0,1,1.0281,0.0,0
1,1.3877,0,0.0,1,1.2491,0.0,0
1,1.3303,1,0.0,1,1.223,0.0,0
1,1.157,1,0.0,2,0.9661,0.0,0
1,1.0356,1,0.0,0,1.0356,0.0,0
1,0.8724,-3,-0.0112,4,0.808,0.0,0
6,1.0002,-1,0.0275,4,1.0966,0.0005,0
1,0.8558,1,0.0,5,0.8498,0.0,0
3,1.0814,1,-0.1583,1,1.1798,0.0041,0
2,1.0913,2,0.0,2,0.8988,0.0,0
1,1.0573,0,0.0,0,1.0573,0.0,0
1,1.0245,1,0.0,1,1.3684,0.0,0
1,1.3345,0,0.0,1,1.0407,0.0,0
2,0.95,2,0.0,2,0.9661,0.0,0
1,1.0724,1,0.0,2,1.0687,0.0,0
1,1.3743,0,0.0,1,1.32,0.0,0
1,1.0281,0,0.0727,2,1.1817,0.0,0
1,1.0209,1,0.0,5,0.9389,0.0,0
1,1.2496,-1,0.1528,3,1.0968,0.0,0
1,0.9951,-2,0.0301,2,0.95,0.0,0
1,1.0884,0,0.0,1,1.0131,0.0,0
1,0.9912,0,-0.0297,4,0.9688,0.0,0
3,1.1016,1,0.0088,6,1.0376,0.0,0
2,0.945,-2,-0.0282,5,1.0393,0.0,0
2,1.1998,1,-0.1746,0,1.1998,0.0306,0
1,1.32,1,0.0,1,1.3743,0.0,0
1,1.3877,0,0.1328,1,1.2549,0.0,0
2,0.9661,1,-0.029,2,0.95,0.0,0
4,0.9982,-1,0.0593,2,0.8364,0.0054,0
6,1.0376,1,-0.0105,3,1.0413,0.0,0
1,1.0804,-1,-0.0282,3,1.1502,0.0,0
1,1.3303,0,0.0,0,1.3303,0.0,0
5,1.0393,2,-0.0076,2,0.945,0.0,0
3,0.9278,1,-0.0636,3,1.008,0.0057,0
4,1.0356,1,-0.0458,1,1.1501,0.0085,0
5,0.895,0,0.0451,8,0.7961,0.036,1
2,1.1876,1,0.1469,1,1.332,0.0011,0
2,1.0413,-2,-0.0554,7,0.9914,0.0001,0
2,1.119,1,0.2073,2,0.944,0.0001,0
1,1.2418,1,0.0,7,0.9914,0.0,0
2,1.045,0,-0.0237,2,0.95,0.0,0
2,1.0968,0,0.0,1,1.2821,0.0,0
1,1.2525,0,0.0,2,0.95,0.0,0
8,0.7961,3,0.0549,5,0.8581,0.0003,1
1,1.0356,1,0.0,0,1.0356,0.0,0
2,0.985,0,-0.0982,2,0.944,0.0,0
3,1.1014,1,0.0101,2,0.8988,0.0052,0
3,1.1295,0,0.0086,1,1.014,0.0,0
7,0.9914,1,-0.0088,2,1.0413,0.0033,0
2,1.0343,-1,-0.0101,5,0.895,0.0007,0
3,1.0566,1,-0.0238,3,0.9278,0.0052,0
1,0.9951,-1,0.0452,2,0.95,0.0,0
2,0.95,2,0.0,2,0.9661,0.0,0
2,1.0542,1,-0.1177,3,0.9066,0.0008,0
4,1.0852,1,0.0271,3,0.9927,0.0044,0
1,1.2827,0,0.2545,1,1.0281,0.0,0
3,0.9066,-1,0.0288,8,0.7961,0.0066,0
1,1.0884,1,0.0,1,1.0727,0.0,0
1,0.8661,1,0.0,4,0.9688,0.0,0
3,0.8581,0,0.0502,8,0.7961,0.0008,0
1,0.9821,-1,0.0429,4,0.8364,0.0,0
1,1.0573,1,0.0,1,1.157,0.0,0
1,1.1649,0,0.0,0,1.1649,0.0,0
1,1.2549,1,0.0,1,1.3877,0.0,0
1,0.9056,0,0.0497,5,0.895,0.0,0
1,1.332,0,-0.0026,2,1.0281,0.0,0
3,0.9927,0,0.0285,4,0.9056,0.0036,0
2,0.9964,1,0.0485,4,1.0852,0.0002,0
1,1.0281,0,-0.3039,1,1.2827,0.0,0
2,1.1964,1,0.172,1,1.0727,0.0,0
2,0.8988,0,0.0,3,0.8364,0.0001,0
1,1.014,1,0.0,3,1.1295,0.0,0
2,1.2675,-1,-0.021,1,1.2364,0.0,0
1,1.0807,-1,-0.101,1,1.008,0.0,0
2,0.8364,0,0.0,4,0.8988,0.0,0
1,1.2301,0,0.0274,4,1.0356,0.0,0
1,1.0678,1,0.0,1,1.0131,0.0,0
2,0.9688,0,-0.01,4,0.8661,0.0005,0
1,1.1501,0,-0.0297,4,0.8988,0.0,0
1,1.008,1,0.0,3,0.9278,0.0,0
2,1.1054,0,0.0011,3,0.945,0.0,0
3,1.1502,1,-0.0552,1,1.0804,0.0,0
1,1.2364,0,-0.0128,2,1.2675,0.0,0
1,1.2821,0,0.0325,3,1.0968,0.0,0
1,1.3743,0,0.0543,1,1.32,0.0,0
1,1.223,1,0.0,0,1.223,0.0,0
1,1.0727,0,-0.2957,2,1.0884,0.0,0
1,0.944,-3,-0.1163,2,0.985,0.0,0
1,1.157,0,0.0,1,1.0573,0.0,0
1,1.3629,1,0.0,0,1.3629,0.0,0
1,1.2816,0,-0.1061,1,1.2364,0.0,0
1,1.0724,0,0.0,2,1.045,0.0,0
1,1.0131,0,0.0,1,1.0678,0.0,0
1,1.2409,0,0.0315,5,1.014,0.0,0
1,0.9683,0,-0.0737,2,1.045,0.0,0
4,1.0993,-2,0.0617,5,0.9704,0.0,0
1,0.923,1,0.0,4,1.0133,0.0,0
4,1.0265,1,-0.0751,4,1.0728,0.0,0
3,1.0579,1,0.0615,3,0.9226,0.0003,0
4,0.9965,3,0.0145,3,0.8401,0.0031,0
3,0.965,1,0.0151,1,0.8399,0.0,0
4,1.0163,2,0.0313,2,0.8961,0.0295,0
1,1.0131,1,0.0,0,1.0131,0.0,0
5,0.9704,3,-0.0709,4,1.049,0.0,0
7,0.803,2,-0.092,9,0.8352,0.0033,1
4,1.049,-3,0.0576,5,0.9704,0.0005,0
3,1.0934,-1,0.0081,4,0.9662,0.0002,0
3,1.0728,1,-0.0327,4,1.0265,0.0,0
1,0.9816,0,-0.0135,3,0.965,0.0,0
1,1.32,1,0.0,0,1.32,0.0,0
9,0.8352,1,0.0391,7,0.803,0.004,1
1,1.0807,0,-0.2019,1,1.0281,0.0,0
1,1.2095,1,0.0,3,0.923,0.0,0
1,1.0678,0,0.0,0,1.0678,0.0,0
1,1.0209,1,0.0,4,0.9776,0.0,0
1,0.8961,0,-0.0479,4,1.0163,0.0,0
1,1.0252,-1,-0.1746,1,1.3744,0.0,0
2,1.1359,1,-0.1051,4,0.923,0.0,0
1,1.157,1,0.0,1,0.9754,0.0,0
3,1.2885,2,0.0521,1,1.2816,0.0,0
1,1.0281,0,0.0,1,1.0807,0.0,0
4,1.0133,-1,-0.026,2,0.923,0.0,0
2,1.0041,1,-0.0039,3,0.9933,0.0003,0
4,0.9662,1,-0.0265,3,0.9568,0.004,0
2,1.055,2,0.0,1,0.8399,0.0475,0
1,1.2816,0,0.0,3,1.2885,0.0,0
1,1.3345,-1,0.1469,1,1.0407,0.0,0
1,1.2525,0,0.2842,2,0.8399,0.0,0
1,1.223,0,0.0,1,1.3303,0.0,0
1,0.8399,-1,-0.2051,3,0.965,0.0,0
1,0.9754,-1,0.0092,3,0.965,0.0,0
3,0.9991,0,-0.0574,4,0.9776,0.0,0
3,0.9933,0,0.0655,3,0.9991,0.0001,0
1,0.8401,0,-0.0259,4,0.895,0.0,0
1,0.9568,-1,-0.0775,7,0.803,0.0,0
2,1.2316,1,-0.0506,3,1.0652,0.0,0
1,0.9226,1,0.0,3,1.0579,0.0,0
4,1.0697,0,0.0341,2,1.0778,0.0004,0
2,1.1964,0,0.0,1,1.0727,0.0,0
3,0.895,-1,-0.1031,4,0.8401,0.0044,0
1,1.0356,0,0.0,0,1.0356,0.0,0
2,1.0883,-1,-0.0619,1,1.0804,0.0,0
1,1.0727,0,0.0,2,1.0884,0.0,0
1,0.8724,-2,0.0143,9,0.8352,0.0,0
1,1.1044,0,0.1132,4,0.895,0.0,0
1,1.0573,0,0.0,0,1.0573,0.0,0
1,1.3303,1,0.0,1,1.223,0.0,0
2,1.0968,2,0.0,0,1.0968,0.0,0
1,1.1765,1,0.0,4,0.9568,0.0,0
1,1.2549,1,0.0,0,1.2549,0.0,0
1,1.3743,0,0.0,0,1.3743,0.0,0
1,1.1649,1,0.0,0,1.1649,0.0,0
2,1.0406,0,-0.0136,4,1.0163,0.0008,0
4,0.9776,2,0.0088,3,0.8401,0.0042,0
3,1.0652,0,-0.0643,2,1.2095,0.0,0
1,1.0037,1,0.0,4,1.0078,0.0,0
1,1.332,0,0.0,1,1.0281,0.0,0
1,1.3629,0,0.0,0,1.3629,0.0,0
1,1.0078,0,-0.234,4,1.0037,0.0,0
1,1.0884,1,0.0,1,1.0727,0.0,0
1,1.0724,0,0.0,2,0.8399,0.0,0
2,1.0778,1,-0.0724,4,1.0697,0.0323,0
1,1.2342,-1,0.1153,4,0.8961,0.0,0
1,1.3877,0,0.0,1,1.2816,0.0,0
1,1.3711,1,0.0,2,1.0883,0.0,0
1,1.0407,1,0.0,1,1.3345,0.0,0
1,1.1463,-1,0.2012,4,1.0133,0.0,0
1,1.3744,1,0.0,1,0.9816,0.0,0
1,1.0867,-2,-0.0146,4,0.9965,0.0,0
1,1.1719,-2,0.2653,9,0.8352,0.0,0
1,1.0804,0,0.0,2,1.0883,0.0,0
1,1.2827,1,0.0,1,1.0281,0.0,0
3,0.9801,-1,-0.0332,3,1.031,0.0,0
1,1.0292,0,0.0213,3,0.9327,0.0,0
3,1.1034,-1,0.0041,6,0.9438,0.0,0
2,0.7911,2,0.0,7,0.7468,0.0,0
2,1.0968,0,0.0,1,1.2821,0.0,0
6,0.7468,-1,-0.0562,7,0.7911,0.002,1
2,0.861,-1,-0.034,5,0.9446,0.0,0
5,0.9446,1,-0.033,2,0.861,0.0006,0
4,1.0164,0,0.0198,2,0.861,0.0001,0
1,1.0209,0,0.0,5,0.9446,0.0,0
4,1.0963,0,0.0265,2,0.937,0.0011,0
3,1.011,-1,-0.038,6,0.9327,0.0001,0
7,0.8361,-2,0.0009,6,0.7468,0.0035,1
1,1.2549,0,0.0,1,1.3877,0.0,0
5,1.0124,1,-0.0141,3,1.1034,0.0,0
3,1.0727,0,0.0148,3,0.9571,0.0002,0
3,0.9566,2,-0.0002,6,0.7468,0.0,0
1,1.2821,1,0.0,3,1.0968,0.0,0
3,1.0664,1,-0.0695,3,0.9801,0.0,0
3,1.0059,-1,-0.0103,4,1.0018,0.0002,0
4,0.9569,1,-0.0364,2,0.9661,0.0,0
4,1.0018,2,-0.0388,3,1.0059,0.0024,0
3,1.1096,0,0.0368,5,1.0124,0.0,0
1,1.0727,-1,-0.1238,2,1.0884,0.0,0
2,0.9661,0,-0.0381,4,0.9569,0.0,0
4,0.9697,1,0.0046,1,0.8874,0.0,0
1,1.3744,1,0.0,1,0.9754,0.0,0
1,0.9821,0,0.1419,5,0.861,0.0,0
2,0.937,0,-0.1408,4,1.0963,0.0004,0
1,0.8874,0,0.0474,4,0.9697,0.0,0
2,1.2675,-1,-0.021,1,1.3305,0.0,0
1,0.9882,-2,-0.0769,3,1.15,0.0,0
1,1.1649,0,0.0,0,1.1649,0.0,0
1,1.3629,1,0.0,0,1.3629,0.0,0
1,1.1149,0,-0.057,7,0.8361,0.0,0
1,1.32,1,0.0,1,1.3743,0.0,0
1,0.9327,0,-0.071,3,1.011,0.0,0
1,1.3303,0,0.0,1,1.223,0.0,0
3,0.9938,0,-0.0996,3,0.8495,0.0002,0
2,1.1086,0,0.0203,2,1.1569,0.0,0
6,0.9438,1,-0.0266,3,1.011,0.0001,0
1,1.074,0,-0.0303,5,0.861,0.0,0
1,1.3792,0,-0.0085,1,1.3305,0.0,0
3,1.029,1,-0.0259,1,0.8874,0.111,0
1,0.9754,0,-0.0063,4,0.9697,0.0,0
1,1.0356,1,0.0,0,1.0356,0.0,0
1,1.2088,0,0.0323,3,0.8495,0.0,0
2,1.1193,1,-0.027,3,0.9801,0.0,0
2,1.0613,1,0.1651,3,1.0059,0.0106,0
2,1.1554,1,0.1273,1,1.0807,0.0,0
1,1.3743,1,0.0,1,1.32,0.0,0
1,1.0884,0,0.0157,1,1.0727,0.0,0
1,1.332,0,-0.0026,2,1.1876,0.0,0
1,1.3877,1,0.0,1,1.2549,0.0,0
2,0.8495,-2,-0.1167,3,0.9566,0.0044,0
1,1.031,0,0.108,3,0.9801,0.0,0
1,1.1639,0,-0.0886,3,0.8874,0.0,0
2,1.1964,2,0.0,1,1.0727,0.0,0
3,1.15,1,-0.0816,1,0.9882,0.0,0
2,1.1569,1,-0.2141,2,1.1086,0.0,0
1,1.0807,0,0.0,2,1.1554,0.0,0
1,1.0678,1,0.0,1,1.0131,0.0,0
2,0.9571,1,0.0345,3,1.0727,0.0,0
2,1.1876,1,0.1469,1,1.332,0.0006,0
1,1.0252,0,0.0,0,1.0252,0.0,0
1,1.3354,1,0.0,3,0.9882,0.0,0
1,1.1817,0,0.095,4,0.937,0.0,0
1,1.0911,1,0.0,4,0.9569,0.0,0
1,0.9764,-2,-0.0227,5,0.9446,0.0,0
1,1.1719,1,0.0,7,0.7911,0.0,0
1,1.0592,1,0.0,4,0.9821,0.0,0
1,1.0573,0,0.0,0,1.0573,0.0,0
1,1.1225,1,0.0,3,0.9571,0.0,0
1,1.0131,1,0.0,1,1.0678,0.0,0
1,1.3305,0,0.0488,2,1.2675,0.0,0
1,1.157,1,0.0,1,0.9754,0.0,0
1,1.223,0,0.0,1,1.3303,0.0,0
3,0.9467,0,-0.0098,5,0.7812,0.0,0
7,0.9597,1,0.0159,3,0.9157,0.0001,0
1,1.3345,-1,0.1469,1,1.0407,0.0,0
3,1.0119,-1,0.0101,2,0.9906,0.0,0
2,1.2316,1,-0.0506,3,1.0062,0.0,0
5,0.9416,0,-0.003,4,0.8797,0.0007,0
2,0.8177,0,0.0266,6,0.7812,0.0,0
3,1.2885,2,-0.042,1,1.3792,0.0,0
2,0.9559,1,-0.0733,3,0.9157,0.0067,0
2,1.0883,0,-0.0687,1,1.0804,0.0,0
2,0.8029,2,0.0,5,0.7812,0.0002,0
3,1.0201,0,0.04,3,0.9699,0.0,0
1,0.9699,0,-0.0611,3,0.9916,0.0,0
3,1.0602,0,0.0664,3,0.8619,0.0005,0
2,1.0406,1,-0.0743,6,0.8349,0.0,0
4,0.8797,2,0.0187,5,0.9416,0.0002,1
1,1.1649,1,0.0,0,1.1649,0.0,0
3,1.0891,0,-0.0609,2,1.2316,0.0,0
1,1.3354,0,0.3472,3,1.0891,0.0,0
4,1.0196,-1,0.0072,3,1.0425,0.0,0
1,1.2133,0,0.0316,5,1.0509,0.0,0
3,0.9157,0,-0.0953,7,0.9559,0.003,0
2,0.9906,-1,-0.0154,3,1.0085,0.0302,0
3,1.0185,1,0.0524,2,0.8993,0.0006,0
1,1.3792,0,0.0,3,1.2885,0.0,0
5,1.0159,2,-0.0132,3,0.965,0.0354,0
1,1.0804,-1,-0.0282,2,1.0883,0.0,0
2,1.1817,0,0.0263,1,1.0281,0.0,0
2,1.1689,2,0.0,2,0.9699,0.0,0
1,1.3877,1,0.0,1,1.3792,0.0,0
1,1.0592,0,0.0,1,1.0357,0.0,0
5,1.0509,3,0.1139,1,1.0313,0.0224,0
3,1.0941,1,-0.0253,3,1.0201,0.0,0
2,0.9841,1,0.0077,5,0.8993,0.0001,0
3,1.0085,1,-0.0528,2,0.9518,0.0084,0
3,0.9842,0,-0.0885,3,1.0184,0.0,0
1,1.3303,1,0.0,1,1.223,0.0,0
1,1.0407,1,0.0,1,1.3345,0.0,0
1,1.2549,1,0.0,0,1.2549,0.0,0
1,1.0062,-1,-0.0906,2,1.1874,0.0,0
1,1.0131,0,0.0,1,1.0678,0.0,0
1,1.1491,-3,0.1327,4,0.8797,0.0,0
1,1.332,0,0.0,1,1.0281,0.0,0
1,1.1225,0,0.0,3,0.9842,0.0,0
2,1.1964,0,0.0,1,1.0727,0.0,0
1,1.0313,-3,-0.065,5,1.0509,0.0,0
1,1.0678,0,0.0,1,1.0131,0.0,0
5,0.7812,-1,0.0344,6,0.8029,0.0033,1
1,1.3744,0,0.0,1,1.0252,0.0,0
3,1.126,0,0.0164,4,1.0196,0.0,0
1,1.0357,0,0.0537,5,0.8797,0.0,0
1,1.0727,0,0.0,2,1.0884,0.0,0
1,1.32,1,0.0,0,1.32,0.0,0
3,0.965,2,0.0777,5,0.9785,0.0,0
2,1.0626,1,0.0418,5,0.8993,0.0005,0
3,1.0184,1,0.0613,3,0.9842,0.0,0
2,0.9785,-2,0.0088,3,0.965,0.0,0
2,0.9916,-1,-0.0748,3,0.9699,0.0,0
1,1.3629,1,0.0,0,1.3629,0.0,0
1,1.008,1,0.0,3,1.0185,0.0,0
1,0.8993,-3,-0.0576,3,0.9841,0.0,0
2,0.9958,1,-0.0953,3,0.8993,0.0,0
1,1.0573,1,0.0,0,1.0573,0.0,0
2,1.0425,-1,-0.0609,7,0.9597,0.0,0
1,0.9518,1,0.0,3,1.0085,0.0,0
1,1.0252,1,0.0,1,1.3744,0.0,0
1,1.0884,0,0.0,1,1.0727,0.0,0
6,0.8349,-1,-0.0012,5,0.7812,0.0001,1
1,1.1874,1,0.0,1,1.0062,0.0,0
1,1.157,1,0.0,2,0.9785,0.0,0
1,1.0356,0,0.0,0,1.0356,0.0,0
1,1.0804,0,-0.0915,6,0.8177,0.0,0
2,0.8619,0,0.0124,3,0.8029,0.0006,0
1,1.0281,1,0.0,2,1.1817,0.0,0
1,1.0293,1,0.0,3,0.9906,0.0,0
1,1.3743,0,0.0,0,1.3743,0.0,0
1,1.223,1,0.0,1,1.3303,0.0,0
1,1.2741,1,0.0,2,1.0883,0.0,0
1,1.1647,1,0.0,1,1.0313,0.0,0
2,1.0905,-1,0.0704,2,0.9275,0.0,0
2,1.0968,1,-0.0906,1,1.2821,0.0,0
3,1.112,1,0.0238,1,1.3711,0.0,0
4,0.7692,-1,-0.012,4,0.8037,0.0003,1
5,1.0575,1,0.0379,4,0.961,0.0,0
3,0.9493,0,-0.0158,2,0.9843,0.0,0
4,1.0082,-3,0.0485,4,0.8975,0.0001,0
3,1.0301,1,0.0459,4,0.8993,0.0002,0
4,1.064,1,-0.062,5,1.0575,0.0,0
2,0.8037,0,0.0009,4,0.7692,0.0001,0
1,0.9479,1,0.0,4,1.0598,0.0,0
4,1.0598,1,0.0414,3,0.9479,0.0,0
4,0.9892,1,-0.0227,2,0.9386,0.0048,0
2,0.9843,-3,-0.0316,3,0.9493,0.0094,0
2,1.0993,1,0.07,4,0.9509,0.0461,0
1,1.2549,0,0.0,1,1.3877,0.0,0
1,1.3792,1,0.0,1,1.3305,0.0,0
3,1.0383,2,0.0025,4,0.8818,0.0003,0
2,0.9535,0,-0.038,3,0.9275,0.0,0
2,1.0019,-1,-0.0872,2,1.1864,0.0,0
4,0.8993,-1,-0.0423,3,0.8818,0.001,1
1,1.0356,0,0.0,0,1.0356,0.0,0
4,0.961,2,-0.0815,5,1.0082,0.0,0
3,0.8181,1,0.0003,4,0.7692,0.0005,0
4,1.047,-1,-0.0038,3,1.0323,0.0,0
1,1.223,0,0.0,1,1.3303,0.0,0
1,1.2343,1,0.0,3,0.9535,0.0,0
1,0.9275,0,-0.0424,3,0.9535,0.0,0
1,1.3744,0,0.0,1,1.0252,0.0,0
2,1.0805,1,0.0078,0,1.0805,0.0,0
2,1.1435,1,0.0632,4,0.8073,0.0,0
1,0.9797,-1,0.0238,4,0.8975,0.0,0
3,1.011,0,0.0267,4,1.0098,0.0,0
2,0.9575,2,0.0,2,0.9843,0.0234,0
2,1.1964,2,0.0,0,1.1964,0.0,0
5,0.9952,2,-0.0233,2,0.9661,0.0,0
4,0.8539,1,-0.0928,4,0.7692,0.0003,1
2,1.2675,-1,-0.021,1,1.3305,0.0,0
1,0.9509,-1,-0.0397,4,0.9386,0.0,0
1,0.9386,1,0.0,4,0.9509,0.0,0
3,1.065,0,0.0565,1,0.9386,0.0098,0
4,0.8975,1,-0.0181,4,0.9797,0.0008,1
2,0.9345,0,0.0726,4,0.8037,0.0,0
2,1.1864,0,-0.0452,2,1.0019,0.0,0
1,1.1044,-1,0.0418,4,0.8993,0.0,0
1,1.3303,0,0.0,1,1.223,0.0,0
3,1.0083,1,-0.1605,2,0.9275,0.0,0
1,1.0252,0,0.0,1,1.3744,0.0,0
1,1.32,0,0.0,1,1.3743,0.0,0
2,1.1554,1,0.1273,1,1.0807,0.0,0
1,1.3711,0,0.097,3,1.112,0.0,0
1,1.1877,1,0.0,4,0.9479,0.0,0
2,0.8818,-2,0.0021,4,0.8993,0.0002,0
1,1.332,0,-0.0026,2,1.1876,0.0,0
1,1.3629,0,0.0,0,1.3629,0.0,0
4,0.8073,-2,-0.0276,4,0.7692,0.0002,1
3,1.0694,2,0.0381,4,1.047,0.0016,0
1,0.9764,-1,-0.0194,5,0.9952,0.0,0
2,1.1224,1,0.0633,3,1.0383,0.0,0
2,1.0156,0,0.0371,3,0.9493,0.0,0
1,1.0573,0,0.0,0,1.0573,0.0,0
2,0.9661,1,-0.042,5,0.9952,0.0,0
2,1.1388,-1,0.0447,4,1.064,0.0,0
1,1.0807,-1,-0.101,2,1.1554,0.0,0
1,1.2409,0,-0.0945,3,1.0019,0.0,0
1,1.3877,1,0.0,1,1.2549,0.0,0
1,1.0131,1,0.0,0,1.0131,0.0,0
1,1.2821,0,0.2759,2,1.0968,0.0,0
1,1.0323,1,0.0,4,1.047,0.0,0
1,1.3743,1,0.0,1,1.32,0.0,0
1,1.1649,0,0.0,0,1.1649,0.0,0
2,1.1876,1,0.1469,1,1.332,0.0001,0
1,1.3305,0,-0.0487,2,1.2675,0.0,0
1,1.2289,0,0.0642,3,1.0694,0.0,0
1,1.0802,0,0.1809,5,0.9764,0.0,0
2,1.0098,-1,-0.0504,3,0.9345,0.0008,0
1,0.9663,-1,-0.0743,4,0.8073,0.0,0
1,1.0678,0,0.0,0,1.0678,0.0,0
1,1.157,0,0.0,2,1.0156,0.0,0
1,1.1877,0,0.0,3,0.9933,0.0,0
4,0.9388,1,-0.0912,3,0.9228,0.001,0
2,1.1117,0,0.1098,3,1.1311,0.0,0
1,1.3711,1,0.0,2,1.1711,0.0,0
4,0.8094,1,-0.0086,6,0.7539,0.0,1
2,0.9448,1,-0.0061,2,0.8482,0.0001,0
3,0.928,-1,0.0286,4,0.9388,0.0001,0
1,0.8924,0,-0.1398,4,1.0044,0.0,0
1,1.0316,1,0.0,4,0.969,0.0,0
2,1.0469,2,0.0,6,0.7539,0.0,0
4,0.969,1,-0.0693,3,0.928,0.0,0
1,1.3629,0,0.0,0,1.3629,0.0,0
4,1.0275,1,-0.0419,1,1.0044,0.0036,0
3,1.0026,0,-0.0057,2,0.9715,0.0,0
7,0.9682,3,0.0072,3,0.9318,0.0,0
2,1.1832,1,-0.0578,3,1.0026,0.0,0
4,1.0678,4,0.0,1,0.8924,0.0032,0
1,1.2449,-1,0.1224,4,0.969,0.0,0
2,1.3213,1,0.0664,0,1.3213,0.0,0
2,1.0832,0,-0.0603,4,0.7985,0.0,0
1,1.008,1,0.0,2,1.0484,0.0,0
5,0.9403,2,-0.009,2,1.0375,0.0,0
4,0.933,0,0.0354,2,0.9318,0.0007,0
2,1.0375,0,0.0533,5,0.9403,0.0094,0
1,1.3797,0,0.0976,3,1.0968,0.0,0
2,1.0222,-1,-0.0428,2,0.8914,0.0176,0
2,1.1876,2,0.0,0,1.1876,0.0,0
1,1.3743,0,0.0543,1,1.32,0.0,0
1,1.0884,-1,0.0078,1,1.0727,0.0,0
2,1.0968,0,0.0,1,1.0356,0.0,0
4,0.9555,-1,-0.0397,3,0.9228,0.0,0
2,1.1554,0,0.0,1,1.0807,0.0,0
3,1.0083,2,-0.0719,4,0.9228,0.0,0
3,1.2885,2,-0.042,1,1.3792,0.0,0
1,1.3744,1,0.0,1,1.0252,0.0,0
3,0.9933,-1,-0.0665,3,1.0204,0.0,0
2,1.0204,-1,0.0094,3,0.9235,0.0,0
1,1.32,1,0.0,1,1.3743,0.0,0
1,0.7985,-3,-0.0088,4,0.8094,0.0,0
2,1.0484,0,0.0823,4,0.9555,0.0,0
3,1.1311,1,-0.0552,2,1.1117,0.0,0
3,1.0409,2,0.093,3,0.9933,0.0,0
2,1.1711,1,-0.1999,1,1.0804,0.0,0
1,1.0727,1,0.0,2,1.0884,0.0,0
1,1.2088,1,0.0,3,0.9235,0.0,0
6,0.7539,2,-0.1001,4,0.7513,0.0002,1
2,1.145,0,0.0544,2,0.9715,0.0,0
1,1.1164,0,0.1889,3,0.9715,0.0,0
2,0.8945,0,-0.04,6,0.7513,0.0005,0
4,1.0235,3,0.0573,2,0.7985,0.0011,0
2,0.9318,-2,-0.0764,7,0.933,0.0008,0
2,0.9235,0,-0.0863,2,0.8945,0.0006,0
1,0.9228,0,-0.0536,4,0.9388,0.0,0
1,1.0356,1,0.0,2,1.0968,0.0,0
5,1.0479,1,-0.0161,3,1.073,0.0,0
2,1.1463,0,0.0075,5,1.0479,0.0,0
1,1.3792,1,0.0,3,1.2885,0.0,0
1,1.1649,0,0.0,0,1.1649,0.0,0
1,1.0131,1,0.0,1,1.0678,0.0,0
1,1.0678,1,0.0,1,1.0131,0.0,0
2,1.1532,2,0.0,2,0.8914,0.0017,0
1,1.332,0,0.0,0,1.332,0.0,0
2,0.9715,0,0.018,3,1.0026,0.0,0
3,1.073,-2,0.0155,7,0.9682,0.0,0
1,1.157,1,0.0,1,1.0252,0.0,0
1,1.0252,0,-0.3492,1,1.157,0.0,0
1,1.0044,-3,-0.0426,4,0.8924,0.0,0
1,1.0573,0,0.0,0,1.0573,0.0,0
2,1.1964,0,0.0,1,1.0727,0.0,0
2,0.8158,-2,0.0465,6,0.7513,0.0005,0
1,1.1109,1,0.0,4,0.8094,0.0,0
1,0.7513,-1,-0.0525,6,0.7539,0.0,0
1,1.1442,0,-0.0847,4,1.0275,0.0,0
2,0.8914,1,-0.0472,2,0.8482,0.0008,0
1,1.223,1,0.0,1,1.3303,0.0,0
1,1.1403,-1,0.041,4,0.8482,0.0,0
1,0.8482,-3,-0.141,4,0.8914,0.0,0
1,1.0804,-2,-0.0316,2,1.1711,0.0,0
1,1.3303,1,0.0,1,1.223,0.0,0
1,1.0807,0,0.0,2,1.008,0.0,0
1,1.0252,0,0.0,0,1.0252,0.0,0
1,1.2409,-1,0.1292,2,1.0019,0.0,0
2,1.0494,2,0.0,3,0.9485,0.0094,0
4,1.0266,1,0.0332,4,0.9375,0.0001,0
5,0.927,3,0.0325,8,0.8008,0.0867,0
3,1.1362,1,-0.0101,5,1.057,0.0,0
3,1.0999,1,0.0167,5,0.9076,0.0,0
3,0.9018,1,-0.03,6,0.923,0.0008,0
5,0.9451,3,0.0003,4,0.8482,0.0222,0
4,1.0706,1,0.0297,4,1.0266,0.0473,0
4,1.0325,0,0.009,3,0.8482,0.0039,0
2,1.2479,1,-0.1319,2,1.0019,0.0,0
1,0.8482,0,0.0,5,0.9451,0.0,0
3,0.923,-1,-0.01,3,0.9018,0.0008,0
1,0.9764,0,0.0536,4,0.8825,0.0,0
4,0.8674,1,-0.0606,3,0.8825,0.0006,1
8,0.8008,2,0.0469,5,0.7549,0.0615,1
1,1.0807,-1,-0.0747,2,1.1554,0.0,0
6,0.9685,-1,0.0002,3,0.9018,0.0,0
4,1.0477,0,-0.0201,1,1.0044,0.0035,0
6,1.0104,2,-0.0171,1,1.0044,0.0052,0
3,1.0928,1,-0.0522,3,1.0198,0.0,0
1,1.223,0,0.0,1,1.3303,0.0,0
1,1.0573,1,0.0,0,1.0573,0.0,0
5,1.057,0,0.0091,3,1.0354,0.0,0
2,0.9916,2,0.0,2,0.9667,0.0,0
2,1.2675,-1,-0.021,1,1.3305,0.0,0
2,1.1442,0,0.0474,2,1.0356,0.0,0
1,1.3711,0,0.0,2,1.1711,0.0,0
1,1.0804,0,0.0,2,1.1711,0.0,0
1,0.9375,-1,-0.0829,4,0.8988,0.0,0
1,1.0884,0,0.0,1,1.0131,0.0,0
3,0.9485,1,-0.089,2,0.9406,0.0,0
4,1.0634,1,0.0551,3,0.8825,0.0709,0
1,1.2549,1,0.0,1,1.3877,0.0,0
4,1.1104,2,0.0882,5,0.9451,0.0054,0
3,1.0701,3,0.0,4,0.8674,0.0422,0
1,1.0323,1,0.0,4,1.0477,0.0,0
2,1.0354,-1,-0.0377,6,0.9685,0.0,0
1,1.3684,1,0.0,1,1.0245,0.0,0
1,1.2448,1,0.0,3,0.9406,0.0,0
3,1.0399,1,-0.0085,3,0.9495,0.0352,0
2,0.9406,-3,0.0002,3,0.9485,0.0,0
2,1.1711,0,0.0,1,1.0804,0.0,0
1,1.0245,-1,-0.172,1,1.0727,0.0,0
1,1.1649,1,0.0,0,1.1649,0.0,0
1,1.008,1,0.0,3,0.9495,0.0,0
1,1.3877,-1,0.0664,1,1.2549,0.0,0
3,0.9702,-1,0.0147,4,0.9764,0.1594,0
1,1.0407,-1,-0.1469,1,1.332,0.0,0
2,1.2273,2,0.0,3,0.923,0.0788,0
5,0.9076,1,0.0981,8,0.7549,0.029,0
1,1.1034,1,0.0,2,1.0356,0.0,0
2,0.8988,0,-0.0247,5,0.927,0.0006,0
2,1.171,0,-0.0121,2,0.9667,0.0,0
2,1.0019,-1,-0.1292,2,1.2409,0.0,0
1,1.332,1,0.0,1,1.0407,0.0,0
1,1.0678,0,0.0,0,1.0678,0.0,0
1,1.32,0,0.0,1,1.3743,0.0,0
2,1.0198,0,0.0483,3,0.9667,0.0,0
1,1.2133,-3,0.2443,4,0.8674,0.0,0
1,1.3743,0,0.0,1,1.32,0.0,0
1,0.9495,0,-0.0585,3,1.008,0.0,0
2,1.1554,2,0.0,1,1.0807,0.0,0
1,1.0044,0,0.0,6,1.0104,0.0,0
3,0.8825,-1,-0.0563,4,0.8674,0.041,0
2,0.9667,-1,-0.0359,2,0.9916,0.0,0
1,1.3303,0,0.0,1,1.223,0.0,0
1,1.3792,1,0.0,1,1.3305,0.0,0
1,1.157,1,0.0,2,0.9406,0.0,0
1,1.0727,0,0.0,1,1.0245,0.0,0
1,1.3345,1,0.0,1,1.0407,0.0,0
1,1.0131,1,0.0,1,1.0884,0.0,0
1,1.0356,0,0.0,2,1.1034,0.0,0
1,1.3305,0,-0.0487,2,1.2675,0.0,0
1,0.7549,-1,-0.0608,8,0.8008,0.0,0
1,1.2088,0,0.0,4,0.8988,0.0,0
1,1.3629,1,0.0,0,1.3629,0.0,0
2,1.1876,2,0.0,0,1.1876,0.0,0
2,1.0612,1,-0.0422,1,1.0356,0.0,0
3,1.0274,1,-0.1437,2,0.971,0.0,0
4,1.0206,1,-0.0793,3,0.8232,0.0,0
3,1.0048,-1,-0.1056,3,0.9006,0.0124,0
4,1.0082,2,-0.0271,6,0.9654,0.0,0
1,1.2449,1,0.0,3,1.0906,0.0,0
5,1.0227,-1,0.0124,3,0.9724,0.0157,0
4,1.0597,0,0.0331,4,0.8988,0.0033,0
9,0.8009,1,0.0001,3,0.774,0.0261,1
1,0.8232,-4,-0.0844,9,0.774,0.0,0
3,1.1073,1,0.1054,2,1.2172,0.0,0
2,1.0457,-1,0.1227,4,0.8912,0.0006,0
6,1.0329,1,-0.0242,4,1.0082,0.0,0
2,1.2172,0,-0.0306,3,1.1073,0.0,0
1,1.0807,0,0.0,2,1.008,0.0,0
4,0.9923,1,-0.0475,3,0.9495,0.0044,0
2,1.0601,0,-0.111,1,1.1368,0.0,0
3,1.0397,1,0.1408,3,0.7984,0.0004,0
2,1.1964,1,-0.172,0,1.1964,0.0,0
3,0.9006,-2,-0.0445,3,0.8613,0.0277,0
1,1.0573,0,0.0,0,1.0573,0.0,0
1,1.3743,0,0.0543,1,1.32,0.0,0
4,1.0308,0,-0.0399,4,1.0515,0.0029,0
1,1.1368,0,-0.2343,2,1.0601,0.0,0
3,0.9313,0,-0.0172,2,0.9406,0.0,0
2,1.051,-2,0.0033,3,0.9623,0.0001,0
3,0.7984,-2,-0.1286,9,0.8009,0.0052,0
1,1.3877,0,0.0,2,1.3548,0.0,0
3,1.1418,0,0.049,2,1.0767,0.0,0
1,1.32,1,0.0,1,1.3743,0.0,0
3,0.9724,2,-0.032,5,1.0227,0.0275,0
4,0.9654,-2,-0.0031,4,0.8912,0.0,0
1,1.332,0,0.0,0,1.332,0.0,0
3,0.8731,0,-0.0094,4,0.8735,0.0023,0
1,1.2068,1,0.0,4,0.8232,0.0,0
2,0.774,1,0.019,9,0.8009,0.0205,0
2,1.3548,1,-0.0244,1,1.1866,0.0,0
2,0.9406,0,0.0,3,0.9313,0.0,0
2,0.8735,2,0.0,4,0.8731,0.0,0
2,1.0767,0,0.0569,3,0.971,0.0,0
2,1.0805,1,0.0078,0,1.0805,0.0,0
4,0.8912,1,-0.0106,4,0.9654,0.0001,1
1,0.9495,0,0.0,4,0.9923,0.0,0
3,1.0277,-1,-0.0048,4,0.8613,0.0003,0
4,1.0273,0,-0.0361,3,0.8731,0.0036,0
1,1.0131,0,0.0,0,1.0131,0.0,0
3,0.9944,0,0.0242,4,0.9923,0.0667,0
1,0.9973,-1,0.0058,3,0.971,0.0,0
2,0.8988,1,-0.0386,4,1.0397,0.0,0
1,1.1866,1,0.0,2,1.3484,0.0,0
3,1.0906,0,0.0205,3,0.8731,0.0008,0
1,1.3711,1,0.0,1,1.1368,0.0,0
1,1.008,1,0.0,1,0.9495,0.0,0
1,1.0252,0,0.0,0,1.0252,0.0,0
1,1.2343,0,-0.0067,3,1.0274,0.0,0
2,1.13,-1,-0.0062,6,1.0329,0.0,0
1,1.2309,-1,0.0036,2,1.0457,0.0,0
1,1.223,1,0.0,1,1.3303,0.0,0
2,1.0515,2,0.0,4,1.0308,0.0,0
1,1.157,0,0.0,2,0.9406,0.0,0
2,0.9623,1,-0.0699,2,1.051,0.0,0
2,0.9111,-2,0.0437,3,0.8731,0.0,0
1,1.1414,1,0.0,9,0.8009,0.0,0
1,1.3629,0,0.0,0,1.3629,0.0,0
1,1.3484,0,0.0179,2,1.1866,0.0,0
1,1.1649,0,0.0,0,1.1649,0.0,0
1,0.8613,0,0.0131,3,0.9006,0.0,0
1,1.0356,1,0.0,2,1.0612,0.0,0
1,0.977,1,0.0,3,0.8613,0.0,0
1,1.2821,-1,0.138,2,1.0612,0.0,0
2,1.046,2,0.0,3,0.8613,0.0,0
1,1.3744,0,0.1296,3,0.9313,0.0,0
1,1.3303,1,0.0,2,1.0601,0.0,0
2,1.1554,0,0.0,1,1.0807,0.0,0
2,0.971,0,0.0043,3,0.9973,0.0,0
1,0.9312,1,0.0,3,1.0048,0.0,0
1,1.0678,0,0.0,0,1.0678,0.0,0
1,1.1677,1,0.0,2,0.9623,0.0,0
1,1.2549,1,0.0,0,1.2549,0.0,0
8,0.8087,-1,0.0079,5,0.7971,0.021,1
1,1.3792,0,-0.0085,2,1.3394,0.0,0
2,0.9906,-1,-0.0372,5,0.9106,0.0,0
4,1.0287,-1,0.0059,4,0.9393,0.0048,0
3,1.1222,0,-0.0196,5,1.0603,0.0,0
1,1.3711,0,0.0,2,1.1711,0.0,0
1,1.0884,-1,0.0078,1,1.0727,0.0,0
2,1.1063,0,-0.111,2,1.1747,0.0,0
3,1.0695,1,0.018,4,1.0563,0.0,0
2,0.9788,1,-0.0293,2,1.0429,0.0,0
1,1.203,0,-0.0279,2,1.1838,0.0,0
4,1.0563,0,0.0255,3,1.0695,0.0029,0
2,1.0429,1,0.0934,3,0.9387,0.0044,0
6,0.9843,3,0.053,1,1.157,0.028,0
2,1.0892,-4,0.0563,6,1.0039,0.0,0
4,0.915,0,-0.1123,5,0.8241,0.0344,0
2,1.3394,0,-0.0154,1,1.1866,0.0,0
5,0.7999,2,0.0015,8,0.7971,0.0069,1
2,1.0017,-1,0.1286,4,0.8241,0.0001,0
4,0.9393,1,-0.0331,4,0.9507,0.0316,0
4,0.9106,3,0.0493,4,0.9247,0.0008,0
5,0.9035,1,0.0123,2,0.9242,0.0003,0
2,1.0923,0,0.0311,1,0.9624,0.0,0
3,1.1003,2,-0.0674,1,0.8924,0.0,0
5,1.0603,3,-0.0697,3,1.0892,0.0,0
1,1.0678,1,0.0,1,1.0131,0.0,0
6,1.0039,2,-0.0043,2,0.9242,0.0,0
4,1.0281,1,0.0234,4,0.972,0.0043,0
3,0.9387,-1,-0.0536,5,1.0241,0.0034,0
1,1.0727,1,0.0,1,1.0245,0.0,0
1,1.0131,1,0.0,1,1.0678,0.0,0
2,1.1554,2,0.0,1,1.0807,0.0,0
2,1.1876,0,0.0,1,1.332,0.0,0
5,1.0241,2,0.0297,4,0.915,0.0071,0
5,1.0336,1,0.013,2,0.9906,0.1374,0
2,1.1311,0,0.0544,3,0.9371,0.0,0
2,0.8866,0,-0.0123,3,1.0506,0.0,0
2,1.0325,0,0.0615,3,0.9371,0.0,0
3,0.9662,0,-0.0612,2,0.9371,0.0,0
1,1.1866,0,-0.1617,2,1.3394,0.0,0
1,1.3684,1,0.0,1,1.0245,0.0,0
2,1.1994,-1,0.1088,2,0.886,0.0637,0
2,0.886,0,-0.025,2,0.8241,0.0,0
1,1.157,-1,0.2165,6,0.9843,0.0,0
3,1.0506,0,0.0109,5,0.7971,0.0026,0
1,1.0245,-1,-0.172,1,1.0727,0.0,0
4,0.972,1,0.0714,4,0.9106,0.0009,0
2,1.1711,1,0.0344,1,1.0804,0.0,0
3,1.1004,-1,0.0406,4,0.8866,0.0039,0
1,1.3743,0,0.0,1,1.32,0.0,0
2,1.1747,-1,0.0674,2,1.1063,0.0,0
2,1.1832,1,-0.0511,3,0.9662,0.0,0
1,1.0807,-1,-0.0747,2,1.1554,0.0,0
1,1.3877,1,0.0,1,1.2549,0.0,0
1,1.0573,1,0.0,0,1.0573,0.0,0
1,0.9371,0,-0.0602,3,0.9662,0.0,0
1,1.32,0,0.0,1,1.3743,0.0,0
2,0.9242,-2,-0.0412,6,0.9035,0.0,0
1,1.0323,1,0.0,3,0.886,0.0,0
1,1.0252,1,0.0,1,1.157,0.0,0
1,0.803,1,0.0,8,0.7999,0.0,0
1,1.1649,1,0.0,0,1.1649,0.0,0
2,1.1838,0,0.1381,5,0.9035,0.0003,0
1,0.9624,0,-0.0733,2,1.0923,0.0,0
1,1.0804,-1,0.0203,2,1.1711,0.0,0
1,0.9507,1,0.0,4,0.8924,0.0,0
1,1.3629,1,0.0,0,1.3629,0.0,0
1,1.332,1,0.0,2,1.1876,0.0,0
1,1.1034,1,0.0,2,0.9624,0.0,0
2,0.8241,0,-0.0494,4,0.886,0.0,0
1,1.223,1,0.0,1,1.3303,0.0,0
1,0.9247,0,-0.0522,4,0.9106,0.0,0
1,0.7971,1,0.0,8,0.7999,0.0,0
1,1.3303,0,0.1072,1,1.223,0.0,0
2,1.1435,1,0.0021,8,0.7971,0.0016,0
1,0.8924,-1,-0.0699,3,0.9507,0.0,0
1,1.2549,0,0.0,1,1.3877,0.0,0
1,1.181,0,-0.1011,2,1.0923,0.0,0
2,0.9723,-1,0.0337,5,0.9506,0.0002,0
3,0.9769,-1,-0.0517,5,0.9404,0.0035,0
1,1.0573,1,0.0,0,1.0573,0.0,0
3,1.0142,-2,-0.0194,2,0.8865,0.0912,0
2,1.0059,0,-0.0833,6,0.9837,0.0,0
4,0.8674,2,0.0432,3,0.8608,0.0001,1
3,1.1711,1,-0.0127,3,0.8983,0.0006,0
3,0.9115,1,-0.0127,6,0.8983,0.0,0
8,0.7485,3,-0.0515,6,0.7309,0.028,1
2,1.3078,1,-0.0714,2,1.2675,0.0,0
2,1.2675,0,-0.0719,2,1.3078,0.0,0
1,1.3743,0,0.0543,1,1.32,0.0,0
5,0.9404,1,0.0011,3,0.975,0.0346,0
6,0.8324,-2,0.0237,8,0.7309,0.0238,1
2,1.1554,0,0.0,1,1.0807,0.0,0
1,1.3684,0,0.0,1,1.0245,0.0,0
6,0.9837,0,-0.0202,3,0.9115,0.0,0
1,1.2549,1,0.0,2,1.1086,0.0,0
3,1.0816,1,-0.0247,2,1.2638,0.0,0
3,1.009,0,-0.0605,3,1.0515,0.0,0
2,1.1711,0,0.0,1,1.0804,0.0,0
5,0.9246,1,0.014,3,0.8865,0.0036,0
4,1.0559,0,0.0277,3,0.9683,0.0012,0
2,1.0259,2,0.0,6,0.8324,0.0958,0
2,1.1863,0,-0.0013,1,1.3345,0.0,0
1,1.008,1,0.0,1,0.9749,0.0,0
1,1.3303,1,0.0,2,1.1711,0.0,0
5,1.0712,0,0.011,2,1.0059,0.0,0
1,1.157,0,0.0,3,1.0209,0.0,0
1,0.8924,0,0.0,3,0.975,0.0,0
1,0.7309,0,-0.0721,8,0.7485,0.0,0
5,1.0304,0,0.0063,3,0.8608,0.006,0
3,1.0473,1,0.1607,2,0.9211,0.0002,0
3,1.0455,1,-0.1376,3,0.9886,0.0,0
1,1.1798,1,0.0,2,0.9815,0.0,0
1,1.0804,0,0.0,2,1.1711,0.0,0
1,1.0252,1,0.0,0,1.0252,0.0,0
3,0.8608,-1,-0.0542,5,0.8674,0.0001,0
3,0.9683,-1,-0.0037,5,0.9246,0.0252,0
2,0.9211,-1,-0.1793,3,1.0473,0.0,0
1,0.9749,-1,-0.0039,3,0.9506,0.0,0
3,1.0209,-3,0.0366,1,0.9433,0.0067,0
1,1.3345,1,0.0,2,1.1863,0.0,0
1,0.9433,1,0.0,3,1.0209,0.0,0
2,1.0805,1,0.0078,1,1.0245,0.0,0
3,0.9506,1,-0.0923,2,0.9723,0.0041,0
3,0.8983,-2,-0.0053,3,0.9115,0.0,0
1,1.0323,0,0.0,3,0.8924,0.0,0
1,1.1551,1,0.0,3,1.009,0.0,0
3,1.1003,-1,0.044,3,0.9211,0.0041,0
1,1.32,1,0.0,1,1.3743,0.0,0
3,1.0327,1,0.031,4,0.8608,0.0001,0
1,1.0245,0,0.0,2,1.0805,0.0,0
2,0.939,-1,-0.1115,8,0.7485,0.0005,0
2,1.0985,-1,-0.0236,5,1.0712,0.0,0
2,0.975,2,0.0,5,0.8924,0.004,0
3,1.1288,0,0.0285,2,0.8924,0.0,0
2,1.1086,0,0.0163,2,0.9624,0.0,0
2,1.2638,1,0.0827,3,1.0816,0.0,0
1,1.3711,1,0.0,0,1.3711,0.0,0
2,1.1229,2,0.0,3,0.9769,0.0927,0
1,1.1219,1,0.0,3,0.9506,0.0,0
2,1.1228,0,-0.0083,2,0.9815,0.0,0
1,0.9815,-1,-0.051,3,0.9886,0.0,0
3,0.9886,0,0.0224,3,0.9815,0.0,0
1,1.0131,1,0.0,0,1.0131,0.0,0
1,1.1878,1,0.0,3,1.0142,0.0,0
2,1.0515,2,0.0,3,1.009,0.0,0
1,1.1456,-1,0.002,6,0.8324,0.0,0
1,1.2673,-1,0.0926,3,1.0455,0.0,0
1,1.0866,0,0.1495,3,0.9815,0.0,0
1,1.3877,0,0.1328,1,1.2549,0.0,0
1,1.0678,0,0.0,0,1.0678,0.0,0
1,1.3629,0,0.0,0,1.3629,0.0,0
1,1.0807,0,0.0,2,1.008,0.0,0
1,1.2449,-1,0.0455,3,1.0323,0.0,0
2,0.8865,0,-0.1041,5,0.9246,0.0045,0
1,1.1034,0,0.0,2,0.9624,0.0,0
1,1.1649,0,0.0,0,1.1649,0.0,0
1,0.9624,0,0.0,2,1.1034,0.0,0
1,1.223,1,0.0,1,1.3303,0.0,0
6,0.9491,1,0.0246,4,0.8604,0.0039,0
5,0.9235,0,-0.0168,5,0.9848,0.0446,0
2,0.9906,-1,-0.0236,4,0.9188,0.0,0
3,1.0025,0,0.0139,3,1.0026,0.0,0
5,0.8332,2,-0.0276,3,0.8983,0.0021,1
2,0.9717,1,-0.1502,2,0.8747,0.0006,0
2,0.8635,-1,-0.048,5,0.9593,0.0,0
3,1.0408,-2,0.0104,5,0.8332,0.0001,0
2,1.1711,2,0.0,1,1.0804,0.0,0
2,0.8029,0,-0.1362,10,0.7674,0.0,0
1,1.3684,1,0.0,1,1.0245,0.0,0
2,1.2766,1,0.0536,0,1.2766,0.0,0
3,1.024,2,-0.0794,2,1.2931,0.0002,0
1,1.0804,-1,-0.0907,2,1.1711,0.0,0
4,1.0748,1,-0.0255,2,0.9111,0.0002,0
5,0.9778,2,0.0795,2,0.8635,0.0,0
3,1.0122,0,-0.0205,5,0.8332,0.0333,0
4,0.8607,-2,0.0282,10,0.7674,0.0334,1
1,1.1345,0,-0.0453,4,1.1152,0.0,0
1,1.2827,1,0.0,1,1.0281,0.0,0
2,0.8983,-2,0.0309,5,0.8332,0.0,0
5,0.9593,-1,-0.0243,3,0.8635,0.0,0
1,1.332,-1,0.1456,2,1.1876,0.0,0
1,1.0245,0,-0.344,1,1.0727,0.0,0
3,1.1006,0,0.0532,2,0.8029,0.0001,0
4,1.0079,3,-0.0244,1,0.9776,0.0826,0
1,1.0678,0,0.0,0,1.0678,0.0,0
10,0.7674,2,0.0189,4,0.8029,0.0146,1
5,1.0513,2,0.0743,5,0.9235,0.0084,0
2,0.8747,-1,-0.0759,2,0.9717,0.0001,0
4,1.121,2,0.0225,3,1.0252,0.0,0
1,0.9776,0,0.0852,4,0.9848,0.0,0
2,0.9188,0,0.0323,6,0.9491,0.0001,0
4,1.0378,2,0.0119,4,0.8607,0.0586,0
4,1.0494,1,0.0811,6,0.8604,0.0257,0
2,1.1152,1,0.1337,3,1.0025,0.0,0
2,1.1275,-1,0.0459,2,1.0908,0.0,0
1,0.8973,1,0.0,10,0.7674,0.0,0
4,1.0561,2,0.0046,2,1.0189,0.0003,0
3,1.0252,-2,-0.046,4,1.0525,0.0,0
1,0.9367,0,-0.0713,2,1.0511,0.0,0
1,1.3792,1,0.0,2,1.3394,0.0,0
1,1.3743,0,0.0,1,1.32,0.0,0
2,0.9111,0,-0.01,4,1.0748,0.0,0
2,1.0908,0,-0.173,2,1.1275,0.0,0
1,1.0131,0,0.0,0,1.0131,0.0,0
1,1.2449,1,0.0,3,1.0122,0.0,0
3,1.0525,1,0.0466,5,0.9593,0.0,0
2,1.0511,1,0.0762,2,0.8747,0.0006,0
2,1.3394,0,0.0316,1,1.1866,0.0,0
1,0.8604,1,0.0,6,0.9491,0.0,0
2,1.116,0,-0.0068,4,1.1152,0.0,0
3,1.0627,0,0.0419,1,1.0252,0.0,0
1,1.0727,0,0.0482,1,1.0245,0.0,0
1,1.3711,0,0.0,2,1.1711,0.0,0
1,1.074,1,0.0,3,0.8747,0.0,0
2,0.9718,0,-0.0005,3,0.8747,0.0124,0
1,1.2549,0,0.0,2,1.0908,0.0,0
1,1.0281,-1,-0.1273,1,1.0807,0.0,0
1,1.0807,0,0.0,1,0.9367,0.0,0
1,1.3459,1,0.0,1,1.203,0.0,0
2,0.9848,0,0.0098,5,0.9235,0.0038,0
3,1.0026,0,-0.0429,3,1.0025,0.0,0
2,1.1876,1,-0.1469,1,1.332,0.0,0
2,1.1853,1,-0.0819,3,1.0026,0.0,0
1,1.3877,0,0.0,1,1.2549,0.0,0
2,1.2931,0,0.1845,3,1.024,0.0,0
1,1.1989,1,0.0,4,1.0079,0.0,0
1,1.0884,-1,0.0078,1,1.0727,0.0,0
1,1.1649,0,0.0,0,1.1649,0.0,0
1,1.0573,1,0.0,1,1.3684,0.0,0
1,1.0252,1,0.0,3,1.0627,0.0,0
1,1.1866,-1,-0.0809,2,1.3394,0.0,0
1,1.203,-2,0.0319,5,0.9778,0.0,0
2,1.0189,-1,0.0099,4,1.0561,0.0,0
1,1.022,0,-0.1658,4,0.9906,0.0,0
1,1.3629,1,0.0,0,1.3629,0.0,0
1,1.32,0,0.0,1,1.3743,0.0,0
4,0.9472,2,0.0284,5,0.921,0.0001,0
2,1.1154,0,0.0246,2,1.1571,0.0,0
1,1.0804,0,0.0,2,1.1711,0.0,0
2,1.1013,2,0.0,2,0.9794,0.0,0
1,1.0752,-2,0.0124,1,1.0252,0.0,0
2,1.086,-2,0.0112,4,1.0462,0.0003,0
1,1.1266,1,0.0,4,0.977,0.0,0
1,1.1455,1,0.0,1,1.1266,0.0,0
4,1.0236,2,0.0518,4,0.8993,0.0007,0
2,1.1541,2,0.0,4,1.0168,0.0774,0
2,1.0485,0,0.0297,5,1.0041,0.0,0
6,1.0239,3,-0.0285,2,0.9506,0.0,0
2,0.9794,-1,-0.0231,4,0.9928,0.0,0
5,0.921,-1,-0.0282,4,0.9472,0.0023,0
5,0.7844,3,-0.0185,9,0.7522,0.0054,1
4,0.9437,1,-0.0971,4,0.9165,0.0026,0
5,0.8891,3,0.0256,2,0.9506,0.0,1
9,0.7522,-1,-0.0152,5,0.7844,0.0031,1
5,1.0844,1,-0.0367,1,0.9849,0.0,0
1,1.1662,1,0.0,2,1.0686,0.0,0
1,1.0496,1,0.0,1,1.0752,0.0,0
3,0.9987,1,0.0139,3,0.8938,0.0,0
1,1.0637,0,-0.0708,5,1.0844,0.0,0
4,0.9928,1,-0.0098,2,0.9794,0.0,0
4,0.977,0,-0.0724,5,0.921,0.0247,0
1,1.0516,-2,-0.049,5,0.7844,0.0,0
2,1.0686,-1,0.0446,2,0.9624,0.0,0
4,1.0168,-1,-0.0344,3,0.9217,0.0014,0
5,1.0202,1,-0.0177,2,0.9108,0.0837,0
3,0.9217,-2,-0.0018,4,0.8938,0.0275,0
1,1.0884,0,0.0,1,1.0131,0.0,0
2,1.1863,0,-0.0013,1,1.3345,0.0,0
2,1.1554,1,-0.1273,1,1.0807,0.0,0
1,1.2129,1,0.0,5,1.0041,0.0,0
2,1.116,0,0.0009,2,0.9794,0.0,0
2,0.9931,-2,-0.0148,1,1.0044,0.0012,0
2,1.3471,1,0.0271,0,1.3471,0.0,0
1,1.1878,1,0.0,5,0.8668,0.0,0
1,1.3684,0,0.0,1,1.0245,0.0,0
4,1.0462,2,0.1351,2,1.0516,0.0,0
5,1.0041,1,-0.052,2,1.0485,0.0,0
1,1.3792,0,-0.0085,1,1.3877,0.0,0
1,0.9849,-2,-0.0403,6,1.0239,0.0,0
1,1.3345,1,0.0,2,1.1154,0.0,0
1,1.1034,1,0.0,2,0.9624,0.0,0
1,1.0727,0,0.0,1,1.0245,0.0,0
2,0.9108,-2,0.0501,9,0.7522,0.0429,0
3,1.2885,1,-0.0509,0,1.2885,0.0,0
1,1.1345,-1,0.0185,5,1.0637,0.0,0
1,1.1649,1,0.0,0,1.1649,0.0,0
2,0.9743,0,0.0996,4,0.8993,0.0003,0
3,1.0218,1,-0.0293,2,0.8993,0.0005,0
2,0.8938,2,0.0,3,0.9217,0.0,0
2,1.1571,0,0.0297,2,1.099,0.0,0
1,0.9765,-2,-0.0358,4,0.8921,0.0,0
1,1.0323,1,0.0,2,0.8921,0.0,0
2,0.9439,1,0.0072,3,1.0218,0.0,0
1,1.2301,1,0.0,2,0.9765,0.0,0
1,0.8993,-1,-0.0724,4,0.9743,0.0,0
2,1.1552,-3,0.1774,5,0.8891,0.0,0
2,1.2744,1,0.0715,2,1.1552,0.0007,0
1,1.3303,1,0.0,2,1.1711,0.0,0
2,1.1711,0,0.0,1,1.0804,0.0,0
4,0.9165,-1,0.0833,4,0.8921,0.0381,0
1,1.3711,1,0.0,0,1.3711,0.0,0
2,0.9506,-3,-0.0087,6,0.8891,0.0,0
1,1.3629,0,0.0,0,1.3629,0.0,0
1,1.0357,1,0.0,4,0.9165,0.0,0
1,0.944,-1,-0.0465,5,0.9472,0.0,0
1,1.099,-1,-0.0863,4,0.9928,0.0,0
2,1.171,0,-0.1221,2,1.0686,0.0,0
1,0.8921,-1,-0.0062,4,0.9165,0.0,0
1,1.223,1,0.0,1,1.3303,0.0,0
1,1.127,0,-0.0719,2,0.9931,0.0,0
1,1.0678,1,0.0,0,1.0678,0.0,0
1,1.0245,0,0.0,1,1.0727,0.0,0
1,0.8668,0,-0.0305,9,0.7522,0.0,0
1,1.0252,0,0.0,1,1.0752,0.0,0
1,1.0044,0,0.0268,3,0.8938,0.0,0
1,1.3877,0,0.1328,2,1.1154,0.0,0
1,1.0573,0,0.0,1,1.3684,0.0,0
1,1.0131,1,0.0,1,1.0884,0.0,0
1,1.3396,0,0.0948,1,0.9765,0.0,0
1,0.9624,1,0.0,2,1.0686,0.0,0
1,1.0807,0,0.0526,2,1.1554,0.0,0
2,0.8684,1,0.0016,7,0.7402,0.0002,0
2,0.8753,0,-0.0753,5,0.9436,0.0,0
4,0.9436,-1,0.0545,2,0.8753,0.0,0
3,1.0464,-2,0.0263,3,0.886,0.0761,0
1,1.1662,0,0.0,2,1.0242,0.0,0
1,1.3629,1,0.0,0,1.3629,0.0,0
5,0.9459,2,-0.0529,5,0.9707,0.0045,0
5,0.8682,1,-0.0483,3,0.8544,0.0012,1
5,1.0595,1,0.0133,2,0.8285,0.0001,0
6,0.9869,1,0.0659,4,0.884,0.0026,0
4,0.9135,0,-0.0337,6,0.886,0.0002,0
4,1.0667,2,0.0182,5,1.0,0.0,0
1,1.223,0,0.0,1,1.3303,0.0,0
3,1.088,2,0.0523,5,0.8544,0.0385,0
7,0.7518,-2,-0.0004,6,0.7402,0.0022,1
1,1.0131,0,0.0,0,1.0131,0.0,0
5,0.9611,-1,-0.0628,4,0.8753,0.0,0
2,1.2019,0,0.0309,3,1.0242,0.0,0
1,1.1649,0,0.0,0,1.1649,0.0,0
4,0.9869,0,-0.0059,3,1.0358,0.0,0
1,1.008,1,0.0,2,1.0638,0.0,0
2,1.0805,1,0.0078,0,1.0805,0.0,0
5,1.0,0,-0.0041,4,1.0667,0.0,0
2,1.0854,0,0.106,4,0.9869,0.0,0
1,1.022,0,-0.1658,3,0.8684,0.0,0
2,1.1876,1,-0.1469,3,1.0902,0.0258,0
5,1.078,1,0.0612,5,0.9707,0.0139,0
5,1.0787,0,-0.0056,4,1.0356,0.0,0
1,1.1398,0,0.1075,3,0.9163,0.0,0
3,0.9411,0,-0.0807,2,0.9535,0.0005,0
6,0.7402,1,-0.0441,7,0.7518,0.0037,1
1,0.9163,-1,-0.0768,3,0.9776,0.0,0
3,1.0358,2,-0.0632,4,0.9869,0.0,0
2,1.2924,2,0.0,1,1.1866,0.0,0
3,0.8544,-1,-0.0893,5,0.8682,0.0,0
1,1.1266,1,0.0,6,0.884,0.0,0
5,1.0599,1,0.0363,3,0.8544,0.0006,0
1,1.0252,0,0.0,1,1.0573,0.0,0
3,1.1582,2,-0.0719,1,0.9163,0.0259,0
1,1.157,0,0.0818,1,1.0252,0.0,0
2,1.0638,0,0.1199,3,0.9411,0.0,0
1,1.3303,0,0.0,2,1.0997,0.0,0
1,0.9535,0,0.0542,5,0.9411,0.0,0
4,1.0356,3,0.0506,5,0.9611,0.0,0
2,1.0242,0,-0.0444,2,0.9624,0.0,0
5,0.9707,2,0.049,5,0.9459,0.0182,0
3,1.0902,1,-0.0252,2,1.1876,0.0,0
2,0.8285,1,-0.2231,6,0.7402,0.0,0
2,1.1306,1,-0.0039,5,1.0787,0.0,0
1,1.3459,-1,0.0715,2,1.1124,0.0,0
1,0.9624,0,0.0,2,1.0242,0.0,0
2,1.116,0,0.0,2,1.0854,0.0,0
1,1.3792,0,0.0,2,1.2924,0.0,0
1,1.2129,0,0.0,5,1.0,0.0,0
1,1.32,1,0.0,1,1.3743,0.0,0
1,1.3992,-1,0.2421,3,1.0358,0.0,0
1,1.3684,1,0.0,1,1.0245,0.0,0
1,1.3877,0,0.0,3,1.0902,0.0,0
2,1.0997,0,-0.0714,1,1.2233,0.0,0
1,1.332,-1,0.1456,2,1.1876,0.0,0
3,0.886,2,-0.0581,4,0.9135,0.0526,0
1,0.884,-3,-0.093,6,0.9869,0.0,0
2,1.1299,0,-0.0253,4,0.9436,0.0,0
1,1.3743,-1,0.0271,1,1.32,0.0,0
1,1.0678,0,0.0,0,1.0678,0.0,0
1,1.1034,0,0.0,2,0.9624,0.0,0
1,1.0,1,0.0,5,0.9163,0.0,0
1,1.0505,-1,0.0762,5,0.9411,0.0,0
1,1.0807,0,0.0,1,1.008,0.0,0
1,1.0573,1,0.0,1,1.0252,0.0,0
2,1.1206,0,0.2098,7,0.7518,0.0327,0
1,1.3711,1,0.0,1,1.2233,0.0,0
1,1.2233,1,0.0,2,1.0997,0.0,0
1,0.9776,0,-0.0268,5,0.9163,0.0,0
1,1.1866,-2,-0.1019,2,1.2924,0.0,0
1,1.1455,0,0.0188,1,0.884,0.0,0
1,1.0281,-1,-0.1273,1,1.0807,0.0,0
1,1.2827,1,0.0,1,1.0281,0.0,0
1,1.0245,0,-0.344,1,1.3684,0.0,0
1,1.1124,1,0.0,1,1.3459,0.0,0
3,1.0163,3,0.0,2,0.9632,0.0,0
4,0.9349,-1,-0.0263,4,0.8635,0.0,0
3,0.9346,-2,-0.0112,5,0.9067,0.0056,0
1,1.3484,-1,0.056,1,1.1866,0.0,0
5,0.9662,1,0.0226,2,0.8635,0.0,0
2,0.9067,1,-0.0709,3,0.9346,0.0,0
2,0.8425,0,0.0141,9,0.7619,0.0,0
1,1.0807,0,0.0526,1,1.0281,0.0,0
4,1.0388,3,-0.0118,4,0.9347,0.0008,0
4,1.1317,2,0.0463,3,0.9741,0.0,0
5,0.7375,-2,-0.0143,9,0.7619,0.0034,1
4,0.9211,1,0.0351,4,0.8961,0.0,0
4,1.0696,0,0.034,4,0.9349,0.0,0
3,1.1384,0,-0.0199,2,0.9623,0.0025,0
3,1.0164,-2,-0.0623,4,1.0696,0.0,0
2,1.2279,1,0.0617,2,0.9917,0.0003,0
1,1.0245,0,0.0,1,1.0727,0.0,0
1,1.008,0,0.0,3,1.0478,0.0,0
4,0.9216,0,0.0081,5,0.9211,0.0002,0
4,0.9347,1,-0.0064,4,1.0388,0.0,0
4,0.8975,-1,0.0293,5,0.88,0.0014,1
5,0.9365,0,-0.0342,5,0.9346,0.0324,0
1,1.1649,1,0.0,0,1.1649,0.0,0
2,1.2744,0,0.1446,5,0.9662,0.0,0
2,1.1863,0,-0.0013,3,1.0469,0.0,0
9,0.7619,3,0.0217,5,0.7375,0.0037,1
5,0.978,-1,-0.0088,4,0.9216,0.0028,0
1,1.1277,0,-0.2716,3,1.0025,0.0,0
2,1.0655,1,0.0435,4,0.8961,0.0022,0
3,1.1746,0,0.0844,2,1.0469,0.0,0
2,0.9917,0,-0.0325,2,1.0469,0.0,0
1,1.2827,1,0.0,1,1.0281,0.0,0
5,1.0992,0,0.0211,5,0.9365,0.0149,0
3,1.0478,1,-0.016,4,0.9347,0.0,0
1,0.9632,-3,-0.1035,5,1.0163,0.0,0
5,1.0758,0,0.0758,4,0.9632,0.0,0
2,1.0985,0,-0.0175,4,1.1189,0.0,0
2,1.0475,-1,-0.0405,5,0.88,0.0048,0
1,1.0973,0,0.2133,5,0.978,0.0,0
2,1.3471,1,0.0271,0,1.3471,0.0,0
1,1.3711,1,0.0,1,1.0245,0.0,0
5,0.88,2,0.0256,4,0.8975,0.0,1
3,0.9741,-1,-0.0128,4,1.0025,0.0,0
2,1.013,1,0.0131,3,0.9067,0.0,0
1,1.223,1,0.0,1,1.3303,0.0,0
4,1.0509,3,-0.162,5,1.0758,0.0,0
2,1.1711,1,-0.0522,1,1.0804,0.0,0
1,1.0884,-1,0.0078,1,1.0727,0.0,0
1,1.0252,0,-0.1318,1,1.0573,0.0,0
2,0.8635,0,-0.0119,5,0.9349,0.0,0
1,1.0281,0,-0.2545,1,1.0807,0.0,0
1,1.1034,1,0.0,2,1.1263,0.0,0
3,1.0025,0,-0.0333,3,0.9741,0.0,0
1,1.3684,0,0.0,1,1.0245,0.0,0
4,1.0229,2,-0.0978,5,0.7375,0.0268,0
2,1.139,-3,0.0795,3,0.8425,0.0,0
2,0.9623,1,-0.1774,3,0.9776,0.0012,0
1,0.9006,-1,0.0322,9,0.7375,0.0,0
1,0.8961,-2,-0.1503,4,0.9211,0.0,0
3,1.1189,1,-0.0117,3,1.0164,0.0,0
1,1.0678,1,0.0,1,1.0131,0.0,0
1,1.3303,1,0.0,2,1.1711,0.0,0
1,1.1866,0,0.0,1,1.3484,0.0,0
1,1.1124,0,-0.2335,2,1.1903,0.0,0
1,1.0214,-4,-0.0385,5,0.88,0.0,0
1,1.1455,0,0.0188,5,0.978,0.0,0
1,1.0131,0,0.0,1,1.0678,0.0,0
1,1.0727,1,0.0,1,1.0245,0.0,0
2,1.0469,0,-0.155,3,0.9917,0.0,0
1,1.0573,1,0.0,1,1.0252,0.0,0
1,1.2087,1,0.0,2,0.9917,0.0,0
2,1.1263,1,0.023,2,0.9917,0.0,0
1,1.0061,0,-0.1394,1,1.0973,0.0,0
1,1.1903,0,0.078,1,1.1124,0.0,0
1,0.9776,0,0.0613,3,0.9067,0.0,0
1,1.3792,0,-0.0085,3,1.0469,0.0,0
1,1.3305,0,-0.0487,1,1.3484,0.0,0
1,1.3629,1,0.0,0,1.3629,0.0,0
1,1.0804,-1,-0.0193,2,1.1711,0.0,0
3,0.9288,1,0.0222,3,0.9126,0.0002,0
5,0.9074,1,-0.0137,4,0.9355,0.0657,0
3,1.0649,2,0.0588,2,1.082,0.0123,0
6,0.9438,1,0.0073,5,0.9126,0.0173,0
1,0.8948,1,0.0,4,1.0439,0.0,0
4,1.0133,0,-0.0095,4,0.746,0.0454,0
2,0.9355,1,0.0393,5,0.9074,0.0021,0
1,1.2087,0,0.0,2,1.0582,0.0,0
1,1.0245,0,0.0,1,1.0727,0.0,0
4,1.1148,1,-0.0041,1,0.8948,0.0,0
3,1.0655,-2,0.0992,5,0.8743,0.0,0
9,0.7699,0,0.008,4,0.746,0.0018,1
3,0.926,-2,-0.052,4,0.9867,0.0049,0
6,1.0189,2,-0.0507,2,0.9888,0.0,0
5,0.8743,3,0.0108,3,0.9888,0.0,1
3,1.0175,1,0.0045,3,0.9126,0.0,0
4,0.746,-1,0.0085,9,0.7699,0.0002,1
1,1.0573,0,0.0,1,1.0252,0.0,0
4,1.0539,1,0.0376,2,1.01,0.0,0
9,0.9144,4,0.0344,1,0.8676,0.0026,0
2,1.1149,-1,-0.0597,2,1.0582,0.0,0
1,0.9126,-2,-0.022,6,0.9288,0.0,0
1,1.2827,1,0.0,1,1.0281,0.0,0
3,0.8483,1,0.0057,9,0.7699,0.0,0
1,1.1034,1,0.0,2,1.0356,0.0,0
2,1.1373,0,-0.0491,2,1.0582,0.0016,0
5,1.0149,1,-0.036,4,1.0752,0.0,0
2,0.9888,-2,0.054,6,0.8743,0.0,0
1,1.3303,0,0.0,1,1.119,0.0,0
1,1.0427,0,0.0213,9,0.9144,0.0,0
2,1.01,0,-0.1289,4,0.8483,0.0001,0
1,0.8924,-1,-0.0699,2,1.0044,0.0,0
2,1.2924,1,-0.0381,1,1.1841,0.0,0
4,1.0611,1,0.087,4,0.9926,0.0,0
1,1.223,0,0.0,1,1.3303,0.0,0
1,1.32,1,0.0,1,1.3743,0.0,0
1,1.0573,0,0.1567,9,0.746,0.0,0
1,1.2233,1,0.0,1,1.119,0.0,0
2,0.9432,-1,-0.1046,3,0.9518,0.0001,0
4,0.9926,1,-0.0099,4,1.0611,0.0,0
1,1.0727,0,0.0,1,1.0245,0.0,0
5,1.1053,0,0.0061,6,0.9438,0.0043,0
1,1.1366,1,0.0,2,1.0361,0.0,0
1,1.2896,-1,0.0617,2,1.0582,0.0,0
1,1.0807,0,0.0,1,1.0281,0.0,0
1,1.1277,0,0.0,4,0.9926,0.0,0
2,1.1094,0,0.1176,2,1.0361,0.0,0
4,1.0752,-1,-0.0006,5,1.0149,0.0,0
2,1.1441,2,0.0,1,0.8676,0.0006,0
1,1.0804,0,0.0,1,1.119,0.0,0
4,0.9867,0,0.0651,5,0.9074,0.0001,0
2,1.0582,0,0.0113,2,1.1094,0.0,0
1,1.3459,-1,0.0715,3,1.0655,0.0,0
1,1.0439,-2,0.0275,6,0.8948,0.0,0
1,1.3684,1,0.0,1,1.0252,0.0,0
2,1.082,1,-0.0153,3,0.926,0.0001,0
3,1.0555,2,0.0474,2,0.9432,0.0,0
1,1.0131,1,0.0,1,1.0884,0.0,0
3,0.9518,-1,0.0171,3,0.9432,0.0,0
1,1.1866,0,-0.1617,2,1.2924,0.0,0
1,1.0984,-2,-0.04,2,0.8924,0.0,0
1,1.3629,0,0.0,0,1.3629,0.0,0
2,1.1322,-2,0.0006,4,1.0611,0.0,0
1,1.0678,0,0.0,0,1.0678,0.0,0
1,1.0946,-1,-0.0039,4,0.8948,0.0,0
1,1.1841,0,-0.1951,2,1.0582,0.0,0
1,1.0884,0,0.0,1,1.0131,0.0,0
1,1.022,-1,-0.0435,4,0.9355,0.0,0
1,1.0356,1,0.0,2,1.0361,0.0,0
3,1.0366,3,0.0,3,0.9518,0.0001,0
1,1.0281,0,-0.2545,1,1.0807,0.0,0
1,1.1649,0,0.0,0,1.1649,0.0,0
1,1.3711,1,0.0,0,1.3711,0.0,0
1,1.3743,-1,0.0271,1,1.32,0.0,0
1,1.119,-1,-0.0522,1,1.0804,0.0,0
2,1.1513,1,0.039,1,1.3459,0.0026,0
1,1.0044,0,0.0268,3,0.8924,0.0,0
1,1.0252,0,0.0,1,1.0573,0.0,0
2,1.0361,0,-0.0903,2,1.0356,0.0,0
1,1.1025,1,0.0,4,1.0946,0.0,0
2,1.0349,-2,-0.0039,3,0.9518,0.0001,0
1,1.2129,1,0.0,5,1.0149,0.0,0
1,1.0323,1,0.0,2,0.8676,0.0,0
1,0.8676,-3,-0.0299,9,0.9144,0.0,0
1,1.3629,1,0.0,0,1.3629,0.0,0
3,0.99,1,-0.0681,3,1.0622,0.0,0
2,1.2279,1,0.0913,3,0.8402,0.0347,0
5,0.9963,-1,0.0525,3,0.8914,0.0441,0
2,1.0561,-1,0.0386,4,0.8914,0.0,0
6,0.9379,1,0.0636,2,0.8602,0.0,0
3,0.9019,1,-0.0335,6,0.9368,0.0012,0
6,0.9368,1,0.0293,4,0.9019,0.0587,0
4,1.1311,2,-0.0011,3,1.0892,0.0,0
2,1.0568,0,-0.0946,2,1.1072,0.0025,0
2,1.0055,-2,-0.1093,4,1.0795,0.0,0
1,0.8402,-1,-0.1959,3,1.0695,0.0,0
8,0.9267,-1,0.0123,3,0.8739,0.0034,0
2,1.0792,-1,0.0237,4,0.9303,0.0,0
5,0.9632,1,-0.0293,2,1.0796,0.0,0
2,1.0695,1,-0.0339,1,0.8402,0.0,0
4,0.9303,2,-0.0129,5,1.0176,0.0,0
5,1.0176,2,0.0659,4,0.9303,0.0001,0
2,0.9379,2,0.0,5,0.8914,0.0,0
3,1.0267,3,0.0,3,1.0029,0.0,0
2,1.2675,0,-0.0249,1,1.2364,0.0,0
1,1.119,0,-0.1043,1,1.0804,0.0,0
2,0.8602,0,-0.1286,6,0.9379,0.0,0
3,0.9753,2,-0.0821,11,0.7225,0.0017,0
2,1.0874,2,0.0,4,1.0353,0.0,0
4,0.9959,0,0.0092,6,0.9368,0.0001,0
1,1.3303,1,0.0,1,1.223,0.0,0
4,1.0795,3,0.0356,4,1.0055,0.0,0
2,1.0992,-2,0.0381,5,0.9632,0.0,0
3,1.0901,0,0.0251,0,1.0901,0.0022,0
2,1.1072,2,0.0,2,1.0568,0.0043,0
1,1.0895,-2,0.024,6,0.9379,0.0,0
2,0.9489,-1,0.0229,4,0.9959,0.0035,0
4,0.9117,1,-0.0171,2,0.8914,0.0002,0
3,0.8739,2,-0.1688,8,0.9267,0.0,0
2,1.0416,-2,0.0283,3,0.9019,0.028,0
11,0.7225,2,-0.0474,4,0.7843,0.0004,1
1,1.0678,0,0.0,0,1.0678,0.0,0
1,1.2233,1,0.0,1,1.0804,0.0,0
3,1.0892,2,-0.0054,4,1.0055,0.0,0
4,1.0267,-2,0.0078,4,0.8602,0.0,0
2,1.2128,1,0.1877,0,1.2128,0.0548,0
1,1.1649,1,0.0,0,1.1649,0.0,0
2,1.1554,1,-0.1273,1,1.0807,0.0,0
1,1.0727,0,0.0482,1,1.0245,0.0,0
1,1.0973,1,0.0,4,0.9489,0.0,0
1,1.223,0,0.0,1,1.3303,0.0,0
1,1.1165,-3,0.3705,11,0.7225,0.0,0
1,1.32,0,0.0,1,1.3743,0.0,0
3,1.1194,1,-0.0247,2,0.9469,0.0213,0
4,1.0353,-1,0.0205,3,1.0029,0.0,0
4,0.7843,1,-0.064,11,0.7225,0.0004,1
2,1.0622,1,-0.1465,3,0.99,0.0078,0
2,0.8914,1,-0.0212,5,0.9117,0.0064,0
3,0.9654,-2,-0.1399,5,0.9326,0.0602,0
3,1.1319,1,0.0225,3,0.8402,0.037,0
2,1.1546,-2,0.1007,3,0.8681,0.0,0
3,1.0029,-1,-0.0723,4,1.0267,0.0,0
1,0.9326,1,0.0,3,0.9654,0.0,0
1,1.0,0,-0.0045,4,0.9117,0.0,0
1,1.2171,1,0.0,2,0.8402,0.0,0
2,0.9469,1,0.0545,3,1.0,0.0001,0
1,1.2453,1,0.0,2,1.0874,0.0,0
1,1.3743,0,0.0,1,1.32,0.0,0
2,0.8681,0,-0.1419,4,0.7843,0.0,0
1,1.3711,1,0.0,1,1.0245,0.0,0
2,1.0796,1,-0.0481,5,0.9632,0.0,0
1,1.0804,0,-0.0386,1,1.119,0.0,0
1,1.0131,0,0.0,0,1.0131,0.0,0
1,1.0245,1,0.0,1,1.0727,0.0,0
1,1.0323,0,0.0,3,0.9469,0.0,0
1,1.0807,1,0.0,2,1.1554,0.0,0
1,1.0214,-2,-0.0152,5,0.8739,0.0,0
1,1.2364,0,0.0523,3,0.99,0.0,0
1,1.008,1,0.0,2,1.0792,0.0,0
1,1.2507,0,-0.0952,2,1.0568,0.0,0
1,1.2166,0,-0.073,3,0.99,0.0,0
1,1.3003,-1,0.1854,3,0.99,0.0,0
1,1.0884,0,0.0157,1,1.0727,0.0,0
1,1.2777,0,0.0324,3,1.0473,0.0,0
5,1.0802,1,0.0449,3,0.9375,0.0,0
2,1.1004,1,-0.016,7,0.7622,0.0351,0
1,1.1989,1,0.0,4,0.8547,0.0,0
1,1.0884,0,0.0,1,1.0727,0.0,0
3,0.9843,1,-0.0952,4,1.0279,0.0,0
2,1.0342,0,-0.028,3,1.0139,0.0,0
3,1.0473,3,0.0,5,1.0802,0.0,0
1,1.0124,1,0.0,6,0.9156,0.0,0
5,0.9039,3,0.0125,5,0.9297,0.0046,0
7,0.7622,-4,0.0397,7,0.7553,0.0002,1
5,0.9341,-1,-0.0039,2,0.8635,0.0,0
7,0.7553,3,-0.029,7,0.7622,0.0005,1
2,1.1589,0,0.0894,3,1.0299,0.0,0
5,0.991,4,-0.009,2,0.9297,0.1475,0
2,1.2924,1,0.056,2,1.0139,0.001,0
1,1.2233,1,0.0,1,1.0727,0.0,0
1,1.32,1,0.0,1,1.3743,0.0,0
2,0.9016,2,0.0,3,1.0374,0.0015,0
2,1.0795,-1,-0.0399,1,1.0117,0.0004,0
4,0.8547,-4,-0.072,6,0.9156,0.0,1
4,1.0279,-1,0.0647,3,0.9843,0.0,0
1,1.0313,-1,0.0843,5,0.991,0.0,0
4,0.9208,0,-0.0095,5,1.0357,0.0,0
4,1.0435,1,0.0781,5,0.9689,0.0065,0
5,0.9689,0,-0.0274,5,0.9039,0.0357,0
1,1.0131,0,0.0,1,1.0678,0.0,0
4,0.954,0,-0.0727,4,0.8635,0.0,0
1,1.008,0,0.0,3,1.0357,0.0,0
1,1.3743,0,0.0543,1,1.32,0.0,0
5,1.0406,0,0.023,4,0.9208,0.0001,0
1,1.1266,0,0.0293,3,0.9016,0.0,0
2,1.1306,-2,-0.0005,3,1.0727,0.0,0
3,1.0509,0,-0.0391,2,0.9016,0.0745,0
2,1.2035,1,0.114,5,0.9341,0.0,0
2,0.8635,0,0.0033,5,0.9341,0.0,0
2,1.0161,0,-0.0407,2,1.0699,0.0002,0
2,1.0699,1,-0.1808,2,1.0161,0.0004,0
7,0.932,1,-0.0048,3,0.9278,0.0544,0
1,1.0678,1,0.0,1,1.0131,0.0,0
1,1.0374,-1,0.0885,3,0.9016,0.0,0
6,0.9156,3,0.0418,4,0.8547,0.0002,0
1,0.9375,-2,-0.0655,5,1.068,0.0,0
3,0.8869,1,0.0188,7,0.7553,0.0,0
1,1.0323,1,0.0,4,0.8547,0.0,0
1,1.3629,0,0.0,0,1.3629,0.0,0
3,1.0473,0,-0.0846,3,1.0139,0.037,0
1,1.3711,0,0.0,1,1.0245,0.0,0
4,1.068,1,0.0413,1,0.9375,0.0,0
1,1.0807,0,0.0,1,1.0281,0.0,0
2,1.1868,2,0.0,2,0.9721,0.0,0
3,1.0299,2,0.1897,3,1.0473,0.0,0
1,0.8058,1,0.0,7,0.7553,0.0,0
1,1.1277,0,-0.1726,3,0.9843,0.0,0
3,1.0727,1,-0.0265,4,1.0279,0.0,0
1,1.119,0,-0.1043,2,1.0804,0.0,0
2,1.0139,-1,0.0239,3,1.0342,0.0,0
4,1.0696,0,-0.0099,4,0.954,0.0,0
1,1.2569,-1,0.029,3,1.0299,0.0,0
1,1.0804,0,0.0,1,1.119,0.0,0
1,1.1034,1,0.0,2,1.1366,0.0,0
1,1.0117,0,-0.0206,2,1.0313,0.0,0
1,1.0281,-1,-0.1273,1,1.0807,0.0,0
2,0.9297,-2,0.018,5,0.9039,0.0,0
3,1.0357,1,-0.0435,4,0.9208,0.0,0
1,1.111,-1,-0.0436,4,0.8869,0.0,0
1,1.2827,1,0.0,1,1.0281,0.0,0
2,0.9284,0,-0.1132,3,0.9278,0.0047,0
1,1.1366,0,-0.0805,3,1.0299,0.0,0
2,1.1522,-1,0.063,2,0.9721,0.0,0
3,0.9278,0,0.0259,7,0.9284,0.009,0
2,0.9945,-1,0.0193,7,0.7622,0.0001,0
2,0.9721,0,-0.0333,4,1.0696,0.0,0
1,1.1649,1,0.0,0,1.1649,0.0,0
1,1.0245,0,0.0,1,1.0727,0.0,0
1,1.0727,0,0.0,1,1.0245,0.0,0
1,1.1866,-1,-0.0809,2,1.2924,0.0,0
1,1.298,1,0.0,2,1.0161,0.0,0
2,1.2128,0,0.0,0,1.2128,0.0548,0
2,1.2766,1,-0.0536,1,1.119,0.0412,0
3,0.9327,-1,-0.0632,7,0.932,0.0001,0
1,1.1191,1,0.0,3,0.9016,0.0,0
1,1.1841,0,-0.0325,3,1.0139,0.0,0
4,0.9035,2,-0.0262,6,0.9632,0.0,0
7,0.9324,0,0.0004,3,0.9011,0.0823,0
1,1.32,0,0.0,1,1.3743,0.0,0
6,0.7106,-1,-0.0447,6,0.777,0.0003,1
1,1.3711,1,0.0,2,1.0245,0.0,0
3,1.0185,2,0.081,4,1.0688,0.0,0
2,1.0232,0,0.0092,2,1.0138,0.0,0
3,1.0467,-2,0.1126,5,0.8601,0.0,0
1,1.0131,1,0.0,0,1.0131,0.0,0
2,1.0099,0,-0.0906,6,0.777,0.0063,0
1,1.0734,-1,0.1012,4,0.8948,0.0,0
2,1.0138,-1,-0.0335,4,1.0232,0.0,0
2,1.0805,1,0.0078,2,1.0245,0.0179,0
1,1.0061,1,0.0,4,0.9517,0.0,0
3,0.9646,1,0.063,2,0.9046,0.0004,0
1,0.8948,-1,-0.2574,4,1.0734,0.0,0
2,0.9474,0,0.0191,3,0.9011,0.0266,0
3,1.1435,0,0.0708,4,1.0233,0.0,0
2,1.2128,0,0.0,1,1.3711,0.0048,0
1,1.0343,1,0.0,7,0.9011,0.0,0
1,1.0323,0,0.0,3,0.8232,0.0,0
1,1.1366,0,0.0,4,0.8876,0.0,0
2,1.1789,1,-0.0052,2,1.0138,0.001,0
2,1.1066,-1,0.0557,3,0.9046,0.0034,0
2,1.0868,2,0.0,4,0.8948,0.0,0
1,0.9046,0,-0.2145,3,0.9646,0.0,0
1,1.0804,1,0.0,2,1.1711,0.0,0
3,1.0355,-2,-0.0051,5,0.9241,0.0,0
1,1.2061,1,0.0,2,0.9895,0.0,0
2,0.9935,-1,0.0608,7,0.9324,0.0026,0
5,0.9922,1,0.0714,3,0.9732,0.0,0
2,1.1805,1,0.0528,3,0.97,0.0,0
2,1.1711,1,-0.0522,2,1.0804,0.0,0
1,1.2496,0,0.1462,1,0.8876,0.0,0
4,0.8013,1,-0.0856,6,0.7106,0.0001,1
1,1.3629,1,0.0,0,1.3629,0.0,0
7,0.9097,1,-0.0059,2,0.8232,0.0002,0
1,1.0281,0,0.0,1,1.0807,0.0,0
3,1.0317,2,0.0237,2,0.9732,0.0,0
1,0.9883,0,-0.1227,4,0.8013,0.0,0
5,0.991,0,0.0221,4,0.9632,0.0241,0
1,1.0104,0,-0.027,3,0.9046,0.0,0
4,1.0233,0,-0.0046,3,0.97,0.0,0
6,0.9691,1,-0.0219,4,0.9035,0.0399,0
3,0.9632,-2,0.0593,5,0.9035,0.0001,0
2,1.2766,2,0.0,0,1.2766,0.0059,0
2,0.8232,-2,-0.0315,7,0.9097,0.0,0
1,1.3743,0,0.0,1,1.32,0.0,0
2,1.0757,1,-0.202,2,0.9517,0.0,0
3,0.97,0,-0.0143,4,1.0233,0.0,0
1,1.1874,1,0.0,1,0.8876,0.0,0
3,0.9011,0,-0.0267,7,0.9324,0.0113,0
5,0.8601,3,-0.0034,3,0.9742,0.0,1
3,1.1392,2,-0.0597,2,0.8232,0.0021,0
4,1.1146,1,0.0847,2,0.8876,0.0164,0
2,0.9732,-1,-0.0625,5,0.9922,0.0,0
2,1.139,-2,0.071,3,0.9883,0.0,0
1,1.0356,1,0.0,1,0.8876,0.0,0
2,0.9517,-1,-0.0956,4,1.0061,0.0,0
1,1.2827,0,0.0,1,1.0281,0.0,0
2,0.9241,1,-0.0883,7,0.9097,0.0001,0
2,0.9742,-2,0.0202,5,0.8601,0.0,0
1,1.0117,0,0.0,1,1.0044,0.0,0
6,0.777,-1,0.0149,6,0.7106,0.0005,1
2,1.0342,0,0.0,2,1.0138,0.0006,0
2,0.8073,1,0.0015,6,0.7106,0.0002,0
2,1.0059,0,0.0114,6,0.777,0.0,0
4,1.0688,-1,-0.0114,3,0.9517,0.0,0
4,0.993,0,-0.0505,5,0.991,0.0097,0
1,1.2453,1,0.0,2,1.0757,0.0,0
4,1.0133,0,-0.0563,2,0.9742,0.0,0
4,1.1214,2,-0.0092,3,0.8948,0.0,0
1,1.0044,0,-0.0268,6,0.9691,0.0,0
2,1.0699,0,0.0,2,0.9895,0.0004,0
1,1.1866,0,0.0,1,1.253,0.0,0
1,1.253,-1,-0.0394,2,1.0232,0.0,0
1,1.0807,1,0.0,1,1.0281,0.0,0
1,1.164,-1,-0.0228,4,0.8948,0.0,0
1,1.0678,0,0.0,0,1.0678,0.0,0
2,0.9895,0,-0.0266,2,1.0699,0.0002,0
1,1.1649,1,0.0,0,1.1649,0.0,0
1,1.2549,0,-0.043,2,0.9895,0.0,0
1,1.0245,0,0.0,2,1.0805,0.0,0
1,1.3459,-1,0.1424,3,1.0467,0.0,0
1,0.8876,-1,-0.2713,4,1.0356,0.0,0
2,1.0938,-1,-0.0454,1,1.0323,0.0049,0
3,1.1421,2,0.0055,2,0.9799,0.0063,0
2,1.0832,0,0.0897,5,0.9043,0.0,0
2,1.0792,-1,0.0475,5,0.9367,0.0,0
1,1.0529,1,0.0,5,0.9049,0.0,0
7,0.6833,1,-0.0273,5,0.8112,0.0004,1
5,1.0047,3,-0.009,2,1.0704,0.0013,0
4,0.9562,1,-0.007,3,0.9086,0.0053,0
1,1.2233,1,0.0,1,1.0727,0.0,0
5,0.9043,-2,-0.0281,5,0.9049,0.0346,0
2,1.0979,0,0.0112,3,0.9721,0.0,0
5,0.9049,2,0.0038,5,0.9043,0.0027,0
2,1.2766,0,0.0,0,1.2766,0.0059,0
5,0.9289,-1,-0.0402,3,0.9086,0.0398,0
5,1.0584,0,0.0662,5,0.9494,0.0,0
4,1.1464,0,0.025,2,0.9721,0.0,0
1,1.1605,-1,0.0538,5,0.9693,0.0,0
4,1.0508,2,-0.0248,2,1.0636,0.0,0
1,1.2166,1,0.0,5,1.0047,0.0,0
1,1.0804,1,0.0,1,1.119,0.0,0
1,1.1475,-1,-0.033,5,0.9743,0.0,0
2,1.0868,1,0.0134,3,0.9721,0.0,0
5,0.9693,2,0.0047,1,1.0892,0.0221,0
3,1.0629,1,-0.007,3,1.0801,0.0005,0
3,1.0801,1,0.0906,3,1.0629,0.0009,0
2,0.8176,0,-0.1065,8,0.9118,0.0,0
1,1.0147,0,0.0264,5,0.8112,0.0,0
3,0.9086,-1,0.0051,5,0.9289,0.0001,0
2,1.032,2,0.0,4,0.9086,0.0001,0
1,1.0892,0,0.0788,5,0.9693,0.0,0
1,1.0281,0,-0.2545,1,1.0807,0.0,0
5,0.9743,2,0.0043,4,1.0927,0.0,0
5,0.8614,-1,0.0843,7,0.6833,0.0052,1
2,1.13,-1,-0.0135,4,1.0927,0.0,0
1,1.2777,0,0.0324,4,1.0508,0.0,0
8,0.9118,1,0.002,2,0.8176,0.1226,0
1,1.1866,0,-0.0664,2,1.0704,0.0,0
1,1.0807,0,0.0526,1,1.0281,0.0,0
2,1.1417,-1,0.0951,7,0.9022,0.0,0
2,1.0887,1,-0.1662,3,1.0801,0.0059,0
3,1.0601,-1,0.0671,3,0.9275,0.004,0
1,1.32,1,0.0,1,1.1649,0.0,0
5,0.9494,3,-0.0238,5,1.0584,0.0,0
4,1.0927,0,0.0694,5,0.9743,0.0,0
7,0.9022,2,0.0422,2,0.8823,0.0,0
1,1.0323,0,0.0,2,1.0215,0.0,0
2,0.9721,1,0.0773,4,1.0868,0.0,0
1,1.0571,1,0.0,5,0.9289,0.0,0
1,0.8823,-1,-0.0919,7,0.9022,0.0,0
1,0.9553,1,0.0,5,0.9086,0.0,0
3,1.0015,-1,-0.0118,2,0.8823,0.0,0
2,1.1055,0,0.1538,4,0.9632,0.0,0
1,0.9367,-1,-0.0692,5,0.8614,0.0,0
2,1.2131,0,0.0342,5,1.0047,0.0,0
1,1.0131,0,0.0,0,1.0131,0.0,0
5,0.8112,1,0.0099,7,0.6833,0.0001,1
4,1.0478,1,0.0292,1,0.9632,0.0,0
1,1.0828,-3,-0.0318,5,0.9799,0.0,0
3,0.8261,1,0.0188,7,0.6833,0.0493,0
1,1.2827,1,0.0,1,1.0281,0.0,0
2,1.2128,2,0.0,0,1.2128,0.0048,0
1,0.9821,-2,-0.0534,5,0.8176,0.0,0
2,1.0215,1,0.0098,1,1.0,0.0421,0
2,0.9799,1,0.0922,3,1.0572,0.0,0
2,1.0572,1,-0.1302,2,0.9799,0.0,0
1,1.119,-1,-0.0522,1,1.0804,0.0,0
3,0.9275,-2,-0.0635,4,0.9562,0.0018,0
1,1.0678,0,0.0,0,1.0678,0.0,0
1,1.3743,0,0.0543,1,1.32,0.0,0
2,0.9605,0,0.0131,5,0.9049,0.0266,0
1,1.0246,0,-0.0097,5,0.9043,0.0,0
1,1.0884,-1,0.0078,1,1.0727,0.0,0
2,1.0636,1,0.0575,4,0.9632,0.0,0
1,1.1034,1,0.0,2,1.0572,0.0,0
1,1.3711,0,0.0,1,1.0245,0.0,0
1,1.1749,1,0.0,5,1.0047,0.0,0
1,1.1649,0,0.0,1,1.32,0.0,0
1,1.1407,-1,0.0017,4,1.0147,0.0,0
1,1.0245,1,0.0,1,1.0727,0.0,0
1,0.9367,1,0.0,2,1.0792,0.0,0
1,0.9632,-3,-0.1056,4,1.0478,0.0,0
1,1.0501,1,0.0,5,0.8261,0.0,0
1,1.0704,-1,0.0473,5,1.0047,0.0,0
1,1.1989,-1,0.3757,8,0.9118,0.0,0
1,1.3629,0,0.0,0,1.3629,0.0,0
1,1.0,0,-0.0045,5,0.9289,0.0,0
1,1.0727,0,0.0482,1,1.0245,0.0,0
4,0.9843,-1,0.01,3,1.0213,0.0,0
5,0.9542,0,0.0048,4,1.0069,0.0,0
1,1.3743,0,0.0,1,1.32,0.0,0
1,1.3711,1,0.0,1,1.0245,0.0,0
3,1.0742,1,-0.0125,3,0.9721,0.0,0
1,0.8254,0,-0.1893,8,0.7867,0.0,0
1,1.0701,1,0.0,4,0.9883,0.0,0
2,1.0308,1,-0.1442,3,0.9911,0.0,0
2,1.1711,1,-0.0522,2,1.0805,0.0,0
1,1.0281,0,0.0,1,1.0807,0.0,0
2,1.1813,0,-0.0318,3,0.9911,0.0,0
2,1.0805,1,0.0078,2,1.0245,0.021,0
3,0.9836,0,-0.0178,3,0.8516,0.0,0
1,1.0678,1,0.0,1,1.0131,0.0,0
3,1.0912,-1,-0.0015,4,0.9843,0.0,0
4,0.9522,-1,0.0909,6,0.6603,0.006,0
2,1.1092,2,0.0,2,0.99,0.0,0
5,0.8678,-3,-0.044,4,0.8552,0.0043,1
2,1.14,0,-0.0017,5,0.9077,0.0,0
1,1.0571,0,0.0,4,0.8885,0.0,0
3,0.9911,-2,-0.0136,2,1.0308,0.0,0
2,0.958,0,-0.0025,4,0.9054,0.0002,0
2,0.99,-1,-0.0729,3,1.0652,0.0001,0
6,0.6603,-1,-0.023,8,0.7867,0.0,1
2,1.0539,0,-0.0293,4,0.8932,0.0,0
1,1.1649,1,0.0,1,1.0804,0.0,0
3,1.1571,1,0.1773,2,0.9624,0.0,0
3,1.119,-1,-0.0274,3,0.9721,0.0,0
4,0.9054,-1,0.0005,4,0.8932,0.0017,0
2,0.9883,1,-0.1009,4,0.9157,0.0,0
2,1.1177,0,0.0289,3,1.0652,0.0001,0
1,0.9659,0,-0.0842,4,0.8209,0.0,0
1,1.2827,0,0.0,3,1.0213,0.0,0
1,1.0866,-1,0.1145,3,0.9721,0.0,0
4,1.1125,3,-0.0864,5,0.8678,0.0005,0
1,1.0615,0,0.0369,4,0.8932,0.0,0
4,0.9408,1,0.0322,4,0.8885,0.0002,0
4,0.9703,0,0.0141,4,0.9372,0.005,0
1,0.9841,-1,-0.1139,3,0.9836,0.0,0
5,1.0261,1,-0.0247,2,1.0334,0.0,0
4,1.0078,-1,0.0386,2,0.9157,0.0161,0
3,1.0652,0,-0.0149,2,0.99,0.0006,0
1,1.1866,0,0.0,3,1.0213,0.0,0
2,0.932,2,0.0,5,0.8552,0.0,0
4,1.0387,0,-0.0091,2,1.0147,0.0,0
8,0.7867,3,-0.0245,6,0.6603,0.0031,1
1,1.1387,-1,0.1172,4,0.9526,0.0,0
4,0.9797,1,0.0523,4,0.9703,0.0242,0
2,1.0573,1,0.094,4,1.0334,0.0,0
2,1.249,1,-0.0287,5,1.0261,0.0,0
2,1.0958,1,0.1591,2,1.0069,0.0,0
2,0.9721,2,0.0,3,1.0742,0.0,0
1,1.32,0,0.0,1,1.3743,0.0,0
4,1.0383,-1,-0.0201,5,0.9542,0.0,0
1,1.0147,0,-0.126,4,0.8254,0.0,0
2,0.9372,1,-0.0181,4,0.8885,0.0,0
5,0.9077,-2,0.0055,2,0.8516,0.0,0
3,0.8552,1,0.0377,5,0.8678,0.0,0
2,1.0069,0,-0.0723,5,0.9542,0.0,0
1,1.0807,0,0.0,1,1.0281,0.0,0
3,1.0213,2,-0.1261,4,0.9843,0.0,0
3,1.1734,1,0.0434,3,1.0912,0.0,0
2,1.2766,0,0.0,0,1.2766,0.0001,0
2,0.8885,-3,-0.0403,4,0.9372,0.0004,0
4,0.9526,3,-0.0473,2,0.8885,0.0235,0
1,1.2166,0,0.0,3,0.9911,0.0,0
1,1.0804,0,0.0,1,1.1649,0.0,0
2,0.8209,-1,-0.0052,8,0.6603,0.0,0
2,1.0831,1,0.0003,3,0.9911,0.0016,0
2,0.978,-1,-0.0821,4,0.9797,0.0001,0
1,0.944,0,0.0074,4,0.9522,0.0,0
2,0.8516,1,-0.0306,5,0.9077,0.0,0
1,1.0418,0,-0.0286,3,0.9911,0.0,0
1,1.0245,0,0.0,2,1.0805,0.0,0
1,0.9624,-1,-0.0948,3,0.9706,0.0,0
2,0.9706,2,0.0,3,0.9624,0.0,0
4,0.8932,-1,-0.0111,4,0.9054,0.053,1
1,1.0427,0,0.0606,4,0.8552,0.0,0
2,1.0334,0,-0.0721,5,1.0261,0.0,0
1,1.3629,1,0.0,0,1.3629,0.0,0
2,1.0436,1,-0.0093,4,0.9054,0.0,0
2,1.186,1,0.0826,2,0.9624,0.0,0
1,1.0131,0,0.0,1,1.0678,0.0,0
1,1.0117,0,-0.0206,4,1.1125,0.0,0
1,0.9157,1,0.0,4,0.9883,0.0,0
6,1.0394,1,0.0132,2,0.9375,0.0,0
6,0.9554,2,0.0501,3,0.9645,0.0056,0
3,0.9128,2,-0.1299,4,0.824,0.0,0
1,0.9408,0,0.0251,3,0.9788,0.0,0
4,1.086,2,0.1154,2,0.9624,0.0,0
3,1.0072,1,0.0189,3,0.9408,0.0047,0
2,0.9653,-3,0.0975,4,0.824,0.0001,0
2,0.9832,1,-0.0009,4,0.8823,0.0,0
1,1.008,1,0.0,2,1.0946,0.0,0
3,1.0643,-1,-0.0482,2,0.9653,0.0002,0
7,0.9781,2,0.0239,2,0.9732,0.0,0
3,1.1277,1,0.01,2,0.9951,0.0797,0
1,0.9201,0,-0.024,4,0.9034,0.0,0
3,0.8942,2,0.0688,8,0.7274,0.0,0
1,1.32,1,0.0,1,1.1649,0.0,0
2,1.0946,0,-0.0012,2,0.9732,0.0,0
4,0.9034,0,-0.0489,4,0.671,0.107,0
3,0.8445,1,-0.0072,6,0.8823,0.0,0
8,0.7274,0,-0.0593,4,0.671,0.0031,1
5,1.0079,1,0.0235,3,0.9824,0.0,0
2,0.9732,0,-0.0337,7,0.9781,0.0,0
1,0.8823,-2,-0.1014,3,0.8445,0.0,0
3,0.9894,-1,0.0962,6,0.9554,0.0435,0
2,1.1813,1,-0.0353,3,1.0268,0.0,0
1,1.1874,1,0.0,1,1.1846,0.0,0
4,1.1458,1,-0.0276,3,0.9988,0.0,0
6,0.9797,1,0.072,3,0.8445,0.0,0
3,1.096,0,0.0048,5,1.0079,0.0,0
4,0.9397,0,-0.0129,4,0.9174,0.0238,0
2,1.0699,0,-0.0393,4,1.0794,0.0,0
3,1.025,-1,0.0842,4,0.9174,0.0,0
3,0.9993,1,0.0674,4,0.824,0.0003,0
2,1.0268,-1,0.0357,3,0.9426,0.0,0
4,0.824,1,-0.0312,3,0.9128,0.0044,1
1,1.1649,0,0.0,1,1.32,0.0,0
1,0.977,1,0.0,4,0.9034,0.0,0
4,1.0794,2,0.0894,2,0.9951,0.0002,0
3,0.9788,-1,-0.0291,3,0.9408,0.025,0
3,1.036,1,-0.0471,2,0.9426,0.0001,0
1,1.0571,0,0.0,4,0.9174,0.0,0
1,1.119,-1,-0.0522,1,1.0804,0.0,0
1,1.3303,1,0.0,1,1.223,0.0,0
2,1.1978,1,-0.1733,1,0.9968,0.0611,0
1,0.9426,-1,-0.0882,3,1.0268,0.0,0
1,1.0131,1,0.0,0,1.0131,0.0,0
2,1.0261,-2,-0.0126,3,1.0411,0.0,0
4,0.9174,2,0.0289,4,0.9397,0.0499,0
4,0.671,-2,0.0107,8,0.7274,0.0,1
1,1.1866,-1,0.0053,2,1.0268,0.0,0
3,0.9829,1,0.0457,4,0.9174,0.0,0
2,1.0897,0,-0.1594,6,1.0394,0.0,0
1,0.9375,1,0.0,6,1.0394,0.0,0
3,0.9645,1,0.0065,6,0.9201,0.0231,0
3,0.8888,1,0.0679,8,0.671,0.0601,0
1,1.0281,0,-0.2545,3,0.9824,0.0,0
1,1.2233,1,0.0,2,0.9968,0.0,0
1,1.0678,0,0.0,0,1.0678,0.0,0
2,0.9988,-1,-0.1202,4,1.0851,0.0,0
4,0.946,0,-0.0337,2,0.9561,0.0014,0
4,1.0851,3,-0.0015,2,0.9832,0.0,0
1,1.3629,0,0.0,0,1.3629,0.0,0
1,1.1516,1,0.0,4,1.036,0.0,0
1,1.0807,0,0.0526,1,1.0281,0.0,0
2,1.075,-1,-0.0821,4,0.9624,0.0016,0
1,1.0511,-3,0.0128,7,0.9128,0.0,0
1,1.1919,1,0.0,2,0.9426,0.0,0
2,1.0081,1,-0.0036,3,0.9725,0.0021,0
3,1.1101,1,0.0529,2,0.9375,0.0,0
2,1.0454,0,0.0018,6,0.9201,0.0,0
3,0.9824,0,-0.0389,5,1.0079,0.0,0
1,1.0536,-1,0.0756,4,0.946,0.0,0
1,1.0411,0,0.0264,3,0.8942,0.0,0
2,1.0941,1,0.0523,3,0.9824,0.0,0
1,1.0804,1,0.0,1,1.119,0.0,0
1,1.223,1,0.0,1,1.119,0.0,0
1,0.9725,1,0.0,4,0.9397,0.0,0
2,0.9951,-1,-0.0701,4,1.0794,0.0,0
1,1.0701,0,0.0,3,0.9788,0.0,0
2,0.9561,-2,-0.0143,4,0.946,0.0037,0
1,1.2777,1,0.0,2,1.0897,0.0,0
1,0.9841,-2,-0.0901,4,0.8823,0.0,0
1,0.9624,0,0.0,4,1.075,0.0,0
1,0.9968,0,-0.0276,2,1.0884,0.0,0
1,1.1846,-1,-0.0014,4,0.9624,0.0,0
1,1.0884,-1,0.0078,1,0.9968,0.0,0
1,1.3743,0,0.0543,1,1.32,0.0,0
3,1.0699,-1,-0.0096,3,1.0315,0.0001,0
2,1.019,1,0.0566,2,1.0356,0.0,0
4,0.9955,2,-0.0942,3,1.0703,0.0,0
7,0.8883,4,0.0438,2,0.8823,0.0,1
9,0.7257,1,-0.0017,5,0.7946,0.0049,1
2,1.0669,-2,-0.0182,3,0.9602,0.0,0
1,1.1387,-1,0.1306,3,0.9163,0.0,0
4,1.0891,2,0.1238,3,0.7895,0.0,0
4,0.9528,2,-0.0204,6,0.9749,0.0,0
5,1.0712,2,-0.0389,1,0.9375,0.0,0
1,0.8563,0,-0.0846,3,0.9782,0.0,0
1,0.9163,-2,-0.1481,4,1.0891,0.0,0
4,0.931,0,-0.015,2,0.9276,0.0327,0
3,1.0315,1,0.0364,3,1.0364,0.0,0
2,1.176,-2,0.09,2,1.019,0.0,0
6,1.0056,-1,0.0275,4,0.9528,0.0,0
2,1.0958,1,0.0878,1,0.9749,0.0,0
3,0.9782,0,-0.029,2,0.8563,0.0055,0
3,0.8761,0,-0.0367,3,0.7895,0.0,0
4,0.9808,-2,0.0254,4,0.8639,0.0495,0
1,1.0031,0,0.0261,4,0.8639,0.0,0
3,0.7895,-1,-0.0345,4,0.8718,0.0,0
1,1.1441,1,0.0,4,0.9276,0.0,0
3,1.1091,-1,-0.0366,3,0.9602,0.0,0
3,0.9647,0,-0.0603,5,0.9271,0.0,0
2,1.1499,0,-0.0314,4,0.9854,0.0,0
2,1.1338,1,-0.0178,4,0.9854,0.0,0
3,0.8544,0,-0.0344,9,0.7257,0.0039,0
2,1.2185,1,0.0311,1,1.0356,0.0,0
2,1.015,2,0.0,3,0.8563,0.0049,0
1,1.0131,0,0.0,1,1.0678,0.0,0
1,1.1919,0,0.0,1,1.0281,0.0,0
1,1.3711,1,0.0,1,1.0245,0.0,0
2,1.0369,0,-0.033,3,1.0337,0.0,0
1,1.1366,1,0.0,2,1.176,0.0,0
4,0.9172,0,-0.0225,5,0.9271,0.0001,0
1,1.1184,-1,0.0242,4,0.9727,0.0,0
1,1.0807,0,0.0,1,1.0281,0.0,0
1,1.0411,-1,0.0151,5,1.0712,0.0,0
4,0.9854,1,-0.0506,2,1.0828,0.0,0
3,1.0515,1,0.0061,4,0.8639,0.0313,0
5,0.9271,1,0.0097,4,0.9172,0.107,0
1,1.0364,1,0.0,3,1.0315,0.0,0
5,0.7946,1,0.1236,9,0.7257,0.0005,1
2,0.9159,-2,0.0125,5,0.7946,0.0576,0
4,0.9727,1,-0.0097,5,1.0258,0.0,0
1,0.8823,0,0.0,7,0.8883,0.0,0
3,1.0105,2,0.0264,2,0.8823,0.0,0
1,0.9375,1,0.0,5,1.0703,0.0,0
1,1.0337,1,0.0,2,1.0369,0.0,0
4,0.8613,1,-0.0329,9,0.7257,0.0,1
1,1.0245,-1,-0.1733,2,1.0727,0.0,0
2,0.9602,0,-0.0387,3,1.0669,0.0,0
5,1.0258,0,0.018,4,0.9727,0.0,0
2,1.2766,2,0.0,1,1.0245,0.0014,0
1,1.0828,-1,0.0078,4,0.9854,0.0,0
1,1.1749,1,0.0,4,0.9854,0.0,0
3,0.8718,0,-0.1276,4,0.7895,0.0006,0
2,1.1259,-4,0.1462,7,0.8883,0.0,0
4,0.8639,1,-0.1006,4,0.9637,0.0002,1
1,1.0356,1,0.0,2,1.019,0.0,0
2,1.1006,-1,0.1218,3,0.8563,0.0051,0
3,1.1519,0,0.0559,5,1.0258,0.0,0
2,0.9276,0,-0.0285,4,0.931,0.0037,0
1,1.32,0,0.0,1,1.1649,0.0,0
3,1.0277,2,0.0552,4,0.9172,0.0363,0
3,1.0703,-3,0.031,4,0.9375,0.0,0
2,0.9354,-1,-0.054,4,0.9808,0.0529,0
1,0.9637,0,0.0436,4,0.8639,0.0,0
2,1.0868,2,0.0,3,0.9602,0.0,0
2,1.2164,1,0.1628,4,0.931,0.0023,0
1,1.073,0,0.0219,6,0.8761,0.0,0
1,1.3629,1,0.0,0,1.3629,0.0,0
1,1.3743,0,0.0,1,1.32,0.0,0
1,0.9749,-1,-0.1197,4,0.9528,0.0,0
1,1.375,1,0.0,1,1.253,0.0,0
1,1.1079,0,-0.1154,2,1.0245,0.0,0
1,1.0884,0,0.0,1,1.0727,0.0,0
1,1.1434,1,0.0,2,1.1006,0.0,0
1,1.1277,-1,0.1008,4,0.9854,0.0,0
1,1.253,0,-0.0247,4,0.9955,0.0,0
1,1.119,0,0.0,1,1.0804,0.0,0
1,1.0678,1,0.0,1,1.0131,0.0,0
1,1.0281,0,0.0,4,0.9727,0.0,0
1,1.1027,0,-0.0839,2,1.1184,0.0,0
1,1.3623,-2,0.2346,3,1.0315,0.0,0
1,1.1649,0,0.0,1,1.32,0.0,0
1,1.0554,1,0.0,3,0.8718,0.0,0
1,1.0727,0,0.0759,1,1.0245,0.0,0
1,1.0804,1,0.0,1,1.119,0.0,0
1,1.0428,-2,0.0599,5,0.9271,0.0,0
1,0.9401,0,0.0239,3,1.0638,0.0,0
2,1.1303,0,-0.086,2,0.9392,0.0003,0
1,1.008,1,0.0,1,0.9749,0.0,0
4,0.9164,0,-0.0645,3,0.8553,0.0488,0
1,1.0245,0,-0.3466,1,0.9968,0.0,0
6,0.9285,-1,0.0403,2,0.816,0.0,0
6,0.8718,3,-0.0044,3,0.8186,0.0003,1
1,1.3797,-1,0.1613,3,0.9135,0.0,0
1,1.0804,0,-0.0386,2,1.0131,0.0,0
5,1.1418,2,-0.0101,4,0.9988,0.0,0
3,1.0041,-2,-0.0672,1,1.0411,0.0,0
4,1.0358,1,0.0043,3,1.0466,0.001,0
2,1.176,0,0.1571,3,0.9135,0.0,0
3,0.9788,2,-0.1653,2,0.9392,0.0001,0
6,0.9724,2,0.0195,3,0.9969,0.0,0
5,0.8467,1,-0.0146,11,0.7439,0.0007,1
2,0.9042,2,0.0,5,0.8467,0.0,0
11,0.7439,2,0.0182,5,0.8467,0.0529,1
4,1.0,0,0.0273,4,0.9338,0.0,0
3,1.0282,3,0.0,2,0.9135,0.0,0
6,1.038,2,0.0425,2,0.9815,0.0,0
8,0.9487,3,0.0216,2,0.8494,0.0865,0
1,1.0131,1,0.0,1,1.0678,0.0,0
2,0.9338,1,-0.1846,4,0.9938,0.0,0
1,0.9201,-1,0.0042,3,0.8832,0.0,0
3,1.0638,-1,-0.0253,3,0.8186,0.0,0
3,0.9993,0,-0.0522,4,0.8553,0.0261,0
3,1.0028,2,0.0391,3,0.8553,0.0037,0
1,1.0114,0,-0.0613,2,0.9968,0.0,0
1,1.375,0,0.0,1,1.253,0.0,0
3,1.0895,1,0.1294,2,0.9988,0.0,0
4,0.952,0,-0.0334,2,1.0796,0.0,0
4,1.0567,-1,0.0309,5,1.0,0.0,0
2,1.1292,1,0.0464,4,0.952,0.0,0
1,1.0124,0,-0.0606,6,0.8718,0.0,0
2,1.1605,1,-0.2018,4,1.0358,0.0053,0
1,1.0678,0,0.0,1,1.0131,0.0,0
2,1.0796,1,-0.0481,4,0.9338,0.0,0
3,0.9969,-3,-0.0088,6,0.9724,0.0,0
3,0.8553,-1,-0.0086,4,0.9164,0.0,0
1,1.0124,-1,-0.0744,3,0.9744,0.0,0
1,0.8823,1,0.0,2,0.816,0.0,0
1,1.0104,0,0.0355,6,0.9724,0.0,0
1,1.1555,-1,0.0296,6,0.9285,0.0,0
2,0.9392,-2,0.0082,3,0.9788,0.0279,0
1,0.8494,0,-0.1934,8,0.9487,0.0,0
2,0.8832,-1,0.0288,11,0.7439,0.0,0
1,0.8186,-2,0.029,6,0.8718,0.0,0
1,0.9659,1,0.0,11,0.7439,0.0,0
3,0.9435,0,0.0717,6,0.8186,0.0007,0
2,0.9789,1,0.1226,4,0.9769,0.0233,0
2,1.1812,0,0.0051,3,1.0282,0.0002,0
2,0.8886,-2,-0.0285,8,0.9067,0.0,0
2,0.964,-1,-0.0007,8,0.8494,0.0001,0
1,1.1387,0,0.0,3,0.9067,0.0,0
2,1.096,0,0.0291,3,0.8823,0.0,0
1,1.0411,0,0.0,3,0.9042,0.0,0
1,1.3629,0,0.0,0,1.3629,0.0,0
2,0.9815,-1,-0.0888,6,1.038,0.0,0
2,0.9767,0,-0.0602,3,1.0466,0.0,0
1,0.9749,-1,-0.1209,1,1.008,0.0,0
1,1.0554,0,0.0,6,0.8718,0.0,0
2,0.9067,2,0.0,3,0.8886,0.0001,0
1,1.177,0,0.2396,3,0.9815,0.0,0
2,1.0594,1,-0.0485,2,0.9968,0.0,0
2,0.9938,1,-0.0343,4,0.9338,0.0355,0
3,1.0466,0,-0.0233,4,0.9767,0.0,0
3,1.0374,0,0.0097,2,0.8886,0.004,0
1,1.043,-1,-0.0576,2,0.9785,0.0,0
4,0.9769,2,-0.0382,2,0.9785,0.0001,0
1,1.3743,0,0.0543,1,1.32,0.0,0
1,1.1649,1,0.0,0,1.1649,0.0,0
2,0.816,1,-0.0662,6,0.8823,0.0,0
2,0.9988,-1,-0.1103,5,1.0895,0.0,0
2,1.1863,0,-0.0903,2,0.9968,0.0007,0
1,1.1027,-1,-0.0472,4,0.952,0.0,0
1,1.1835,1,0.0,1,0.9749,0.0,0
1,0.9968,0,-0.0276,2,1.0114,0.0,0
1,0.9785,-2,0.0003,4,0.9769,0.0,0
1,1.1187,0,-0.0248,1,1.043,0.0,0
1,0.977,0,-0.0261,3,0.8553,0.0,0
1,1.1874,1,0.0,1,1.3797,0.0,0
1,1.2827,1,0.0,4,0.952,0.0,0
1,1.32,1,0.0,1,1.3743,0.0,0
1,1.1981,1,0.0,3,0.9815,0.0,0
1,1.1663,1,0.0,2,1.1303,0.0,0
1,0.9744,-2,-0.0361,2,0.816,0.0,0
1,1.253,0,0.0,6,1.038,0.0,0
2,1.0559,1,0.0222,2,0.9767,0.0,0
2,1.1499,0,0.0161,4,0.952,0.0,0
1,0.9135,0,-0.1221,3,1.0282,0.0,0
1,1.1434,1,0.0,1,0.9785,0.0,0
1,1.0104,-1,0.075,4,0.9164,0.0,0
1,0.8839,-4,0.0894,11,0.7439,0.0,0
8,0.9787,2,0.0064,2,0.9618,0.0,0
2,0.9532,-1,-0.0933,5,1.0363,0.0,0
11,0.7474,0,0.0035,6,0.7496,0.0034,1
1,1.375,1,0.0,5,0.9288,0.0,0
3,1.058,1,0.1189,2,0.8817,0.035,0
4,1.1689,-1,0.0271,3,0.9988,0.0,0
1,1.0804,0,0.0,1,1.0131,0.0,0
2,1.1574,1,0.1494,1,0.9749,0.0,0
2,0.9096,-1,-0.0339,6,0.8274,0.0,0
1,1.32,1,0.0,1,1.1649,0.0,0
4,1.0363,2,0.0596,2,0.9532,0.0,0
4,0.8969,2,0.0082,6,0.9202,0.002,1
6,0.9941,-2,0.0455,4,0.8969,0.0633,0
1,1.0054,0,0.1868,6,0.8274,0.0,0
1,1.073,-2,0.0761,8,0.9618,0.0,0
6,0.7496,1,-0.0971,11,0.7474,0.0006,1
1,0.918,1,0.0,4,0.9922,0.0,0
2,1.0701,0,0.0886,6,0.9304,0.0,0
2,1.068,-1,0.0639,1,0.9304,0.0,0
1,1.3324,0,0.1661,2,1.2039,0.0,0
2,1.0349,1,-0.0838,1,1.0625,0.0462,0
3,0.984,2,0.064,4,0.8365,0.0274,0
3,0.9309,1,0.0266,6,0.7496,0.0,0
5,0.9918,1,-0.0082,3,0.9288,0.0,0
2,1.1081,-1,0.0443,2,0.9096,0.1731,0
1,1.0274,0,-0.1112,3,0.9202,0.0,0
3,0.9288,1,-0.0049,5,0.9069,0.0,0
2,0.9922,-2,0.0402,4,0.918,0.0,0
5,1.0882,2,0.06,1,1.1457,0.0,0
2,1.0612,0,0.0972,6,0.8817,0.0,0
2,1.1343,0,-0.0157,4,0.9922,0.0,0
1,1.3629,0,0.0,0,1.3629,0.0,0
1,1.1649,0,0.0,1,1.32,0.0,0
2,1.0561,-1,0.0187,4,0.8969,0.0049,0
2,1.044,0,0.065,5,0.9368,0.0539,0
4,1.0562,2,-0.073,2,0.918,0.0,0
1,1.2827,0,0.0,2,0.9069,0.0,0
1,1.0356,1,0.0,2,1.2348,0.0,0
6,1.0391,0,0.0011,2,0.9916,0.0,0
1,1.2491,-1,0.068,5,1.0562,0.0,0
3,0.9618,2,-0.0506,6,0.8274,0.0043,0
1,0.9749,0,-0.2087,2,0.9618,0.0,0
1,0.8817,0,-0.0842,11,0.7474,0.0,0
6,0.8274,0,-0.0444,3,0.9096,0.0005,1
4,1.0938,1,0.0043,2,0.9841,0.0,0
7,0.961,1,0.0324,2,0.8398,0.0,0
3,1.0559,-1,-0.0008,5,0.9918,0.0,0
4,0.9646,1,-0.0382,5,0.9448,0.0017,0
1,0.9916,0,-0.2614,6,1.0391,0.0,0
1,1.0625,0,0.0196,2,1.0349,0.0,0
1,1.3743,0,0.0,1,1.32,0.0,0
5,0.9448,2,0.0895,4,0.9533,0.0246,0
3,0.9202,1,0.0136,4,0.8969,0.0263,0
1,1.1669,0,-0.0101,2,0.9304,0.0,0
1,1.1365,-1,-0.0498,3,1.0134,0.0,0
3,0.9533,-1,0.037,5,0.9448,0.0402,0
5,0.9368,1,-0.04,2,1.044,0.0039,0
2,1.0349,1,0.0948,2,1.0274,0.0003,0
2,1.2039,0,0.0736,3,1.058,0.0119,0
1,1.1457,-1,-0.0303,5,1.0562,0.0,0
2,0.9618,1,-0.0486,8,0.9749,0.0,0
2,1.0248,0,-0.0712,4,0.9058,0.0,0
1,0.9069,1,0.0,3,0.9288,0.0,0
1,0.9304,0,-0.2677,2,1.068,0.0,0
2,0.8817,-1,-0.0971,3,0.9071,0.0002,0
5,1.0817,1,0.0459,2,0.9532,0.0008,0
2,0.8398,0,0.0237,7,0.9058,0.0,0
3,1.0683,2,0.0715,1,1.0114,0.1306,0
1,1.0114,0,0.0,3,1.0134,0.0,0
1,1.0593,0,0.0489,5,0.9368,0.0,0
2,1.2348,1,0.0474,1,1.0356,0.0,0
2,0.9988,0,0.0,4,1.0938,0.0,0
1,0.9841,0,-0.0283,4,0.9058,0.0,0
1,0.9058,0,-0.0685,2,0.8398,0.0,0
1,1.0678,0,0.0,1,1.0131,0.0,0
1,1.0807,-1,0.0869,5,0.9069,0.0,0
1,1.0374,1,0.0,3,0.9533,0.0,0
1,1.253,0,-0.122,1,0.9916,0.0,0
1,0.8365,-1,-0.0467,11,0.7474,0.0,0
1,1.0892,-1,0.0097,3,0.9069,0.0,0
1,1.1027,0,0.0,2,0.9922,0.0,0
2,1.0559,0,0.0,4,1.0363,0.0,0
1,1.0411,0,0.0,3,0.9309,0.0,0
1,0.9002,0,0.0508,6,0.9071,0.0,0
1,1.0134,-1,-0.046,3,1.0114,0.0,0
1,1.0069,-1,-0.1536,5,1.0817,0.0,0
1,0.9071,1,0.0,3,0.8817,0.0,0
1,1.0131,0,0.0,1,1.0678,0.0,0
1,1.1285,1,0.0,2,1.0349,0.0,0
4,1.0118,2,-0.0231,2,0.9977,0.0089,0
5,1.0475,2,-0.0207,2,1.0205,0.0519,0
8,0.7127,2,-0.0369,9,0.7188,0.0007,1
5,0.9205,2,-0.0413,5,0.8131,0.003,0
5,0.8131,-1,-0.0143,5,0.9205,0.0001,1
4,0.9321,1,-0.0519,4,0.8115,0.002,0
5,0.961,-3,-0.0177,4,0.9704,0.0,0
2,0.9955,1,0.0115,3,0.9294,0.0,0
5,0.9683,-1,-0.0258,5,0.9215,0.0936,0
2,1.0334,-4,-0.0057,5,1.0368,0.0,0
3,1.0771,-1,0.0408,4,1.0327,0.0,0
5,0.9458,0,0.001,4,0.9606,0.0357,0
4,0.9606,0,-0.004,5,0.9321,0.0041,0
3,0.9886,-1,-0.0676,3,1.0426,0.0,0
2,1.0713,2,0.0,3,0.9659,0.0076,0
3,1.0254,2,-0.0339,3,0.9157,0.0,0
5,0.9215,1,0.0247,5,0.9571,0.0006,0
9,0.7188,-2,-0.0286,8,0.7127,0.002,1
2,1.0205,1,0.0071,5,1.0475,0.0,0
2,1.1908,0,0.1987,3,0.9886,0.0,0
4,1.0327,2,0.0794,4,1.047,0.0001,0
3,1.1802,1,-0.0237,2,1.073,0.0017,0
2,1.0265,-1,0.0732,5,0.9157,0.0005,0
3,0.9605,1,-0.1006,5,0.9023,0.0001,0
7,0.8815,5,0.0418,2,0.9294,0.0,1
3,1.1594,-1,-0.0095,4,1.0515,0.0,0
3,1.1024,1,0.0323,3,1.0205,0.0,0
3,0.9779,-2,0.041,3,0.9157,0.0012,0
4,1.0515,2,0.0526,3,1.0272,0.0,0
1,1.3743,1,0.0,1,1.32,0.0,0
5,1.1028,0,0.0146,1,1.115,0.0,0
1,1.1184,0,0.0291,5,0.9069,0.0,0
3,1.0205,2,-0.1464,3,1.1024,0.0,0
3,1.105,1,-0.0524,1,1.0104,0.0,0
2,0.9571,-1,0.0369,5,0.9215,0.0009,0
5,1.0368,4,0.0452,2,1.0334,0.0,0
5,0.9211,2,-0.0077,4,0.9069,0.0,0
3,1.0272,-1,-0.0666,4,0.9955,0.0,0
1,1.3629,1,0.0,0,1.3629,0.0,0
2,1.0862,0,0.1767,5,0.8131,0.0333,0
1,1.0982,1,0.0,4,0.8115,0.0,0
1,1.253,0,0.0,5,1.0368,0.0,0
4,0.9737,-1,-0.0182,5,0.9211,0.0,0
1,0.8115,0,-0.025,9,0.7188,0.0,0
1,1.0581,-1,0.0232,3,0.9659,0.0,0
1,1.1366,1,0.0,5,1.1028,0.0,0
3,1.1312,0,0.0753,4,0.9737,0.0,0
1,1.1749,0,0.0292,5,0.9886,0.0,0
3,0.9659,2,-0.0615,2,0.9571,0.0036,0
4,1.047,-1,-0.0346,4,1.0327,0.0003,0
4,0.9704,2,0.0086,5,0.961,0.0,0
2,1.0941,-5,0.1332,7,0.8815,0.0,0
3,1.0426,1,-0.0917,3,0.9886,0.0,0
1,1.0117,-1,-0.0964,2,1.0331,0.0,0
1,1.32,1,0.0,1,1.3743,0.0,0
1,1.1204,-1,0.0524,3,0.9166,0.0,0
2,1.0699,2,0.0,2,1.049,0.0,0
1,1.2166,1,0.0,5,1.1028,0.0,0
1,0.7975,0,-0.0842,9,0.7127,0.0,0
2,1.073,-1,0.0149,3,0.9023,0.0,0
1,1.1639,0,0.0909,5,0.9205,0.0,0
1,0.9157,1,0.0,3,0.9779,0.0,0
1,1.0807,0,0.0,5,0.9069,0.0,0
2,1.0331,1,0.0277,5,0.8131,0.0025,0
1,1.1805,0,-0.1945,5,0.9211,0.0,0
1,0.9379,0,-0.0977,2,1.2348,0.0,0
1,0.9734,-1,0.0916,3,0.9023,0.0,0
2,1.2348,0,0.0,1,0.9379,0.0,0
1,1.1516,-1,0.1076,3,0.9779,0.0,0
2,1.0404,1,0.0274,0,1.0404,0.0467,0
1,1.1649,1,0.0,0,1.1649,0.0,0
2,0.9977,1,-0.0648,4,1.0118,0.0,0
1,0.9069,0,0.0,5,0.9211,0.0,0
1,0.9294,0,0.0236,7,0.8815,0.0,0
1,1.1492,0,0.1422,4,1.047,0.0,0
1,1.074,1,0.0,5,0.9215,0.0,0
2,0.9166,1,-0.1245,1,0.989,0.0,0
1,1.115,0,-0.1341,5,0.9886,0.0,0
1,1.0104,1,0.0,4,0.9704,0.0,0
1,1.1866,0,0.0839,3,1.0426,0.0,0
1,0.9023,0,-0.0048,3,0.9605,0.0,0
1,0.989,-2,0.0582,8,0.7127,0.0,0
1,1.049,-1,-0.0069,3,1.0699,0.0,0
10,0.7376,2,0.0249,7,0.7433,0.0183,1
8,0.936,1,0.0545,1,0.8144,0.0,0
1,1.0678,-1,0.0274,1,1.0131,0.0,0
2,0.7809,1,-0.2081,10,0.7376,0.0,0
7,0.9396,2,0.0181,4,0.9572,0.0172,0
6,0.9564,2,-0.0042,4,0.9369,0.0043,0
3,1.1557,2,0.0407,3,0.8714,0.0,0
3,1.0492,-1,0.0021,4,1.0692,0.0001,0
5,1.0822,5,0.0,2,0.9379,0.0,0
7,0.8972,2,-0.0233,4,0.8607,0.0004,1
1,1.0274,0,-0.0307,2,0.9457,0.0,0
1,1.0116,0,-0.0624,7,0.9396,0.0,0
1,1.1874,1,0.0,1,1.3797,0.0,0
3,0.9494,0,-0.076,4,1.0144,0.0378,0
1,1.3835,0,0.203,5,0.8784,0.0,0
1,0.8961,0,0.0846,7,0.7433,0.0,0
4,0.8607,-1,0.0476,7,0.8972,0.0024,1
4,0.8784,-1,-0.0428,5,0.8684,0.0,1
4,0.9369,-1,-0.0089,6,0.9564,0.0302,0
5,1.0642,1,0.0905,4,0.8784,0.0,0
4,1.0692,0,0.0365,3,0.9946,0.0001,0
3,0.9879,1,0.0713,2,0.7809,0.0,0
4,1.1849,1,0.0537,5,1.0642,0.0,0
4,1.0144,1,0.0365,3,0.9494,0.0037,0
7,0.7433,-2,0.0245,10,0.7376,0.0004,1
4,1.0959,1,-0.0065,2,0.9411,0.0,0
2,0.8684,1,-0.25,4,0.8784,0.0,0
1,1.1617,1,0.0,3,0.8714,0.0,0
2,1.0556,1,-0.1974,4,1.0581,0.0,0
1,1.1191,1,0.0,3,0.9494,0.0,0
5,1.0284,1,-0.023,3,1.027,0.0,0
2,1.1087,0,-0.0821,3,0.8684,0.0,0
2,1.1071,-2,0.0953,3,0.9593,0.008,0
4,1.0197,-1,-0.0279,2,1.0598,0.018,0
2,0.9623,2,0.0,3,0.9593,0.0001,0
2,0.9572,0,0.0001,7,0.9396,0.0009,0
3,1.027,0,-0.0002,5,1.0002,0.0,0
3,1.0689,2,0.02,3,0.9946,0.0,0
4,1.0581,-1,0.0213,2,0.967,0.0,0
4,1.1178,2,0.0449,1,0.9734,0.0111,0
1,1.0374,1,0.0,6,0.9369,0.0,0
3,0.978,-2,0.017,5,0.968,0.0,0
2,0.8804,1,-0.0265,4,0.8684,0.0003,0
3,0.8714,0,-0.1173,3,1.0747,0.0,0
2,1.3471,1,0.0271,0,1.3471,0.0,0
3,0.8983,0,-0.0623,4,0.9734,0.0001,0
1,1.1336,0,-0.0303,7,0.8972,0.0,0
2,1.0568,0,-0.0131,3,1.0689,0.0,0
2,0.9457,-1,-0.0202,2,0.9572,0.0,0
1,1.3629,0,0.0,0,1.3629,0.0,0
1,0.977,1,0.0,7,0.7433,0.0,0
1,1.2159,0,0.0667,3,1.0492,0.0,0
1,1.1387,1,0.0,1,1.0117,0.0,0
2,1.1135,1,-0.0615,3,0.8714,0.0,0
2,1.1112,2,0.0,1,1.0002,0.0,0
3,1.0543,1,-0.0319,4,0.8607,0.0035,0
4,1.0103,-1,0.042,7,0.8983,0.1435,0
1,1.148,1,0.0,4,0.8684,0.0,0
1,1.0002,-2,-0.1048,2,0.8562,0.0,0
1,1.0747,-2,0.0322,3,0.8714,0.0,0
1,0.9411,-2,-0.0794,4,1.0411,0.0,0
1,1.162,0,0.0638,6,0.8961,0.0,0
2,0.9551,-2,0.023,6,0.8961,0.0005,0
2,1.0561,0,-0.0152,2,0.9457,0.0004,0
2,1.1974,-3,0.0946,5,1.0822,0.0,0
3,0.9593,1,-0.0384,2,0.9623,0.0002,0
5,0.968,1,-0.0024,3,0.8562,0.0,0
1,1.0804,-1,0.0599,4,1.0131,0.0,0
2,1.0598,2,0.0,4,1.0197,0.0311,0
3,0.9946,0,-0.0824,4,1.0689,0.0,0
1,0.9734,0,0.071,4,0.8983,0.0,0
1,1.0117,0,0.0,3,1.0274,0.0,0
1,1.0002,1,0.0,3,0.8144,0.0,0
1,0.8562,0,-0.1542,5,0.968,0.0,0
1,1.0411,0,-0.0792,3,0.9411,0.0,0
1,0.8144,1,0.0,8,0.936,0.0,0
1,0.9379,0,0.0,5,1.0822,0.0,0
1,1.0675,1,0.0,5,0.8562,0.0,0
2,0.967,0,-0.0665,4,1.0581,0.0,0
1,1.3324,-2,0.1522,4,1.1178,0.0,0
1,1.3797,-1,0.145,5,0.9379,0.0,0
1,1.1029,-2,-0.0566,5,1.0284,0.0,0
1,1.1649,0,0.0,0,1.1649,0.0,0
1,1.0131,1,0.0,1,1.0678,0.0,0
3,1.1488,-1,0.031,2,1.059,0.0224,0
5,0.935,-3,-0.001,2,0.816,0.0,0
5,1.0433,3,-0.0122,2,1.0197,0.0,0
3,1.1495,-1,-0.0354,4,0.9988,0.0,0
2,1.0053,1,0.0051,3,0.9754,0.0,0
4,1.0446,0,-0.0246,3,0.9693,0.0,0
2,0.9745,1,0.0784,4,0.7547,0.0025,0
4,1.0718,1,0.0029,3,0.9693,0.0,0
3,1.0745,0,-0.0811,3,1.0578,0.0,0
4,0.9446,2,-0.0011,3,0.9196,0.0044,0
4,1.1054,-1,0.0412,5,0.9206,0.0,0
1,0.8935,1,0.0,3,1.0578,0.0,0
1,1.2166,1,0.0,5,1.0711,0.0,0
2,0.7547,-5,0.0113,13,0.7128,0.0002,0
2,1.0153,0,-0.0918,4,0.9633,0.0153,0
3,0.9754,2,0.1192,6,0.969,0.0,0
13,0.7128,3,-0.0248,4,0.7547,0.0022,1
3,0.9961,0,0.0082,4,0.8396,0.0,0
3,0.9693,0,-0.0253,4,1.0446,0.0,0
3,0.9465,-1,0.0096,3,0.8987,0.0482,0
1,1.32,1,0.0,1,1.1649,0.0,0
4,1.1006,-1,0.0722,3,0.9988,0.0,0
5,0.942,-2,0.0024,3,0.9196,0.0399,0
5,0.9841,1,0.1234,6,0.8403,0.0034,0
1,1.115,-1,-0.0824,5,1.0711,0.0,0
4,0.8396,2,0.0587,13,0.7128,0.0001,1
4,0.9411,2,-0.014,3,0.8987,0.0269,0
6,0.8403,-1,-0.0569,5,0.9531,0.0001,1
3,1.1024,1,0.1354,3,1.0025,0.0,0
4,0.899,1,0.0007,3,0.9896,0.0002,1
3,0.9885,0,0.0391,2,0.9046,0.051,0
1,0.9604,1,0.0,4,0.9633,0.0,0
3,1.0277,0,0.0008,4,0.9294,0.0,0
3,0.9896,-1,-0.0207,5,0.899,0.0692,0
5,0.9206,1,0.0423,4,0.8723,0.0,0
6,0.969,1,0.001,3,0.9754,0.0,0
3,1.0025,-1,-0.0934,3,1.1024,0.0,0
1,1.1387,0,0.127,3,0.9401,0.0,0
2,0.816,2,0.0,5,0.9294,0.0,0
1,0.9401,1,0.0,5,0.9841,0.0,0
5,1.0711,0,-0.011,1,0.9379,0.0,0
3,0.9531,2,-0.1805,6,0.8403,0.0007,0
4,0.9633,1,0.0041,2,0.9604,0.0007,0
1,0.9046,1,0.0,3,0.9885,0.0,0
1,1.1551,0,-0.2283,5,0.9206,0.0,0
2,1.059,1,0.0856,4,0.899,0.0001,0
3,0.9196,1,-0.0376,5,0.942,0.0242,0
1,1.1184,-1,0.0097,3,0.8723,0.0,0
2,0.9958,1,0.1814,5,0.816,0.0,0
2,1.0568,0,0.0,4,1.0718,0.0,0
3,0.8987,-3,-0.0576,4,0.9411,0.0039,0
2,1.0197,-2,-0.0384,5,1.0433,0.0,0
1,1.0031,0,0.0261,4,0.7547,0.0,0
3,1.0578,0,0.1864,3,0.8935,0.0,0
1,1.107,1,0.0,5,1.0711,0.0,0
2,0.9988,1,-0.104,4,1.1006,0.0,0
3,0.8723,1,0.0039,5,0.8798,0.0,0
3,1.0659,2,0.0385,4,0.9446,0.0003,0
1,1.1204,0,0.0792,3,0.9961,0.0,0
1,1.0131,0,0.0,1,1.0678,0.0,0
3,1.1155,0,0.0663,4,1.0446,0.0,0
2,1.1574,0,0.0462,2,1.0053,0.0,0
1,1.1027,0,0.028,3,1.0578,0.0,0
1,1.0374,0,0.0,3,0.8987,0.0,0
1,0.9817,1,0.0,4,0.9604,0.0,0
2,0.8798,0,-0.0006,5,0.8723,0.0018,0
1,1.074,0,0.0624,5,0.942,0.0,0
2,1.2836,1,0.0962,0,1.2836,0.0,0
1,0.9294,1,0.0,3,0.816,0.0,0
1,1.0832,0,-0.0648,5,0.8723,0.0,0
2,1.0711,-2,0.0567,3,0.9046,0.0002,0
2,1.1037,-2,0.084,1,1.0804,0.0077,0
1,1.3934,1,0.0,2,1.0153,0.0,0
2,1.0927,1,-0.0693,4,0.8987,0.0005,0
1,1.0804,0,0.0,2,1.0131,0.0,0
2,1.1708,0,0.0573,3,0.8935,0.0,0
1,1.0678,0,0.0,1,1.0131,0.0,0
1,1.3743,-1,0.0271,1,1.32,0.0,0
1,1.1942,-2,0.2162,6,0.9531,0.0,0
1,1.1649,0,0.0,1,1.32,0.0,0
2,1.0048,2,0.0,3,0.9046,0.0002,0
1,0.9379,0,0.0,5,1.0711,0.0,0
1,1.3629,1,0.0,0,1.3629,0.0,0
4,1.012,0,-0.0326,4,1.0108,0.0,0
2,1.1513,2,0.0,1,0.976,0.0,0
4,0.9378,0,-0.0255,2,0.9604,0.0318,0
1,1.0675,-1,0.0622,4,0.8562,0.0,0
3,1.0674,1,0.0085,2,0.9258,0.0001,0
6,0.8603,0,0.0201,5,0.9402,0.0002,1
3,0.8782,1,0.1235,13,0.7335,0.0003,0
1,1.119,1,0.0,1,1.0804,0.0,0
4,1.0108,1,0.0415,4,1.012,0.0,0
6,0.908,1,-0.034,3,0.9187,0.0215,0
3,0.9187,0,-0.0009,6,0.908,0.0005,0
3,0.9762,1,-0.0287,3,0.8604,0.0,0
2,0.9519,-1,-0.0758,4,1.0577,0.0,0
5,0.9003,3,0.0842,3,0.9204,0.0,0
2,0.9258,-2,0.0268,3,0.9207,0.0,0
3,0.9207,0,-0.0688,6,0.908,0.029,0
2,0.9685,0,-0.1889,1,1.0675,0.0,0
1,0.976,-4,0.041,5,0.9003,0.0,0
3,0.9204,1,-0.0754,5,0.9003,0.0,0
1,1.0104,0,-0.027,3,0.8604,0.0,0
3,1.0919,0,-0.0105,3,0.9707,0.0,0
2,0.9678,2,0.0,6,0.908,0.0249,0
2,1.1765,-1,0.1187,2,0.8853,0.0,0
2,0.9857,1,0.0456,3,0.99,0.0,0
4,1.03,1,-0.0359,2,0.9572,0.0006,0
1,0.9983,1,0.0,4,0.9378,0.0,0
1,1.1819,0,-0.2115,2,0.9983,0.0,0
3,1.1469,3,0.0,2,0.9624,0.0,0
13,0.7335,0,0.0207,3,0.7448,0.0022,1
2,1.0864,1,0.0032,5,0.8949,0.0247,0
1,0.8853,-2,-0.1892,2,0.9153,0.0,0
1,0.9604,0,0.0,4,0.9378,0.0,0
2,1.287,-1,0.1382,3,1.0674,0.0001,0
2,1.3471,1,0.0271,1,1.1649,0.0,0
2,1.1909,0,0.1755,4,0.9378,0.0034,0
3,1.0122,0,0.0098,3,1.0919,0.0,0
4,1.0577,0,-0.0429,4,0.9519,0.0,0
2,0.7902,-2,-0.0494,13,0.7335,0.0,0
2,1.071,-1,-0.0445,4,1.012,0.0,0
5,0.9643,0,0.0437,5,0.8949,0.0,0
3,0.9971,2,-0.1232,2,0.8674,0.0,0
1,1.2491,0,0.0325,2,0.9811,0.0,0
5,0.9402,2,-0.0129,6,0.8603,0.0005,0
2,0.9153,0,-0.2555,2,0.8853,0.0,0
1,1.1649,1,0.0,2,1.3471,0.0,0
5,1.0588,0,0.0154,1,0.9707,0.0,0
5,0.9717,1,0.0306,2,0.8836,0.0198,0
4,0.9489,-2,-0.0201,4,0.8562,0.0,0
2,1.1416,1,0.0266,2,0.8853,0.0,0
1,1.0553,-1,-0.0374,5,0.8836,0.0,0
1,1.1749,1,0.0,2,0.9153,0.0,0
5,1.1356,1,0.0302,5,0.9643,0.0,0
2,0.8836,-1,-0.0152,5,0.8604,0.0,0
3,0.99,-2,0.0059,6,0.8603,0.0035,0
1,1.0804,-1,-0.0233,1,1.119,0.0,0
1,1.1336,0,-0.0606,5,0.9402,0.0,0
5,0.8949,2,0.0226,5,0.8827,0.0,1
4,1.0833,2,0.0844,4,1.0577,0.0,0
2,1.1251,1,0.0224,2,0.8853,0.0,0
1,0.8827,1,0.0,5,0.8949,0.0,0
4,1.0097,1,0.0343,4,0.8562,0.0,0
3,0.9949,0,0.0064,3,0.9762,0.0002,0
2,1.2761,2,0.0,2,1.071,0.0159,0
2,1.0259,0,-0.0452,3,0.9604,0.0044,0
1,1.3629,0,0.0,0,1.3629,0.0,0
1,0.9707,-1,-0.049,5,1.0588,0.0,0
1,0.9023,-1,0.0226,5,0.8827,0.0,0
2,1.0404,1,0.0274,0,1.0404,0.0057,0
2,1.0447,0,0.0702,5,0.8782,0.0,0
2,1.1499,2,0.0,2,0.8853,0.0,0
2,0.9572,-2,0.0126,4,0.9187,0.0001,0
1,1.0196,0,-0.1355,5,0.9643,0.0,0
1,0.9624,1,0.0,3,1.1469,0.0,0
2,0.9811,-3,-0.0901,3,1.0774,0.0,0
1,1.1874,1,0.0,1,1.3797,0.0,0
1,1.1204,1,0.0,3,0.9971,0.0,0
1,1.2143,1,0.0,5,0.9023,0.0,0
1,1.0,0,-0.1387,4,0.9857,0.0,0
3,1.0501,-1,-0.0216,4,1.0108,0.0,0
1,0.8562,1,0.0,4,0.9489,0.0,0
1,1.1233,1,0.0,3,0.9762,0.0,0
2,0.9521,2,0.0,5,0.8604,0.0758,0
1,1.049,-1,-0.0078,3,1.0501,0.0,0
1,0.7448,1,0.0,13,0.7335,0.0,0
2,0.8674,-1,-0.1287,3,0.7448,0.0,0
1,0.8604,-2,-0.0861,3,0.8836,0.0,0
1,1.3797,-1,0.0962,3,0.9624,0.0,0
1,1.0774,0,-0.0296,3,0.9811,0.0,0
4,0.9165,-1,-0.0237,8,0.8733,0.0,0
3,1.0046,2,-0.0629,4,0.9535,0.0,0
5,0.7325,3,-0.0577,10,0.7416,0.0001,1
3,0.987,-1,-0.025,4,1.0475,0.0,0
1,0.8144,1,0.0,7,0.9212,0.0,0
5,0.988,2,0.0118,2,1.0106,0.038,0
3,1.0336,1,0.0526,4,1.0967,0.0,0
1,1.0804,0,0.0,1,1.0131,0.0,0
2,1.0106,-1,0.0157,5,0.988,0.1508,0
1,0.976,-2,0.0556,7,0.8144,0.0,0
3,1.1153,0,-0.0316,3,0.9624,0.0,0
1,1.107,1,0.0,3,1.1153,0.0,0
3,1.2082,1,0.1372,3,0.987,0.0008,0
3,1.0285,-1,-0.0292,5,1.0002,0.0,0
6,0.8728,1,-0.0221,5,0.8584,0.0214,1
3,0.9656,1,0.0084,3,0.9152,0.0041,0
10,0.7416,-3,0.008,5,0.7325,0.0026,1
4,1.1679,-1,0.0323,5,0.9212,0.0,0
5,0.9212,0,-0.0432,6,0.8728,0.0,0
8,0.8733,2,0.013,4,0.9165,0.0003,1
4,0.978,0,-0.0317,3,0.9535,0.0,0
1,1.332,0,0.157,4,1.0336,0.0,0
3,0.9782,-2,-0.0806,4,1.0415,0.0,0
4,1.0475,0,0.0367,3,0.9798,0.0,0
3,0.9152,0,-0.0035,4,0.9389,0.0006,0
2,0.9197,-2,-0.1103,3,0.9656,0.0003,0
4,0.9159,2,0.0323,4,0.9126,0.001,0
2,1.037,0,0.1217,4,1.0271,0.0,0
2,1.2836,1,0.0962,0,1.2836,0.0,0
4,0.975,0,0.0372,4,0.9113,0.0005,0
4,0.9265,1,0.0058,4,0.9389,0.1382,0
7,0.9212,2,0.0209,1,0.8144,0.0,0
1,1.3629,1,0.0,0,1.3629,0.0,0
4,1.0234,2,-0.0213,4,0.9126,0.0451,0
3,1.0756,2,0.0756,2,0.9197,0.0388,0
1,1.149,0,0.1386,5,0.9159,0.0,0
4,1.0572,1,-0.0347,2,1.0415,0.0,0
4,0.9126,-1,-0.0591,4,0.9159,0.0049,0
3,1.0393,1,0.1135,4,0.9265,0.0001,0
4,1.0967,2,-0.045,3,1.0271,0.0,0
2,1.0481,0,0.0796,3,1.0046,0.0,0
1,1.0678,-1,0.0274,1,1.0131,0.0,0
2,1.0415,1,0.0708,4,0.9782,0.0,0
2,0.9246,-1,0.0464,10,0.7416,0.0007,0
3,1.0271,2,0.1418,4,1.037,0.0,0
1,1.1841,0,0.1067,3,1.0336,0.0,0
1,1.162,1,0.0,10,0.7416,0.0,0
3,1.1301,1,-0.0607,4,0.975,0.0333,0
3,0.9436,1,-0.0242,4,0.9152,0.0036,0
2,1.1218,1,-0.0926,5,0.9212,0.0251,0
5,1.0316,1,-0.0517,3,1.0285,0.0,0
4,0.8311,2,-0.0363,5,0.7325,0.0001,1
2,1.0282,-2,0.0792,4,0.9535,0.0,0
4,1.0513,3,0.0024,2,0.9798,0.0,0
1,1.2769,-1,0.0008,3,1.2082,0.0,0
4,1.0805,3,0.0609,5,0.9212,0.0242,0
3,1.0245,0,0.0274,4,0.8311,0.0,0
1,1.0002,-1,0.0483,3,0.8144,0.0,0
1,1.0042,-2,0.0142,8,0.8733,0.0,0
1,1.0131,1,0.0,1,1.0678,0.0,0
1,0.9151,1,0.0,6,0.8584,0.0,0
1,1.0973,-1,0.1452,4,0.9126,0.0,0
1,1.0899,-1,0.0034,6,0.8728,0.0,0
3,1.1808,0,0.1134,3,1.0393,0.0047,0
1,1.1204,-2,0.1081,4,1.0572,0.0,0
2,0.9798,-1,-0.0703,4,1.0475,0.0,0
1,1.0581,-1,0.0724,3,0.9401,0.0,0
1,1.3743,-1,0.0271,1,1.32,0.0,0
1,1.0625,-1,0.0367,4,0.9113,0.0,0
1,1.1649,1,0.0,1,1.0804,0.0,0
4,0.9389,-2,0.0309,4,0.9152,0.0002,0
2,1.1513,0,0.0,4,1.0513,0.0,0
4,0.9113,3,-0.0491,4,0.975,0.0036,0
1,0.9624,0,0.0,3,1.1153,0.0,0
1,0.9401,1,0.0,3,1.0042,0.0,0
1,1.1185,0,-0.0151,4,0.9165,0.0,0
1,1.32,0,0.1551,1,1.1649,0.0,0
1,0.8584,0,-0.0242,6,0.8728,0.0,0
1,0.9535,0,0.0973,4,0.978,0.0,0
1,1.1029,1,0.0,5,1.0316,0.0,0
1,1.0508,1,0.0,6,0.8728,0.0,0
1,1.2348,-1,0.0583,3,0.9151,0.0,0
6,0.9928,2,-0.0877,4,0.8944,0.0145,0
1,1.1233,0,-0.0257,4,0.9472,0.0,0
4,0.9805,0,-0.0428,5,0.9054,0.0052,0
2,1.0467,1,-0.0337,1,1.1649,0.0457,0
5,1.0681,2,-0.0471,2,1.0774,0.0,0
3,1.1397,0,-0.0412,2,1.0583,0.0047,0
5,0.9731,2,-0.0315,4,0.9624,0.0,0
3,1.1129,1,0.0714,3,0.9433,0.0,0
3,1.1073,-1,0.056,4,1.0108,0.0,0
1,1.1204,0,0.0,3,0.9942,0.0,0
4,0.9615,-1,-0.0265,2,0.9749,0.0548,0
1,1.068,0,-0.0293,5,0.9189,0.0,0
4,0.8765,3,-0.0387,6,0.8499,0.0,1
2,0.9927,-1,-0.0357,3,1.0002,0.0,0
4,1.0448,1,-0.0854,3,0.9373,0.0076,0
3,1.0333,0,0.0088,5,0.8714,0.0,0
5,0.9189,1,0.0063,4,0.9472,0.1427,0
4,0.9624,0,-0.0156,5,0.9731,0.0,0
3,1.0351,-2,0.0035,4,0.9927,0.0,0
3,1.0036,1,-0.0334,3,0.8868,0.0,0
3,0.9373,-1,-0.0377,4,0.8985,0.0326,0
2,1.0041,0,-0.1176,4,0.8944,0.0268,0
3,1.1069,0,0.0798,3,0.8868,0.0,0
3,0.9889,-1,0.05,4,0.8802,0.043,0
3,0.9054,1,-0.0191,6,0.718,0.0036,0
2,0.9516,-1,0.0079,5,0.9141,0.0045,0
1,1.1219,1,0.0,6,0.8499,0.0,0
4,0.8802,0,-0.0463,3,0.9889,0.0406,1
1,1.0002,0,0.0,5,0.9003,0.0,0
7,0.7645,2,0.032,6,0.718,0.0,1
5,0.8714,1,0.0403,7,0.7645,0.0,1
3,0.9942,-1,-0.063,3,1.1129,0.0,0
1,1.0158,-1,0.0052,4,0.9615,0.0,0
4,0.9272,-3,0.0061,5,0.9003,0.0,0
2,1.0519,1,-0.0106,4,0.8985,0.0,0
2,1.0414,2,0.0,4,0.8985,0.0,0
3,0.9952,0,0.08,5,0.9141,0.0002,0
4,0.8985,0,-0.0129,3,0.9373,0.0014,1
6,0.8499,0,-0.0228,4,0.8765,0.0214,1
6,0.9348,-2,0.0615,5,0.8315,0.0002,0
2,1.2836,0,0.0,1,0.9624,0.0,0
2,1.1416,-1,0.108,5,0.8868,0.0,0
6,0.718,-4,-0.0236,7,0.7645,0.0006,1
3,1.0062,-1,-0.0413,4,1.0108,0.0,0
1,0.8087,1,0.0,7,0.718,0.0,0
5,0.9003,4,0.0859,4,0.9272,0.0,0
4,1.083,3,-0.0198,3,1.0351,0.0,0
4,0.8944,-1,-0.0267,6,0.8499,0.0,1
3,1.0326,0,0.0456,3,1.0062,0.0,0
3,1.0017,2,-0.1168,5,0.8315,0.0001,0
1,0.8868,-3,-0.2099,3,1.0036,0.0,0
1,1.1639,-1,0.1357,4,0.9624,0.0,0
2,1.0583,-1,0.019,4,0.8802,0.0001,0
5,0.9141,2,-0.0515,3,0.9516,0.0014,0
1,0.9401,0,-0.064,6,0.9348,0.0,0
2,1.1972,2,0.0,2,0.8868,0.0,0
2,0.9749,2,0.0,4,0.9472,0.0,0
2,1.103,1,0.0522,6,0.8499,0.0061,0
2,1.3471,1,0.0271,1,1.1649,0.0,0
1,1.1841,0,0.0,5,1.0681,0.0,0
5,0.8315,1,-0.085,6,0.9348,0.0,1
1,0.9433,-2,-0.0349,6,0.9928,0.0,0
1,1.0675,-1,0.0194,5,0.9731,0.0,0
3,1.1084,-1,-0.0595,6,0.8944,0.0,0
2,1.0149,0,-0.1365,3,1.1061,0.0,0
1,0.9624,1,0.0,2,1.2836,0.0,0
2,1.1858,-1,-0.0224,3,1.0326,0.0001,0
2,0.9472,-2,0.0313,5,0.9189,0.0,0
4,1.0108,2,0.031,3,1.0062,0.0,0
3,1.0755,0,-0.0,3,0.9639,0.0683,0
1,1.1061,1,0.0,4,0.9272,0.0,0
1,1.3629,0,0.0,0,1.3629,0.0,0
3,0.9639,1,0.0442,5,0.9141,0.0,0
1,1.0678,0,0.0,0,1.0678,0.0,0
1,1.1649,0,0.0,2,1.0467,0.0,0
1,1.332,1,0.0,5,1.0681,0.0,0
1,1.0313,0,0.0911,3,0.9401,0.0,0
1,1.2258,0,0.0638,6,0.718,0.0,0
1,1.0774,0,-0.0296,5,1.0681,0.0,0
2,1.1623,1,-0.1145,2,1.1858,0.0086,0
4,1.0357,1,-0.0399,2,0.971,0.0037,0
5,1.0292,2,0.0919,5,0.8781,0.0245,0
1,1.1184,-2,0.0115,3,0.9475,0.0,0
6,0.9309,2,0.0544,6,0.8067,0.005,0
7,0.9861,2,0.013,2,0.8884,0.0,0
5,0.9574,1,-0.0041,1,0.8905,0.0892,0
3,0.9681,0,-0.0381,5,1.0457,0.0,0
1,1.2166,0,0.0325,3,0.9891,0.0,0
8,0.9245,3,0.0242,1,0.8144,0.0,0
3,1.1179,0,0.0853,3,0.9681,0.0,0
2,0.9891,-3,-0.0791,3,1.0774,0.0,0
6,0.8528,2,-0.0416,6,0.8067,0.0,1
2,0.948,-1,-0.0461,2,1.1204,0.0,0
1,1.0678,1,0.0,1,1.0131,0.0,0
3,0.9475,2,0.0607,3,0.918,0.0,0
4,1.0136,0,0.0331,4,0.9264,0.0034,0
4,0.9136,1,-0.0753,3,0.9731,0.0263,0
2,0.8884,2,0.0,7,0.9861,0.0,0
1,1.1639,-3,0.2015,7,0.8884,0.0,0
1,0.918,1,0.0,3,0.9475,0.0,0
6,0.8067,0,-0.0432,6,0.8526,0.0214,1
5,0.9297,0,0.0156,3,0.971,0.0038,0
8,0.7051,1,-0.0594,7,0.7558,0.0,1
2,1.124,1,-0.1018,4,0.7558,0.0048,0
2,0.9563,-2,-0.0885,5,1.0292,0.0092,0
4,0.9374,-2,-0.0554,6,0.8526,0.0009,0
4,0.942,-1,0.0232,4,0.9767,0.0028,0
3,0.9731,-1,0.0928,4,0.9136,0.0562,0
7,0.7845,2,-0.0869,8,0.7051,0.0001,1
3,1.1263,3,0.0,2,0.9624,0.0,0
2,0.9738,1,0.0336,3,0.9426,0.0,0
3,1.0082,2,0.0649,4,0.9374,0.0,0
5,0.9419,1,0.0435,5,0.8781,0.0029,0
3,0.9264,0,0.0209,4,0.7558,0.0036,0
1,0.8144,1,0.0,8,0.9245,0.0,0
4,1.01,1,0.0083,7,0.8498,0.0001,0
3,1.0682,0,0.0332,4,0.9873,0.0,0
7,0.8498,2,0.0183,4,0.9426,0.0,1
3,0.9426,-3,0.0078,7,0.8498,0.0003,0
1,1.1225,-1,0.0196,6,0.8067,0.0,0
2,1.1092,1,0.0031,2,1.1122,0.0,0
2,0.971,-1,0.0071,5,0.9297,0.0,0
2,1.2836,2,0.0,0,1.2836,0.0,0
2,0.9328,0,-0.0713,6,0.8528,0.0268,0
1,1.1667,1,0.0,2,0.9104,0.0,0
1,0.8781,1,0.0,5,0.934,0.0,0
2,1.0716,0,-0.1142,3,1.1166,0.0002,0
3,0.9968,0,0.0015,5,0.9136,0.0316,0
3,0.9767,1,0.0295,4,0.8905,0.0498,0
1,1.0603,0,-0.0616,6,0.8067,0.0,0
2,0.8526,2,0.0,6,0.8067,0.0001,0
1,1.0747,1,0.0,3,0.9475,0.0,0
2,1.0431,-1,-0.0642,5,1.0457,0.0,0
2,1.139,-1,0.0261,3,0.948,0.0,0
2,1.1122,0,0.0974,2,1.0431,0.0,0
4,1.0584,0,-0.0246,3,1.0682,0.0,0
1,1.0358,1,0.0,0,1.0358,0.0,0
3,1.1166,1,-0.0458,2,1.0716,0.0044,0
5,1.0457,1,0.0349,3,0.9681,0.0,0
1,1.0675,0,0.0,7,0.9328,0.0,0
1,1.0131,-1,-0.0337,2,1.0678,0.0,0
1,1.1029,-2,-0.0056,6,0.8528,0.0,0
2,0.7558,-4,0.0378,8,0.7051,0.0,0
2,1.2012,1,0.0363,1,1.0131,0.0378,0
2,1.1315,2,0.0,3,0.9731,0.0,0
2,0.9104,-1,-0.1229,7,0.7845,0.0,0
3,1.1628,1,0.0212,3,0.918,0.0,0
2,0.9707,2,0.0,2,0.9104,0.0,0
1,0.7694,0,-0.0393,8,0.7051,0.0,0
1,1.1314,-2,0.1278,3,0.918,0.0,0
2,0.9873,0,-0.0055,3,1.0682,0.0,0
1,1.0804,1,0.0,1,1.0131,0.0,0
1,0.9624,0,0.0,3,1.1263,0.0,0
1,1.0774,0,0.0,3,0.9891,0.0,0
2,0.9834,2,0.0,5,0.9297,0.0068,0
1,1.1204,0,0.0,2,0.948,0.0,0
1,1.3743,-1,0.0271,2,1.2012,0.0,0
2,1.0874,0,0.0291,3,0.9731,0.0001,0
1,1.0274,1,0.0,4,0.9738,0.0,0
1,0.8905,-1,-0.0844,5,0.9574,0.0,0
1,1.2063,0,-0.1256,3,0.918,0.0,0
1,1.3629,1,0.0,0,1.3629,0.0,0
1,1.0925,0,-0.0309,5,0.8905,0.0,0
1,1.1576,-1,-0.0396,3,0.9475,0.0,0
1,0.934,-1,-0.1179,5,0.8781,0.0,0
1,1.0086,1,0.0,5,0.934,0.0,0
3,0.8765,-1,-0.0609,4,0.8799,0.0044,0
4,0.8799,2,0.0273,5,0.7615,0.0005,1
2,1.0247,1,0.1067,3,1.011,0.0,0
1,1.149,-2,0.1723,5,0.9093,0.0,0
4,1.0152,1,0.0471,4,1.0557,0.0,0
2,0.98,0,0.0471,4,0.9186,0.0335,0
1,1.1184,0,-0.0131,3,1.0247,0.0,0
5,0.9093,1,-0.0328,2,0.9841,0.121,0
6,1.0212,1,-0.008,3,0.9279,0.0131,0
3,0.9561,2,-0.1114,6,0.9718,0.0,0
7,0.7669,0,-0.0177,6,0.6626,0.0,1
3,1.075,3,0.0,2,0.9586,0.0014,0
2,0.9391,1,-0.1212,5,0.7615,0.0003,0
1,0.9475,-2,0.0048,8,0.8755,0.0,0
1,1.1336,-1,0.2452,6,0.9718,0.0,0
3,1.0366,0,0.0891,2,1.011,0.0,0
6,0.6626,-2,-0.0425,7,0.7669,0.0,1
5,0.7615,-1,-0.0452,6,0.8365,0.0,1
2,1.1315,0,0.0,2,1.001,0.0,0
3,0.8817,-5,-0.0427,3,0.9291,0.0,0
4,0.9271,2,0.0167,7,0.7669,0.0,0
6,0.951,1,0.0212,3,0.8748,0.0002,0
3,1.036,0,-0.0323,5,1.0002,0.0,0
3,1.0654,1,-0.0062,3,1.0923,0.0003,0
1,1.0428,-1,0.0594,6,0.8748,0.0,0
2,1.1392,-1,0.0213,4,1.0152,0.0,0
4,0.9034,3,-0.0307,3,0.9279,0.0054,0
4,1.0557,-1,0.01,4,0.9938,0.0,0
3,1.0108,1,-0.1282,3,1.0919,0.0,0
2,1.089,1,0.0759,2,1.0678,0.0765,0
1,1.3629,0,0.0,0,1.3629,0.0,0
1,0.8805,1,0.0,4,0.9971,0.0,0
2,0.9857,0,0.0119,3,0.9475,0.0,0
5,0.9063,3,0.1505,6,0.6626,0.0378,0
6,0.9718,-1,-0.0143,3,0.9561,0.0,0
1,1.2063,1,0.0,3,0.9624,0.0,0
8,0.8755,1,0.0257,3,0.8629,0.0,1
4,1.0873,2,-0.0249,2,0.9938,0.0,0
2,0.9841,-2,-0.0295,5,0.8812,0.004,0
2,0.9693,2,0.0,6,0.8365,0.0015,0
6,0.8365,0,-0.0944,5,0.7615,0.0024,1
4,0.8743,0,-0.0393,2,0.8748,0.02,1
3,1.105,0,-0.0212,3,0.9624,0.0,0
2,1.3471,0,0.1459,2,1.089,0.0363,0
3,0.9279,-2,-0.014,6,0.9034,0.0,0
5,1.0423,1,-0.0162,3,1.036,0.0,0
3,0.9781,1,0.0071,6,0.951,0.0,0
3,0.9291,2,0.1148,3,0.8817,0.0,0
2,0.9938,0,-0.0494,4,1.0557,0.0,0
3,1.0231,1,0.0341,3,1.011,0.0,0
3,1.0919,0,0.0837,3,0.8765,0.0,0
2,0.9586,-2,-0.077,3,0.9746,0.0,0
1,0.7694,0,0.0,7,0.6626,0.0,0
1,1.1204,-1,0.1723,3,1.0108,0.0,0
3,0.9353,3,0.0,3,0.8817,0.0,0
2,1.0327,-1,0.0359,6,0.8743,0.0464,0
2,1.2836,0,0.0,0,1.2836,0.0,0
2,1.1546,0,0.0306,5,0.8812,0.0492,0
2,1.011,-1,-0.1518,3,1.0231,0.0,0
4,0.9186,-2,0.0657,5,0.7615,0.0,0
2,1.0699,0,-0.0393,4,1.0873,0.0,0
2,0.8812,-1,-0.0452,5,0.9063,0.0,0
2,0.9815,1,-0.1852,4,0.9271,0.0,0
1,1.0246,0,-0.0979,6,0.7615,0.0,0
3,0.8629,-1,-0.1471,8,0.8755,0.0,0
1,1.1841,0,0.1067,3,1.0231,0.0,0
1,1.0002,-1,0.0129,3,0.9353,0.0,0
2,0.9845,2,0.0,4,0.9034,0.0,0
1,0.9746,1,0.0,3,0.9586,0.0,0
4,1.0,3,0.1095,2,0.8805,0.0298,0
2,1.001,-1,0.0279,4,0.8743,0.0,0
2,1.1189,2,0.0,3,0.8629,0.0,0
1,1.1245,-1,0.0371,2,1.001,0.0,0
1,1.1366,1,0.0,3,1.105,0.0,0
1,1.1323,0,0.0295,5,0.8765,0.0,0
1,0.8748,1,0.0,6,0.8743,0.0,0
1,1.0374,1,0.0,5,0.9093,0.0,0
2,1.1972,1,-0.0194,3,1.011,0.0,0
1,0.9624,0,0.0,3,1.105,0.0,0
3,1.0923,0,-0.0242,3,1.0654,0.014,0
1,1.1371,0,0.0167,2,0.9815,0.0,0
2,0.9971,-3,0.0398,4,0.8805,0.0108,0
1,1.0678,0,0.0,2,1.089,0.0,0
1,0.8342,1,0.0,6,0.8365,0.0,0
1,1.3964,-1,0.4401,6,1.0212,0.0,0
1,1.0358,1,0.0,0,1.0358,0.0,0
1,0.9157,1,0.0,4,0.9615,0.0,0
3,1.0659,1,0.0802,2,0.9717,0.0001,0
4,0.9288,1,0.0009,4,0.923,0.0049,0
6,0.8879,-2,0.0124,5,0.9029,0.0,1
5,0.968,2,0.0118,5,0.9835,0.0,0
1,0.9834,0,-0.054,2,0.9689,0.0,0
5,0.9578,0,0.0515,5,0.648,0.0295,0
6,0.7924,1,0.0309,6,0.8286,0.0,1
3,1.0123,0,-0.0531,2,1.0279,0.0001,0
4,1.0327,2,0.0389,3,1.0212,0.0,0
2,0.9376,0,-0.0735,2,1.037,0.0,0
4,0.9615,0,-0.0385,2,0.9157,0.0338,0
10,0.7676,3,0.0007,5,0.648,0.0004,1
1,0.9868,-1,0.0023,4,0.923,0.0,0
1,1.1124,1,0.0,2,1.1276,0.0,0
4,0.9486,0,0.0215,10,0.7676,0.0,0
4,0.923,0,0.0197,4,0.9288,0.0002,0
1,1.0911,1,0.0,4,0.923,0.0,0
2,0.948,-1,-0.0627,3,1.0804,0.0,0
4,0.9806,2,0.0113,4,0.8286,0.0011,0
2,0.9985,0,0.0399,5,0.9717,0.0001,0
4,1.105,2,0.104,4,0.8805,0.0,0
6,0.9322,3,-0.0031,3,0.8467,0.0,0
3,1.0646,2,-0.0725,1,1.1204,0.0,0
5,0.9835,-1,0.0117,5,0.968,0.0,0
2,1.015,-1,0.1385,6,0.8441,0.0231,0
4,1.0578,-1,0.0155,4,0.9744,0.0,0
2,1.1815,0,-0.0157,2,0.9376,0.0,0
4,0.8805,0,0.0061,4,0.9002,0.02,1
4,0.9679,-2,-0.0533,4,0.9288,0.0182,0
2,1.0471,-2,-0.0402,4,1.0327,0.0,0
2,1.0399,-1,-0.0525,3,1.0123,0.0012,0
3,0.8467,0,-0.0824,6,0.9322,0.0,0
1,1.0358,0,0.0,0,1.0358,0.0,0
4,1.0691,0,0.0539,3,1.0212,0.0,0
5,0.648,-1,-0.0147,10,0.7676,0.0,1
3,1.0848,1,-0.0341,5,0.9029,0.0,0
3,1.0212,-1,-0.0345,4,1.0327,0.0,0
3,0.9267,3,0.0,4,0.9636,0.0007,0
4,0.9636,2,0.0824,5,0.9267,0.0177,0
1,1.1366,0,0.0,3,0.9888,0.0,0
2,1.2836,2,0.0,0,1.2836,0.0,0
1,0.9624,1,0.0,2,1.0766,0.0,0
5,0.9805,2,0.0023,3,0.8916,0.0004,0
1,1.2063,0,0.0,3,0.9888,0.0,0
2,1.1276,0,0.0576,2,1.0471,0.0,0
1,1.1903,1,0.0,3,0.8467,0.0,0
5,0.9029,2,0.04,6,0.8879,0.0,0
2,1.0706,1,-0.3259,4,0.9679,0.0087,0
1,1.0911,1,0.0,6,0.7924,0.0,0
2,1.0021,0,-0.0306,4,0.8805,0.0,0
1,0.9414,1,0.0,3,1.0913,0.0,0
3,1.0913,1,0.0023,1,0.9414,0.1273,0
2,1.0078,-3,0.0986,3,0.9157,0.0002,0
2,1.0257,0,0.0285,4,0.9615,0.0857,0
1,0.8916,0,-0.1512,5,0.9002,0.0,0
1,1.0747,1,0.0,2,0.9376,0.0,0
2,1.037,0,0.0123,2,0.9376,0.0,0
4,0.8286,-2,-0.0078,6,0.7924,0.0032,1
6,0.8773,2,-0.0026,6,0.7924,0.0018,1
2,1.1383,-1,0.1017,2,0.9376,0.0,0
4,1.0615,3,-0.0708,4,0.8441,0.0,0
1,1.0002,0,0.0,6,0.9322,0.0,0
2,0.9857,1,0.0382,6,0.8879,0.0,0
3,0.8441,-1,-0.0744,6,0.7924,0.0,0
1,1.3743,-1,0.0271,3,1.0913,0.0,0
1,1.2647,1,0.0,4,0.9288,0.0,0
2,0.9717,2,0.0,3,0.9985,0.0,0
2,0.8837,0,-0.0554,6,0.7924,0.0,0
1,1.0616,0,-0.0874,4,0.9157,0.0,0
1,1.1214,1,0.0,3,1.0123,0.0,0
3,1.0804,0,-0.0115,2,0.948,0.0,0
2,1.0279,0,-0.1113,4,1.0123,0.0,0
2,0.9689,0,-0.0152,4,0.9267,0.0358,0
1,0.9744,-2,-0.0616,4,1.0002,0.0,0
3,0.9888,0,-0.1162,2,1.0766,0.0,0
3,1.0141,-3,0.0631,5,0.8916,0.0001,0
2,1.1409,-1,0.1178,3,0.9376,0.0,0
1,1.1204,0,0.0,3,0.948,0.0,0
1,1.096,-1,0.1161,5,0.8441,0.0,0
1,1.3629,1,0.0,0,1.3629,0.0,0
1,1.0563,-1,-0.0752,4,1.105,0.0,0
2,0.8747,2,0.0,4,0.8286,0.0,0
1,1.1841,0,0.0,3,0.9888,0.0,0
2,1.0766,2,0.0,3,0.9624,0.0,0
1,0.9002,0,0.0254,4,0.8805,0.0,0
4,0.912,-2,0.0241,6,0.8541,0.0,0
5,1.0603,1,-0.0013,3,0.9555,0.0,0
1,1.2212,-1,0.0397,3,0.9637,0.0,0
2,0.9457,0,-0.026,3,0.9298,0.0,0
9,0.91,3,-0.0222,0,0.91,0.0,0
3,0.9334,-1,0.0104,4,0.9356,0.0002,0
3,1.0959,-1,0.0268,3,0.95,0.0,0
2,1.0668,-2,0.009,5,0.9873,0.0,0
7,0.9287,2,-0.0291,3,0.7364,0.0038,0
2,1.0105,2,0.0,3,0.8908,0.0,0
1,1.3629,0,0.0,0,1.3629,0.0,0
3,1.1893,0,0.098,0,1.1893,0.052,0
2,0.959,0,-0.0099,3,0.9445,0.0054,0
7,0.9417,2,-0.0262,2,1.0264,0.0,0
1,1.0358,0,0.0,0,1.0358,0.0,0
3,1.074,1,0.0461,5,0.9985,0.0,0
13,0.7252,3,-0.0423,3,0.7364,0.0001,1
2,1.0034,0,0.0553,2,1.0307,0.0,0
7,0.7993,1,0.0069,6,0.8146,0.0,1
2,1.2123,2,0.0,2,0.9346,0.0,0
2,0.9346,-1,-0.1502,6,0.8541,0.0,0
3,0.9565,-1,-0.0071,7,0.9287,0.0021,0
5,0.8146,1,-0.0141,7,0.7993,0.0005,1
4,0.9448,3,-0.042,3,0.9334,0.0,0
1,1.1233,0,0.0617,5,0.9157,0.0,0
1,0.9555,-2,0.1113,7,0.7993,0.0,0
1,1.2364,0,0.0523,3,0.9968,0.0,0
3,0.9054,-1,0.025,2,0.8494,0.026,0
3,0.9356,-1,0.0069,3,0.9334,0.0051,0
6,0.8464,0,-0.0309,7,0.7993,0.0018,1
5,0.9985,2,-0.0138,3,1.074,0.0018,0
1,1.2063,0,0.0,3,0.9968,0.0,0
2,1.112,1,-0.0783,2,1.1142,0.0,0
1,0.9379,0,-0.0244,3,1.0942,0.0,0
2,1.0196,0,0.0118,3,0.9157,0.0038,0
2,1.1008,-2,-0.0042,3,0.9054,0.1955,0
3,0.9445,0,0.0178,3,0.9565,0.0007,0
3,1.052,1,0.0369,6,0.8464,0.0017,0
2,1.2836,0,0.0,0,1.2836,0.0,0
1,1.0356,-1,0.0099,5,0.9448,0.0,0
8,0.9716,3,-0.0088,3,0.9298,0.0903,0
2,0.9873,1,0.0129,2,1.0668,0.0,0
1,0.8494,0,-0.0508,3,0.8828,0.0,0
2,1.1142,0,-0.0133,2,1.0491,0.0,0
3,1.036,0,-0.0286,2,1.0105,0.0,0
1,1.0299,-1,-0.0407,3,1.0323,0.0,0
1,1.0246,-3,0.0441,6,0.8146,0.0,0
2,1.0491,0,0.002,5,1.0505,0.0,0
1,1.0892,-1,-0.0491,3,0.9637,0.0,0
1,1.1093,-1,0.0694,5,0.9985,0.0,0
5,1.0505,1,0.0178,3,0.95,0.0,0
3,0.9064,1,0.0227,7,0.7993,0.0063,0
5,0.9621,1,0.0007,1,0.9157,0.034,0
1,1.1191,0,-0.0175,3,0.9968,0.0,0
6,0.8541,1,-0.0487,4,0.912,0.0,1
2,0.9738,0,-0.0119,4,0.912,0.0,0
1,1.0676,1,0.0,3,0.8494,0.0,0
6,0.9119,4,0.0372,5,0.8146,0.0001,0
3,0.95,0,-0.0712,5,1.0505,0.0,0
1,0.8817,1,0.0,7,0.7993,0.0,0
3,1.0323,-1,0.0644,3,0.9356,0.0004,0
1,1.0295,0,-0.0616,7,0.7993,0.0,0
3,0.9637,1,0.0262,2,1.0247,0.0,0
3,0.9968,0,0.008,3,1.0942,0.0,0
2,1.0307,-1,-0.0497,3,1.0034,0.0,0
3,1.0021,0,-0.012,8,0.8494,0.0015,0
1,0.7364,-4,0.0884,13,0.7252,0.0,0
3,0.8908,-1,-0.0578,13,0.7252,0.0,0
3,1.0847,0,0.0188,2,0.9457,0.0001,0
2,1.1453,2,0.0,2,1.0676,0.0,0
3,1.0942,1,0.0176,3,0.9379,0.0,0
2,1.0264,-3,0.043,7,0.9417,0.0,0
1,1.1027,0,0.028,3,0.9637,0.0,0
1,1.1366,1,0.0,3,1.0942,0.0,0
3,1.0651,2,-0.026,3,0.9334,0.0292,0
2,0.9298,0,-0.0687,8,0.9457,0.0,0
2,1.0247,2,0.0,3,0.9637,0.0,0
1,0.8828,-1,-0.1193,3,0.8494,0.0,0
1,1.2343,-1,0.0934,3,0.9637,0.0,0
1,1.0789,0,-0.0171,7,0.9064,0.0,0
1,0.9157,0,0.0,5,0.9621,0.0,0
2,1.2119,2,0.0,2,0.9346,0.0,0
6,0.7972,-1,-0.0021,5,0.7976,0.0,1
3,1.0337,0,0.0369,4,0.9126,0.0,0
2,1.112,2,0.0,5,0.8527,0.0,0
4,0.8994,-2,-0.0125,5,0.7976,0.0,1
10,0.6748,-3,-0.0505,5,0.8495,0.0001,1
5,1.0339,0,0.0354,3,1.0445,0.0018,0
3,1.0567,0,-0.028,2,0.9738,0.0,0
2,1.0368,-1,-0.0283,5,0.934,0.0001,0
1,0.9126,0,-0.3217,3,1.0247,0.0,0
9,0.8793,3,0.0252,2,0.9346,0.0,1
1,1.3743,-2,0.1849,1,1.0678,0.0,0
3,1.0724,1,0.0232,4,1.016,0.0,0
3,0.9814,-2,-0.0789,3,0.9947,0.0,0
7,0.9757,0,0.0339,3,0.9947,0.0,0
3,1.0547,1,-0.012,3,0.9814,0.0,0
4,1.0152,1,0.0652,3,1.016,0.0,0
1,0.8846,-2,-0.0599,5,0.9326,0.0,0
4,1.079,2,-0.0353,3,1.0724,0.0,0
4,1.1413,3,0.0737,2,0.8616,0.0428,0
2,1.1771,-1,0.0812,4,1.0152,0.0,0
2,0.9346,0,0.0,9,0.8793,0.0,0
3,0.9663,-2,0.0042,2,0.8637,0.0338,0
1,1.1434,0,0.1078,4,0.9575,0.0,0
3,1.016,-2,-0.0344,4,1.0152,0.0,0
3,0.9702,1,0.0403,7,0.9269,0.0,0
5,0.8527,-4,-0.0573,4,0.9745,0.0,1
3,1.05,1,0.0304,2,0.8637,0.0002,0
4,0.8921,3,0.1558,10,0.6748,0.0002,1
1,1.0678,1,0.0,1,1.3743,0.0,0
4,0.9621,-3,0.0334,5,0.8921,0.0043,0
3,0.9947,2,-0.0841,7,0.9403,0.0171,0
5,0.7976,0,-0.0169,6,0.7972,0.0005,1
2,0.9986,-1,-0.0375,2,0.9765,0.0,0
2,1.2131,1,-0.0233,3,0.9126,0.0,0
2,0.9765,0,-0.034,5,0.8495,0.0,0
5,0.934,2,0.0006,4,0.9575,0.0017,0
3,1.0206,0,0.085,5,0.934,0.0034,0
3,1.017,0,0.015,7,0.8616,0.0,0
2,1.0521,2,0.0,5,0.8495,0.0,0
1,1.1204,-1,0.117,2,0.9605,0.0,0
1,1.221,0,0.1852,1,1.0358,0.0,0
4,0.8996,-2,0.0532,6,0.7972,0.0008,1
4,0.9575,0,0.0127,5,0.934,0.1451,0
7,0.9269,-1,-0.0447,3,0.9702,0.003,0
4,1.0835,1,-0.0107,3,0.9379,0.0,0
4,0.9745,4,0.0,5,0.8527,0.0,0
1,0.8637,0,-0.2596,3,0.9663,0.0,0
1,0.9379,0,0.0,4,1.0835,0.0,0
2,0.9992,2,0.0,4,0.8994,0.0002,0
1,1.0002,-1,0.0129,4,0.9745,0.0,0
1,0.9475,-3,0.0355,9,0.8793,0.0,0
1,1.0747,0,-0.1465,3,0.9126,0.0,0
4,0.8648,3,-0.0168,6,0.7972,0.0002,1
2,0.9356,-1,0.0302,4,0.8616,0.0017,0
3,0.9405,2,-0.0842,5,0.7976,0.0,0
5,0.9326,2,-0.0239,4,0.8846,0.0025,0
1,1.1667,1,0.0,2,0.9986,0.0,0
3,1.07,0,0.018,4,0.8996,0.0186,0
1,1.107,0,-0.0296,4,1.0835,0.0,0
3,0.9787,0,-0.0536,3,1.0206,0.0004,0
1,1.1874,-1,-0.0962,1,1.3797,0.0,0
3,1.0516,0,0.0878,2,0.9126,0.0,0
1,1.0358,1,0.0,1,1.221,0.0,0
3,1.0445,0,-0.0294,5,1.0339,0.0,0
3,1.0447,2,0.0892,6,0.7972,0.0,0
2,0.9524,1,0.0695,3,0.8616,0.0309,0
2,1.0065,1,0.0908,3,0.8637,0.0023,0
5,0.8495,2,-0.0414,10,0.6748,0.0,1
1,1.0889,1,0.0,1,1.221,0.0,0
2,0.9403,-1,0.0339,6,0.7972,0.0003,0
1,0.8179,0,-0.2116,6,0.7972,0.0,0
1,0.8616,0,0.0122,4,0.9356,0.0,0
1,0.9746,-1,0.0288,3,0.9702,0.0,0
2,1.0247,0,0.0,3,0.9126,0.0,0
1,1.1841,0,0.065,4,1.0337,0.0,0
2,0.9605,0,-0.0703,3,1.07,0.0,0
2,0.9977,2,0.0,3,0.9702,0.0,0
1,1.3797,1,0.0,1,1.1874,0.0,0
1,1.3629,1,0.0,0,1.3629,0.0,0
2,0.9738,0,0.0,3,0.9475,0.0,0
1,1.2063,1,0.0,4,0.9379,0.0,0
1,1.0104,-1,0.0514,5,0.8846,0.0,0
2,1.0796,-1,0.1133,3,0.934,0.0335,0
6,0.9699,2,0.0077,4,0.7232,0.0036,0
3,0.9652,-1,0.0656,6,0.7329,0.0004,0
4,1.0533,0,0.0381,2,0.9464,0.0,0
7,0.7985,2,0.0009,6,0.7329,0.0,1
2,0.9588,-1,-0.0979,3,0.9126,0.0,0
1,0.9744,-2,-0.0804,5,0.9787,0.0,0
5,0.9494,-2,-0.0262,5,0.9359,0.0,0
3,1.0519,2,-0.1147,2,1.0956,0.0,0
2,1.2836,1,-0.0962,0,1.2836,0.0,0
3,1.0345,-2,0.0005,4,1.0323,0.0002,0
4,0.9407,-1,0.0081,6,0.9076,0.0006,0
5,0.9885,-2,0.0615,5,0.9002,0.0027,0
6,0.9396,2,-0.0179,5,0.934,0.0737,0
2,0.9464,-1,-0.0697,5,1.0513,0.0,0
2,1.0875,-2,0.0086,5,1.0513,0.0,0
2,0.9836,-1,-0.0863,5,0.9272,0.0021,0
3,1.0221,1,0.0616,2,0.9836,0.0,0
4,1.0781,3,-0.1428,1,1.0358,0.0076,0
8,0.6639,-2,-0.0109,7,0.7232,0.0001,1
2,0.9363,2,0.0,3,0.9032,0.0,0
6,0.9283,2,-0.0462,3,0.8642,0.0,0
3,0.7329,-3,-0.0643,7,0.7985,0.0,0
2,1.0603,-1,0.0396,5,0.8995,0.0029,0
3,1.047,1,0.0733,2,0.9484,0.0,0
1,1.0296,-1,0.0319,5,0.9126,0.0,0
6,0.8193,2,-0.0455,7,0.7329,0.0002,1
4,1.0323,1,-0.0123,3,1.0345,0.0002,0
1,0.9126,0,-0.062,5,0.9575,0.0,0
7,0.7934,2,-0.0561,8,0.6639,0.0,1
7,0.8549,-2,-0.0244,3,0.9032,0.0,1
1,1.185,-2,0.135,3,0.9076,0.0,0
3,1.1488,-1,0.0075,2,0.9144,0.0068,0
1,1.0828,-3,-0.0007,3,0.9135,0.0,0
2,1.1802,2,0.0,2,1.0052,0.0097,0
2,1.0956,0,0.097,3,1.0371,0.0,0
1,0.934,0,-0.2094,6,0.9396,0.0,0
2,0.9484,1,0.001,7,0.8549,0.0,0
1,1.021,-1,0.0854,3,0.9144,0.0,0
2,1.0371,0,-0.015,7,0.7934,0.0,0
2,0.8591,1,0.0412,7,0.7329,0.0002,0
6,0.9852,4,-0.014,3,0.8263,0.0,0
1,1.3629,1,0.0,0,1.3629,0.0,0
1,0.9834,1,0.0,6,0.9407,0.0,0
1,1.1516,0,-0.0325,3,1.0736,0.0,0
1,1.0002,0,0.0,6,0.9283,0.0,0
3,1.0736,0,0.0399,2,0.9376,0.0,0
5,0.9985,0,0.0645,6,0.8995,0.0019,0
3,0.8642,-2,0.0115,6,0.9283,0.0,0
2,1.0052,-1,0.0265,2,0.8995,0.0001,0
2,0.7232,-2,-0.1689,8,0.6639,0.0,0
3,1.1158,3,0.0,1,0.9135,0.0,0
2,1.2277,2,0.0,5,0.9363,0.0,0
5,0.9359,2,-0.0588,5,0.9248,0.0226,0
5,0.9575,2,-0.0126,5,0.9126,0.0571,0
2,1.0655,-1,0.014,2,0.9376,0.0,0
2,0.9258,0,-0.0266,2,0.9144,0.0,0
2,0.9376,1,0.025,3,1.0247,0.0,0
2,0.9464,1,0.0827,3,0.9725,0.0,0
2,1.1815,0,-0.0316,3,0.9376,0.0,0
5,0.9787,2,-0.0027,5,0.9272,0.0,0
2,0.9144,1,0.0528,3,0.9002,0.0402,0
1,0.9002,1,0.0,5,0.9144,0.0,0
2,1.0551,0,-0.122,4,1.0323,0.0,0
2,0.9829,-1,-0.0341,5,0.9002,0.0058,0
2,1.0247,0,0.0,2,0.9376,0.0,0
1,0.9076,0,0.023,4,0.9407,0.0,0
1,1.107,0,0.0,3,1.0828,0.0,0
3,0.8263,-1,-0.0731,7,0.7985,0.0007,0
1,1.2063,0,0.0,3,0.9135,0.0,0
1,0.9135,0,-0.0244,3,1.0828,0.0,0
5,1.0513,2,-0.021,2,0.9464,0.0,0
3,0.9272,0,-0.1175,5,0.7329,0.0,0
2,0.8917,2,0.0,8,0.6639,0.0001,0
1,1.2687,0,0.2583,4,0.9076,0.0,0
3,0.9725,1,-0.0339,2,0.9464,0.0026,0
1,0.8995,-1,-0.1373,5,0.9985,0.0,0
1,1.0074,-1,-0.1046,3,0.8642,0.0,0
1,1.0747,0,0.0,2,0.9376,0.0,0
3,0.9032,1,-0.0314,7,0.8549,0.0,0
1,1.1903,1,0.0,3,0.8642,0.0,0
2,1.1276,2,0.0,2,1.0074,0.0,0
1,1.0358,0,0.0,4,1.0781,0.0,0
1,0.9248,-1,-0.0155,5,0.7329,0.0,0
1,0.8342,1,0.0,6,0.8263,0.0,0
2,0.9415,1,0.0419,5,0.9918,0.0304,0
1,1.1749,0,0.2614,3,0.9379,0.0,0
6,0.8893,1,-0.0467,5,0.8498,0.0245,1
1,1.1058,0,0.07,3,1.0358,0.0,0
1,0.9157,0,-0.2693,3,0.9076,0.0,0
3,1.0118,-3,0.0265,3,0.7706,0.0,0
1,1.2017,-1,0.1141,4,0.9833,0.0,0
1,1.1874,-1,-0.0962,1,1.3797,0.0,0
1,1.1366,1,0.0,3,1.1154,0.0,0
4,1.0744,2,-0.0212,2,1.0093,0.0,0
3,1.0773,-1,0.024,3,0.9592,0.0,0
1,1.2555,1,0.0,2,1.0093,0.0,0
10,0.7852,3,-0.0082,9,0.7346,0.0001,1
3,1.1115,1,-0.0161,1,0.9833,0.0,0
4,1.0285,-1,-0.0228,3,0.9592,0.0,0
4,0.7709,-3,-0.0276,6,0.7706,0.0,1
1,1.0249,-2,-0.0096,5,0.9815,0.0,0
5,0.9815,1,-0.0507,3,1.0249,0.0003,0
9,0.9014,3,-0.0269,1,1.05,0.0,0
5,0.8498,2,-0.0774,6,0.7906,0.0,1
9,0.7346,1,0.0708,10,0.7852,0.0002,1
3,0.9478,-2,-0.0016,6,0.8893,0.0,0
1,1.2382,1,0.0,3,1.0002,0.0,0
2,1.2119,0,-0.0158,3,0.9478,0.0,0
3,1.0073,0,0.0348,2,0.9157,0.0041,0
3,1.0836,1,0.0286,5,0.9815,0.0,0
2,1.0247,2,0.0,4,1.0015,0.0,0
1,0.9379,1,0.0,3,1.1154,0.0,0
1,0.8526,1,0.0,5,0.9223,0.0,0
2,0.8456,0,-0.0135,4,0.7709,0.0002,0
2,0.7706,2,0.0,6,0.7709,0.0,0
3,0.9592,1,0.0128,4,1.0285,0.0,0
3,1.1154,0,-0.0005,3,0.9379,0.0,0
1,1.165,1,0.0,1,1.0249,0.0,0
4,0.9177,1,-0.0475,6,0.7906,0.0013,0
1,0.9679,1,0.0,4,0.7709,0.0,0
7,0.9246,2,-0.033,4,0.9763,0.0036,0
2,0.9763,1,0.0637,7,0.9246,0.0,0
1,1.0358,1,0.0,1,1.1058,0.0,0
2,1.1516,1,-0.1171,4,0.8819,0.0009,0
4,0.8819,0,-0.0588,3,0.9076,0.0006,1
2,1.2131,1,0.0615,3,1.0311,0.0,0
2,1.0093,-1,-0.0426,4,1.0744,0.0,0
6,0.7959,0,-0.0233,4,0.7706,0.0,1
3,1.047,0,0.0,3,0.9484,0.0,0
1,1.0563,-2,-0.0925,3,1.0002,0.0,0
2,0.9373,1,0.0124,6,0.7906,0.0022,0
3,0.9726,1,0.0139,3,0.9763,0.0,0
3,0.9136,2,0.0794,3,0.8916,0.0,0
2,1.0277,0,0.1361,9,0.7346,0.0,0
3,0.953,1,-0.0307,5,0.8498,0.0337,0
4,0.9985,-1,0.01,7,0.9071,0.0348,0
3,0.8916,0,0.0654,4,0.7706,0.0001,0
4,0.7906,1,0.0577,6,0.7709,0.0,1
2,0.9484,0,0.0,4,0.8916,0.0,0
6,0.8603,3,-0.0429,4,0.8916,0.0,1
1,1.2166,0,0.1096,3,1.0311,0.0,0
3,0.9587,-3,-0.0112,4,0.8355,0.0003,0
2,0.933,0,-0.0134,3,0.9157,0.0,0
3,1.1405,1,-0.0396,0,1.1405,0.0006,0
2,1.0244,1,0.05,2,1.0386,0.0,0
5,0.9918,0,-0.0067,4,0.8526,0.0001,0
2,1.0386,-3,0.0599,6,0.8498,0.0,0
1,1.1156,1,0.0,3,0.9136,0.0,0
3,1.0002,1,0.0858,2,0.9071,0.0388,0
3,1.0311,2,-0.0517,3,1.1154,0.0,0
4,0.8916,-3,0.0367,6,0.8603,0.0,1
1,1.3797,1,0.0,1,1.1874,0.0,0
4,1.0015,2,0.064,2,1.0247,0.0,0
3,1.0689,-1,-0.0092,1,1.1058,0.0015,0
1,1.1434,-1,0.0638,3,0.933,0.0,0
1,0.9564,0,-0.027,4,0.8819,0.0,0
3,0.9734,2,0.0394,4,0.8526,0.0099,0
1,0.9071,-1,-0.0758,4,0.9258,0.0,0
4,0.9223,-2,-0.0173,5,0.8526,0.0521,0
2,0.9258,0,0.0,3,0.9071,0.0,0
1,0.9833,1,0.0,3,1.1115,0.0,0
1,1.0411,-2,0.0191,3,0.953,0.0,0
1,1.2343,-2,0.1606,4,1.0015,0.0,0
1,1.3629,1,0.0,0,1.3629,0.0,0
1,1.05,-2,0.1858,9,0.9014,0.0,0
1,1.0074,0,-0.1829,3,1.05,0.0,0
1,1.1652,1,0.0,1,1.0249,0.0,0
1,0.9076,0,0.0,4,0.8819,0.0,0
2,0.9768,2,0.0,6,0.8603,0.0,0
1,1.0747,0,0.0,4,1.0015,0.0,0
1,0.8355,-1,0.1123,9,0.7346,0.0,0
2,1.0979,0,0.0377,5,0.9415,0.0023,0
1,1.049,0,0.028,3,0.9258,0.0,0
1,1.1749,0,0.0,3,0.9379,0.0,0
7,0.8347,1,-0.0256,2,0.8907,0.0,1
3,1.0724,0,0.0722,4,0.8872,0.0007,0
7,0.7327,3,-0.0382,5,0.8199,0.0,1
2,1.0701,-1,-0.0135,5,1.0023,0.0,0
7,0.8897,1,0.0005,4,0.8133,0.0285,1
10,0.7873,1,0.0526,7,0.7189,0.0003,1
4,0.9634,3,0.0477,3,1.0213,0.1767,0
3,0.9547,0,0.0017,4,0.8133,0.0227,0
5,0.9593,1,0.0369,5,0.9009,0.062,0
2,0.7937,2,0.0,7,0.7189,0.0,0
4,1.0127,0,-0.0158,5,1.0427,0.0,0
2,0.8537,-2,0.0631,7,0.7327,0.0,0
2,1.0428,1,-0.0072,6,0.8374,0.0,0
4,0.8133,-1,-0.0365,7,0.8303,0.0,1
3,1.0213,0,0.0139,4,0.9634,0.0041,0
7,0.7189,-3,-0.0663,10,0.7873,0.0,1
5,0.9009,2,-0.0725,5,0.9593,0.0052,0
2,1.0491,-1,-0.0624,2,1.1228,0.0,0
6,0.9226,-1,-0.002,3,0.9991,0.0003,0
5,0.8445,2,-0.0472,7,0.7327,0.0001,1
3,0.9939,1,-0.0447,7,0.8133,0.0,0
4,1.1161,1,0.0472,1,1.077,0.0142,0
3,1.0284,2,-0.0872,3,0.8936,0.0,0
4,0.8293,2,0.0587,7,0.7327,0.0,1
1,1.1315,0,-0.0334,2,1.0827,0.0,0
2,1.0247,0,0.0,3,0.9383,0.0,0
1,1.0002,-1,-0.0242,3,0.9939,0.0,0
6,0.8374,-3,-0.0639,3,1.0279,0.0,1
3,1.0895,0,0.0584,3,0.9383,0.0,0
1,0.9383,0,-0.296,3,1.0226,0.0,0
2,1.1321,1,-0.1233,3,1.0277,0.0,0
5,1.0023,0,0.0208,2,1.0701,0.0001,0
1,0.8907,-3,-0.0008,7,0.8347,0.0,0
2,1.1228,1,-0.0789,4,1.0127,0.0,0
2,1.2119,-1,0.2641,7,0.8897,0.0,0
1,1.2382,0,0.0,3,1.0724,0.0,0
5,1.012,0,0.0202,5,0.9593,0.0027,0
3,0.8756,-1,-0.0063,3,0.94,0.0006,0
3,1.0226,-1,0.0211,2,0.9383,0.0,0
5,1.0174,3,0.069,2,0.8907,0.0,0
3,0.8303,1,-0.1069,7,0.8133,0.0003,0
1,1.0127,1,0.0,6,0.9226,0.0,0
4,0.8872,3,-0.0199,3,0.9991,0.0017,1
2,1.0429,-1,-0.0344,5,1.0427,0.0,0
3,1.08,0,-0.0354,3,0.9379,0.0,0
3,0.94,0,-0.0187,3,0.8756,0.0006,0
3,0.8936,0,-0.02,5,0.8445,0.0,0
5,0.8199,-1,0.0239,7,0.7327,0.0,1
2,1.0228,1,0.0664,3,0.8756,0.0539,0
1,1.0747,1,0.0,3,0.9383,0.0,0
3,0.8998,-1,-0.0178,5,0.8133,0.0016,0
1,0.9379,0,0.0,3,1.08,0.0,0
2,1.0044,0,-0.2075,2,0.9821,0.0,0
3,0.9094,2,0.0739,10,0.7873,0.0001,0
2,0.9463,2,0.0,7,0.7189,0.0,0
2,1.0672,-2,-0.0072,3,0.7937,0.0,0
1,1.1841,0,-0.0325,3,1.08,0.0,0
2,1.2836,1,-0.0962,0,1.2836,0.0,0
3,1.0277,1,0.0183,2,1.0672,0.0,0
2,0.9574,-1,-0.0152,2,0.9846,0.0,0
1,1.0502,-2,0.0385,5,0.8293,0.0,0
2,0.9007,0,0.055,7,0.7327,0.0,0
1,1.185,-1,0.0334,4,0.8756,0.0,0
5,1.0427,2,0.0836,4,1.0127,0.0,0
3,0.9991,-1,0.0006,6,0.8872,0.0043,0
2,1.0827,1,0.0578,5,1.0023,0.0036,0
1,1.2764,1,0.0,4,1.1161,0.0,0
1,1.1587,1,0.0,3,0.9379,0.0,0
2,1.0471,-1,-0.0934,1,1.3274,0.0,0
1,1.0328,-1,0.0914,5,1.0038,0.0,0
3,1.0279,3,0.0,6,0.8374,0.0,0
2,1.0285,0,0.0522,6,0.9226,0.0028,0
1,1.3629,0,0.0,0,1.3629,0.0,0
2,1.1276,2,0.0,2,1.0428,0.0,0
2,1.1972,0,-0.0159,3,0.9383,0.0,0
1,1.0038,-1,-0.0942,5,1.012,0.0,0
2,0.9846,-1,-0.0625,5,0.9574,0.0,0
1,1.107,0,-0.0296,3,1.08,0.0,0
1,1.049,-1,0.1232,4,0.8872,0.0,0
1,1.1551,1,0.0,3,1.0284,0.0,0
1,1.3274,1,0.0,2,1.0038,0.0,0
1,1.077,0,-0.0288,4,1.0358,0.0,0
1,1.0358,0,0.0,1,1.077,0.0,0
2,0.9821,2,0.0,7,0.8347,0.0,0
3,0.836,1,-0.0177,6,0.74,0.0,0
5,0.8171,0,-0.0027,6,0.751,0.0001,1
4,0.9396,1,0.0302,7,0.8069,0.0,0
5,0.8869,-2,-0.0028,5,0.74,0.0002,1
2,1.1153,0,0.0723,5,1.0277,0.0,0
5,0.8394,2,0.0091,5,0.74,0.0005,1
3,0.9723,2,0.034,2,1.0247,0.0,0
2,1.019,-1,-0.0534,4,0.8862,0.024,0
4,1.0171,3,-0.06,3,1.0358,0.0324,0
1,1.1435,0,0.2056,4,1.0638,0.0,0
4,0.8914,-2,0.054,6,0.9201,0.0,1
9,0.6771,2,-0.0418,7,0.8069,0.0,1
6,0.855,-1,0.0203,4,0.8957,0.0,1
2,0.9754,-3,-0.0269,5,1.0277,0.0,0
4,0.8878,2,-0.0585,9,0.6771,0.0,1
7,0.8069,-3,0.0196,9,0.6771,0.0002,1
5,0.9866,0,0.0274,5,0.8749,0.0574,0
6,0.7654,2,-0.0639,6,0.751,0.0,1
2,0.9531,-3,-0.0589,5,0.9866,0.0028,0
3,0.9486,-3,0.026,5,0.9256,0.0003,0
6,0.9201,3,-0.1078,4,0.8914,0.0,0
2,1.0865,0,0.0193,4,0.8878,0.0,0
2,1.0773,1,-0.0542,2,1.0827,0.0012,0
4,0.8662,-1,0.0217,6,0.751,0.0,1
1,1.185,0,0.0,4,0.9408,0.0,0
2,1.0256,-1,0.0043,4,0.9547,0.0042,0
2,0.948,-1,0.0724,5,0.9231,0.0291,0
5,1.0575,3,-0.0653,2,0.9321,0.0,0
5,0.74,1,-0.0734,5,0.836,0.0,1
3,1.0814,0,0.0537,2,0.9707,0.0,0
1,0.9408,1,0.0,4,0.948,0.0,0
6,1.0106,3,-0.0178,2,0.8163,0.0,0
2,1.0054,2,0.0,5,0.8749,0.0,0
2,0.9987,2,0.0,4,0.8862,0.0577,0
5,1.0277,3,-0.0424,2,0.9754,0.0,0
3,0.9997,1,0.0151,3,0.949,0.0,0
3,1.1589,-1,0.0428,4,1.0171,0.0144,0
2,1.1525,1,0.1488,2,0.9531,0.0052,0
1,0.9854,-2,0.0918,6,0.8163,0.0,0
1,1.0074,-1,-0.0353,4,0.8914,0.0,0
1,0.9819,-1,0.0812,6,0.751,0.0,0
2,0.8163,1,-0.2339,6,0.7654,0.0,0
1,1.2061,1,0.0,2,0.9321,0.0,0
2,0.9736,-2,-0.0391,5,1.0552,0.0,0
5,0.9309,3,-0.0976,3,0.9486,0.0,0
1,1.0329,0,-0.2945,2,1.0613,0.0,0
2,1.0827,0,0.0,2,0.9754,0.0036,0
6,0.751,-1,0.0183,6,0.7654,0.0,1
4,1.0552,-1,0.0124,2,0.9736,0.0,0
2,1.0609,-1,-0.0285,3,0.9723,0.0,0
2,1.1974,1,0.0133,2,1.0609,0.0,0
2,0.9484,1,0.0577,6,0.855,0.0,0
5,0.8749,0,-0.0259,5,0.9866,0.0048,1
2,1.0247,0,0.0,3,0.9723,0.0,0
2,0.9707,0,-0.1614,3,1.0814,0.0,0
1,1.1667,1,0.0,3,0.9215,0.0,0
1,1.1366,1,0.0,4,1.0638,0.0,0
3,1.0659,-2,0.0484,3,0.9484,0.0,0
4,1.0638,3,-0.0949,2,1.1304,0.0,0
2,0.8727,-1,-0.0271,5,0.74,0.0009,0
1,1.1516,0,0.0446,4,1.0638,0.0,0
1,1.1874,-1,-0.0962,1,1.3797,0.0,0
1,1.0428,0,0.0301,5,0.9309,0.0,0
1,0.9868,1,0.0,5,0.8749,0.0,0
2,0.9768,0,-0.0276,4,0.8957,0.0,0
3,0.9215,0,-0.0332,5,0.74,0.0024,0
1,0.8584,1,0.0,6,0.9854,0.0,0
2,0.9873,-1,-0.0066,5,0.74,0.0,0
2,1.1304,-1,0.0504,4,1.0609,0.0,0
1,1.0613,1,0.0,2,1.0329,0.0,0
4,0.9547,0,-0.0087,2,0.9408,0.0026,0
4,0.8862,0,-0.001,2,0.9256,0.0038,1
1,1.3797,1,0.0,1,1.1874,0.0,0
5,0.9231,2,-0.0169,4,0.9396,0.0355,0
2,0.949,0,-0.0084,5,0.9309,0.0,0
1,1.0406,1,0.0,5,0.8749,0.0,0
1,1.049,0,0.0,4,0.8862,0.0,0
1,1.3629,0,0.0,0,1.3629,0.0,0
2,1.078,0,-0.0496,1,0.9321,0.0,0
1,1.0747,0,0.0,3,0.9723,0.0,0
1,0.9321,-1,-0.117,5,1.0575,0.0,0
1,1.083,1,0.0,5,0.9256,0.0,0
4,0.8957,2,-0.0864,6,0.855,0.0,1
1,1.1184,-2,0.0957,3,0.9723,0.0,0
1,1.343,0,0.0665,3,1.1589,0.0,0
1,0.9256,-2,-0.0734,4,0.8862,0.0,0
2,1.2119,0,0.0,5,0.8869,0.0,0
1,1.0358,0,0.0,4,1.0171,0.0,0
9,0.7132,0,0.0361,7,0.6914,0.0,1
2,0.8176,2,0.0,4,0.8339,0.0,0
4,0.9052,-2,0.0502,3,0.8176,0.0,0
5,0.9968,0,-0.0309,3,1.0449,0.0,0
7,0.924,1,0.0039,4,0.9004,0.0,0
4,0.9943,1,0.022,2,1.0247,0.0,0
3,0.6914,3,0.0,9,0.7132,0.0,0
1,1.1435,0,0.0,4,0.9135,0.0,0
4,0.9004,0,0.009,7,0.924,0.0,0
1,1.0625,-1,0.0369,4,0.9407,0.0,0
2,1.025,0,-0.0577,3,1.0407,0.0,0
2,1.1063,0,-0.1056,4,0.9173,0.0,0
3,0.8927,-1,0.0049,9,0.6914,0.0,0
1,0.9588,0,-0.3841,5,1.094,0.0,0
5,0.8029,0,-0.0142,5,0.7655,0.0002,1
5,0.9577,1,0.0715,2,0.8125,0.0319,0
6,0.9282,1,0.0051,1,0.8604,0.0038,0
5,0.7337,1,-0.1325,5,0.7655,0.0,1
3,0.9996,0,-0.0001,4,0.9588,0.0,0
1,1.1874,0,-0.1924,1,1.3797,0.0,0
4,0.9658,-2,-0.0447,2,0.8342,0.0,0
4,1.0748,1,-0.0066,2,0.9242,0.0,0
6,0.9175,1,-0.0134,4,0.9588,0.0003,0
3,1.0732,1,-0.0421,5,0.9968,0.0,0
5,0.7655,-1,0.0145,5,0.7337,0.0,1
2,1.0989,1,0.0915,4,0.9004,0.0,0
5,0.9817,0,-0.0049,7,0.8946,0.0793,0
3,1.0423,-2,-0.0151,3,0.9771,0.0,0
2,0.9502,0,-0.0371,5,0.6922,0.0,0
4,1.0799,2,-0.0505,3,1.0845,0.0,0
5,0.7977,-1,0.0323,5,0.7337,0.0,1
3,0.8339,-1,-0.0618,4,0.8176,0.0,0
3,0.9899,0,0.0413,6,0.8125,0.005,0
2,0.9939,1,0.0531,4,0.8604,0.0,0
6,0.7839,1,-0.0555,5,0.6922,0.0006,1
3,1.0379,0,-0.028,3,0.9618,0.0,0
2,1.0722,1,0.0854,7,0.8946,0.0236,0
5,0.6922,0,-0.0477,6,0.7839,0.0,1
1,0.9242,-1,-0.0465,4,1.0748,0.0,0
2,0.8125,1,-0.1131,5,0.9577,0.0361,0
2,0.8471,0,0.0308,5,0.7337,0.0,0
2,0.9898,1,0.0044,5,0.7337,0.0,0
3,1.0845,-1,0.0207,4,0.9135,0.0,0
5,1.094,2,-0.0649,3,0.9588,0.0059,0
2,0.9933,0,0.0165,3,0.8176,0.0,0
3,0.9976,-1,-0.0195,5,1.077,0.03,0
3,0.9771,1,0.0036,3,1.0423,0.0,0
7,0.8401,0,0.0332,9,0.7132,0.0,1
7,0.8946,2,0.0197,5,0.9817,0.0344,1
3,1.0449,1,0.0694,5,0.9968,0.0003,0
1,1.1662,0,-0.04,2,0.9065,0.0,0
2,1.0086,0,-0.0779,4,0.6914,0.0,0
3,0.9617,1,0.0087,5,0.9817,0.0,0
2,1.0316,2,0.0,4,0.8342,0.0,0
4,0.9173,-1,0.0304,6,0.6922,0.0191,0
1,0.9174,0,-0.0645,6,0.7655,0.0,0
1,1.1225,1,0.0,4,0.9658,0.0,0
1,0.9731,1,0.0,7,0.8401,0.0,0
3,0.8691,1,-0.0037,5,0.6922,0.0013,0
2,0.9618,0,0.0134,4,0.9052,0.0,0
4,0.9407,0,-0.0141,2,0.9939,0.0027,0
2,1.0247,2,0.0,4,0.9943,0.0,0
3,0.8672,0,0.0312,6,0.6922,0.0,0
2,1.229,0,0.0316,4,1.0799,0.0,0
1,1.3797,1,0.0,1,1.1874,0.0,0
3,1.0663,-1,0.0111,3,0.9771,0.0,0
1,1.2017,0,0.2696,3,0.9065,0.0,0
1,0.9883,-2,0.0668,5,0.6922,0.0,0
1,1.2335,-1,0.081,3,0.9617,0.0,0
1,1.0747,0,0.0,4,0.9943,0.0,0
4,0.9588,2,0.0098,6,0.9175,0.0003,0
1,0.9065,-1,-0.1715,2,1.044,0.0,0
2,1.1626,1,-0.004,1,0.9242,0.0,0
2,1.0106,1,-0.0223,1,1.2335,0.0317,0
1,1.1191,0,-0.0325,4,1.0799,0.0,0
1,1.0358,1,0.0,1,1.077,0.0,0
1,1.044,1,0.0,3,0.9065,0.0,0
1,1.077,0,0.0412,3,0.9976,0.0,0
1,1.2985,1,0.0,2,1.0106,0.0,0
1,1.0563,-1,0.0373,5,0.9577,0.0,0
1,1.1542,1,0.0,6,0.8604,0.0,0
1,0.8604,-1,-0.0877,6,0.9282,0.0,0
1,0.8342,0,-0.0242,4,0.9658,0.0,0
1,1.107,0,-0.0296,3,1.0845,0.0,0
1,1.1125,-1,0.1138,5,0.8125,0.0,0
1,0.7704,1,0.0,5,0.7337,0.0,0
1,0.9135,1,0.0,3,1.0845,0.0,0
1,1.0407,-1,-0.0366,2,1.025,0.0,0
5,1.0,-1,0.0719,3,0.8886,0.0267,0
7,0.7668,2,-0.0309,5,0.7293,0.0,1
2,0.888,1,0.1176,4,0.7293,0.0,0
2,0.9717,-1,-0.0662,4,1.0052,0.0,0
5,0.964,3,-0.0446,2,0.6962,0.0,0
12,0.7376,3,0.0244,4,0.6962,0.0,1
4,0.789,-1,0.0235,7,0.7072,0.0,1
2,1.0156,-2,0.1152,6,0.8349,0.0,0
1,1.0358,0,0.0,1,1.1346,0.0,0
3,0.8171,1,-0.0005,4,0.8719,0.0,0
1,1.1121,0,-0.0314,3,0.9135,0.0,0
3,1.1102,1,0.0112,2,0.9321,0.0,0
3,0.9426,2,-0.0162,5,0.9974,0.0263,0
2,1.1496,-2,0.2323,7,0.7335,0.0265,0
1,1.1667,0,0.1784,3,0.7335,0.0,0
7,0.7503,1,-0.0337,5,0.7072,0.0005,1
3,0.8886,3,0.0,5,0.9061,0.0001,0
4,1.0465,2,0.0149,2,0.8827,0.0,0
5,0.8056,3,-0.0415,7,0.7293,0.0,1
1,1.1346,0,0.0576,4,0.9839,0.0,0
2,0.9637,-1,-0.0786,5,1.0356,0.0,0
3,0.8719,1,-0.1215,4,0.8171,0.0,0
1,0.9507,-3,0.0455,4,0.8171,0.0,0
4,0.8885,2,0.076,3,0.9532,0.0071,1
3,0.9532,-2,-0.0045,4,0.8885,0.0021,0
2,1.0549,1,-0.0576,4,0.8885,0.0017,0
3,0.9225,1,-0.0673,5,0.7293,0.0,0
5,0.9548,1,0.0141,1,1.0721,0.1186,0
2,0.7099,-1,-0.1827,12,0.6962,0.0,0
4,0.9314,2,-0.1409,7,0.913,0.0258,0
5,1.0069,0,0.0101,2,1.053,0.0,0
2,1.081,1,-0.1525,2,0.9921,0.0036,0
4,0.7293,-1,-0.0044,7,0.7668,0.0,1
3,1.0391,1,0.0141,2,1.0552,0.0001,0
2,0.9486,-2,-0.0173,5,0.8056,0.0,0
3,0.7335,-2,0.0413,7,0.7072,0.0,0
5,0.9974,0,-0.0966,4,0.9426,0.0047,0
4,0.8977,1,0.0638,3,0.8171,0.0,1
5,1.0467,2,0.0696,2,0.9637,0.0,0
5,0.7072,2,-0.16,7,0.7335,0.0242,1
3,0.8592,-2,0.0563,7,0.7072,0.0001,0
1,1.0747,1,0.0,3,0.9383,0.0,0
2,1.053,-1,-0.0202,5,1.0069,0.0,0
2,0.961,-1,-0.0289,4,0.8885,0.0006,0
6,0.8349,-1,-0.0892,3,1.0156,0.0,1
2,1.1122,-2,0.0374,5,0.964,0.0,0
2,1.1424,0,0.1318,2,1.081,0.0302,0
3,1.0052,0,0.0056,5,0.9366,0.0,0
2,1.0247,0,0.0,3,0.9383,0.0,0
4,0.9839,1,-0.0136,5,0.9974,0.0179,0
3,1.0974,-1,0.0174,3,0.9383,0.0,0
1,1.1013,1,0.0,4,0.9839,0.0,0
2,1.0337,0,-0.0726,3,0.8719,0.0,0
2,1.0552,-1,0.0103,5,1.0069,0.0005,0
4,0.9061,-3,0.066,12,0.7376,0.0,0
1,0.8254,1,0.0,7,0.913,0.0,0
7,0.913,0,0.0184,4,0.8254,0.077,0
2,0.997,-3,0.0153,7,0.8254,0.0994,0
4,1.0289,2,0.067,2,0.9507,0.0,0
2,1.1089,1,-0.0928,2,0.9321,0.0,0
2,0.6962,-1,0.0048,12,0.7099,0.0,0
2,0.9921,-1,0.0304,2,0.8254,0.0,0
5,0.9366,1,-0.0223,3,0.9627,0.0003,0
2,0.9627,-4,0.0452,5,0.9366,0.0,0
1,0.9383,1,0.0,3,1.0247,0.0,0
3,0.8369,0,-0.0322,5,0.7072,0.0192,0
2,1.1783,1,0.0592,3,1.0386,0.0,0
1,0.9991,1,0.0,7,0.913,0.0,0
1,1.0002,-1,0.05,3,0.7335,0.0,0
1,0.9135,0,0.0,3,1.0386,0.0,0
2,1.0526,1,0.1283,2,0.9831,0.0,0
3,1.0279,3,0.0,6,0.8349,0.0,0
2,0.9646,2,0.0,5,0.9366,0.0001,0
3,1.0386,0,-0.046,3,0.9135,0.0,0
2,1.0356,1,-0.0083,2,0.9321,0.0,0
1,0.8827,0,0.0485,4,0.9225,0.0,0
2,1.1138,-1,0.0475,5,1.0467,0.0,0
1,1.1587,1,0.0,3,0.9135,0.0,0
2,0.9831,0,-0.1795,2,1.0526,0.0,0
3,1.0504,-1,0.0562,2,0.9383,0.0,0
2,0.8653,1,-0.0521,7,0.7072,0.0,0
1,1.3797,1,0.0,1,1.1874,0.0,0
1,0.9321,0,0.0256,3,1.0356,0.0,0
1,1.253,-1,0.024,3,0.9383,0.0,0
1,1.2204,0,0.0979,4,0.9486,0.0,0
1,0.9408,0,0.0805,5,1.0,0.0,0
1,1.0721,-1,0.0782,5,0.9408,0.0,0
1,1.1874,0,-0.1924,1,1.3797,0.0,0
1,1.107,0,0.0,3,1.0386,0.0,0
1,1.1366,1,0.0,4,1.0418,0.0,0
8,0.772,1,0.0052,6,0.7522,0.0,1
6,0.8568,3,-0.015,2,0.8582,0.0,1
3,1.0715,1,0.0163,2,0.9764,0.0,0
3,0.8359,0,-0.001,5,0.7053,0.0184,0
4,1.0556,-1,0.0089,3,0.9735,0.0,0
3,1.112,0,0.0735,4,0.9113,0.0,0
1,1.0601,-2,0.0097,3,0.918,0.0,0
4,0.9466,3,-0.1255,2,1.0065,0.002,0
7,0.9294,3,0.0409,1,0.951,0.0028,0
2,1.0065,1,0.0656,4,0.9466,0.0,0
7,0.9292,0,0.0162,4,0.8648,0.0059,0
2,1.0482,0,-0.0606,2,0.9714,0.0,0
2,1.1043,1,-0.0624,3,0.7972,0.039,0
9,0.9,4,-0.0974,3,0.8472,0.0082,0
7,0.9268,2,-0.0098,3,0.9699,0.0,0
3,0.7522,-1,-0.0368,8,0.7053,0.0,0
2,1.0784,0,0.0628,7,0.865,0.0,0
4,1.1047,2,0.0521,2,0.9242,0.0,0
4,0.9923,0,-0.0541,3,0.8827,0.0,0
1,0.8827,0,0.0,4,0.9106,0.0,0
3,0.9962,-2,-0.0039,5,0.9176,0.0039,0
2,1.072,-1,0.0328,3,1.0715,0.0001,0
3,0.9699,0,-0.0353,7,0.9268,0.0,0
7,0.865,1,0.0302,3,1.0683,0.0,1
3,0.7365,1,0.0266,10,0.6883,0.0,0
2,1.1351,0,0.0229,4,0.8565,0.0,0
10,0.7349,-2,-0.0027,4,0.6883,0.0,1
4,0.8648,0,-0.0666,7,0.9292,0.0282,1
1,1.0747,0,0.0,3,0.9723,0.0,0
7,0.8211,0,0.0708,5,0.7053,0.0175,1
5,0.7053,0,-0.0019,7,0.7522,0.0242,1
3,0.8496,1,-0.0157,7,0.7053,0.0001,0
1,0.918,-1,-0.1067,3,0.9723,0.0,0
4,0.8565,-1,-0.1075,3,0.6883,0.0,1
2,0.9685,-1,0.0461,6,0.7543,0.0,0
1,1.1877,1,0.0,4,0.9923,0.0,0
2,0.9735,0,0.0098,4,0.9714,0.0,0
3,1.0683,0,0.0404,7,0.865,0.0,0
4,0.8568,0,-0.0493,10,0.7349,0.0,1
3,1.029,0,-0.0812,2,1.0784,0.0,0
5,0.9176,2,0.029,4,0.8568,0.0004,0
6,0.7543,2,0.025,8,0.7522,0.0,1
3,0.9732,1,0.0015,3,0.9699,0.0,0
3,1.1322,1,0.0184,4,1.029,0.0,0
1,1.0625,-4,0.1078,4,0.9466,0.0,0
2,1.0163,1,-0.085,3,0.9092,0.0004,0
3,0.9106,1,-0.038,5,0.8146,0.0,0
4,1.0418,3,-0.1169,3,1.112,0.0,0
5,0.8146,0,0.009,8,0.7543,0.0,1
1,1.2022,-1,0.2101,2,0.9531,0.0,0
1,0.9714,-1,-0.0642,2,0.9735,0.0,0
3,0.9723,2,0.034,1,0.9113,0.0,0
2,0.8153,-1,-0.0439,8,0.7053,0.0,0
2,0.6883,0,-0.0079,10,0.7349,0.0,0
1,1.133,1,0.0,7,0.9292,0.0,0
4,1.029,2,-0.024,3,0.9764,0.0,0
2,0.9514,-1,0.1343,6,0.8568,0.0,0
2,1.1228,1,0.1907,3,0.9714,0.0,0
1,1.0038,-1,0.0068,7,0.9292,0.0,0
1,0.8963,-1,0.0083,6,0.7522,0.0,0
1,1.1874,0,-0.1924,1,1.3797,0.0,0
1,1.0876,-1,-0.062,7,0.7972,0.0,0
1,0.9242,-1,-0.0588,4,1.1043,0.0,0
1,0.8472,-2,-0.0954,9,0.9,0.0,0
1,1.3797,1,0.0,1,1.1874,0.0,0
1,1.1346,1,0.0,2,0.9092,0.0,0
3,1.0379,-1,0.009,3,0.9469,0.0,0
1,0.9092,0,-0.2254,3,0.9928,0.0,0
2,0.8582,-2,-0.0395,6,0.8568,0.0,0
3,0.9928,-1,0.0089,9,0.9,0.0267,0
2,1.0024,2,0.0,4,0.8648,0.0029,0
1,1.1805,1,0.0,4,0.9923,0.0,0
2,1.0765,0,0.1138,7,0.9268,0.0,0
1,1.1749,0,0.2614,4,1.0418,0.0,0
2,1.0471,0,-0.0339,1,1.2022,0.0001,0
1,0.951,-1,-0.01,7,0.9294,0.0,0
2,1.1974,0,0.0191,3,0.9113,0.0,0
3,0.7972,0,0.0637,7,0.7053,0.0,0
2,0.9531,1,0.1277,7,0.9292,0.1885,0
1,1.0367,-2,0.0835,7,0.9294,0.0,0
1,1.1314,1,0.0,3,0.9113,0.0,0
1,0.9113,-2,-0.186,3,0.9723,0.0,0
2,0.9764,-3,-0.0305,4,1.029,0.0,0
2,1.0353,0,0.0017,6,0.8568,0.0,0
2,0.9469,1,-0.0038,3,0.8582,0.0,0
1,1.0358,1,0.0,1,1.1346,0.0,0
1,1.1191,0,0.0121,4,1.0418,0.0,0
1,1.0013,-1,-0.0536,7,0.9294,0.0,0
1,1.2985,-1,0.1561,2,1.0471,0.0,0
3,1.0351,-1,-0.0205,5,1.0535,0.0,0
4,0.9482,0,0.0016,3,0.9888,0.0002,0
4,0.684,2,-0.0043,8,0.7002,0.0,1
2,1.0914,1,-0.0891,4,0.8342,0.0,0
1,1.3306,1,0.0,1,0.9671,0.0,0
4,1.0226,0,-0.0192,3,1.0575,0.0,0
2,0.9712,0,-0.077,5,1.0535,0.0,0
5,1.0535,3,0.0801,3,0.9712,0.0,0
8,0.7504,3,-0.0642,6,0.7485,0.0,1
1,0.9863,-1,-0.0609,1,1.0329,0.0,0
2,0.9577,1,0.0067,7,0.9314,0.0002,0
2,0.7002,-1,-0.0363,8,0.684,0.0,0
2,1.0166,0,-0.0187,7,0.8512,0.0,0
7,0.9314,0,0.002,2,0.9577,0.0026,0
4,1.0129,0,0.0206,3,0.8342,0.0,0
5,0.9179,-2,-0.0113,6,0.8748,0.0002,0
8,0.9565,1,0.0297,4,0.951,0.0,0
4,1.0576,3,0.1333,1,1.083,0.0,0
3,1.0377,2,0.0339,5,0.8748,0.0006,0
1,1.2569,1,0.0,4,1.0226,0.0,0
5,0.998,1,-0.031,3,1.0357,0.0,0
1,1.0976,-1,-0.0067,4,0.7935,0.0,0
2,1.1187,1,-0.0159,2,0.9051,0.0,0
9,0.8788,0,-0.0212,4,0.93,0.0049,1
1,0.951,-1,-0.1254,8,0.9565,0.0,0
4,0.93,1,-0.0628,9,0.8788,0.0373,0
6,0.7485,0,-0.0057,8,0.7504,0.0,1
2,1.0431,-1,0.0052,3,0.9685,0.0,0
4,0.9518,1,-0.0181,8,0.9565,0.0,0
4,0.9943,1,0.022,2,1.0247,0.0,0
6,0.9133,2,0.0486,5,0.9179,0.0316,0
1,1.1366,0,0.0,4,1.0226,0.0,0
8,0.7778,-2,0.0429,4,0.684,0.0,1
8,0.6843,3,-0.021,5,0.7584,0.0062,1
1,1.1877,0,0.0,4,1.0129,0.0,0
6,0.9236,3,-0.1447,4,0.8905,0.0,0
3,0.9685,1,0.0216,2,0.8582,0.0,0
3,0.9164,-1,0.0596,8,0.7778,0.0,0
3,0.8393,1,0.024,8,0.6843,0.0051,0
3,1.1115,1,0.0331,4,0.8905,0.0,0
3,0.9888,1,-0.0177,4,0.9482,0.003,0
3,1.0964,1,-0.0387,6,0.7939,0.0,0
3,0.9905,0,0.0173,4,0.9518,0.0,0
2,0.8707,-3,-0.047,3,0.9164,0.0,0
3,0.9746,3,0.0,3,0.8707,0.0004,0
3,1.0575,0,-0.0546,4,1.0226,0.0,0
7,0.8512,1,-0.0056,2,0.8582,0.0,1
2,1.0247,1,-0.1067,4,0.9943,0.0,0
4,0.8711,1,0.119,8,0.6843,0.0001,1
5,0.8401,-2,0.019,8,0.6843,0.0002,1
3,0.8587,0,-0.0519,8,0.7504,0.0,0
1,0.8748,-1,-0.0783,5,0.9179,0.0,0
6,0.7939,2,-0.0626,4,0.684,0.0,1
3,1.0357,1,0.0593,5,0.998,0.0,0
2,0.9051,1,-0.0041,4,0.93,0.0036,0
1,1.0358,0,0.0,2,1.1187,0.0,0
4,0.8163,-4,0.0443,8,0.7485,0.0,1
4,0.8905,-3,0.0254,6,0.9236,0.0,1
2,0.8297,0,-0.1388,8,0.7485,0.0,0
3,0.9186,0,0.0827,8,0.6843,0.0081,0
1,1.1976,-1,0.1813,4,0.9051,0.0,0
1,1.2017,1,0.0,2,0.9577,0.0,0
2,1.064,-1,-0.0075,3,0.9671,0.0,0
1,0.9671,-1,-0.1049,2,1.064,0.0,0
1,1.0747,1,0.0,4,0.9943,0.0,0
2,1.2407,2,0.0,0,1.2407,0.0155,0
3,0.7584,0,-0.0912,8,0.6843,0.0,0
1,1.1237,1,0.0,6,0.7935,0.0,0
1,1.2405,0,0.1528,5,0.7935,0.0,0
1,1.1874,0,0.0,1,1.3797,0.0,0
2,1.0307,0,0.0283,6,0.9133,0.0029,0
2,0.7935,-1,-0.0037,8,0.6843,0.0,0
2,1.0037,-1,0.0075,3,0.8707,0.004,0
1,1.2067,1,0.0,1,0.9863,0.0,0
1,1.1435,0,-0.0314,4,1.0226,0.0,0
2,1.0984,0,-0.0244,2,0.9577,0.0,0
2,1.1656,0,-0.0318,3,1.0575,0.0,0
1,1.0911,0,0.2084,4,0.8297,0.0,0
2,0.8582,0,-0.0932,7,0.8512,0.0,0
1,0.9577,-2,-0.0713,3,1.0984,0.0,0
1,1.139,-2,0.0068,5,0.998,0.0,0
1,1.083,-3,-0.0217,4,1.0576,0.0,0
1,1.2318,0,0.0988,5,0.9179,0.0,0
1,1.0329,0,-0.1693,3,0.8748,0.0,0
1,1.3797,0,0.0,1,1.1874,0.0,0
1,1.1841,0,0.065,4,1.0226,0.0,0
1,0.8342,1,0.0,4,1.0129,0.0,0
1,1.3797,1,0.0,1,1.1874,0.0,0
3,1.0756,0,0.1071,2,0.9201,0.0,0
4,0.9588,-3,0.0274,5,0.9269,0.0006,0
8,0.9092,2,-0.0041,2,0.9636,0.0393,0
8,0.8612,1,0.01,2,0.9201,0.0,1
5,0.6535,3,-0.0467,7,0.7137,0.0,1
7,0.775,-1,-0.0028,6,0.6535,0.0,1
4,0.7867,-1,-0.0533,6,0.6503,0.0004,1
1,1.2204,1,0.0,4,1.0924,0.0,0
9,0.8373,0,-0.0414,4,0.9035,0.0033,1
1,1.1233,-2,0.1487,6,0.8367,0.0,0
7,0.7405,-1,-0.01,7,0.7769,0.0,1
6,0.8543,0,-0.0693,3,1.0321,0.0,1
2,0.9201,2,0.0,8,0.8612,0.0,0
1,1.0143,1,0.0,6,0.7678,0.0,0
2,0.9839,0,-0.0327,8,0.8612,0.0,0
6,0.9341,2,-0.0177,4,0.9374,0.0,0
2,1.0795,-1,-0.032,3,1.0321,0.0,0
3,0.8277,0,-0.0116,7,0.6503,0.0015,0
2,1.0596,1,-0.1809,4,0.7867,0.0279,0
2,1.2082,1,-0.1224,2,1.2631,0.0116,0
7,0.8037,3,-0.0126,7,0.7405,0.0,1
1,0.989,-2,0.0704,6,0.6503,0.0,0
6,0.9718,3,-0.017,1,1.0086,0.0001,0
1,1.1844,1,0.0,2,1.2067,0.0,0
5,0.9269,3,-0.0309,4,0.9002,0.0008,0
2,1.0247,0,0.0,4,1.0151,0.0,0
1,1.2976,1,0.0,8,0.9092,0.0,0
2,1.058,-1,0.0229,4,1.0202,0.0,0
1,1.044,0,-0.1577,3,1.0445,0.0,0
3,1.0963,2,-0.0427,4,0.9941,0.0,0
5,0.7137,-1,-0.0802,5,0.6535,0.0,1
4,1.1189,3,-0.0177,3,1.1138,0.0,0
4,0.9884,-4,0.032,6,0.9002,0.0,0
2,1.0326,-1,-0.0249,3,1.1138,0.0,0
3,0.8271,0,-0.0316,7,0.7405,0.0,0
6,0.6503,-2,-0.034,6,0.7678,0.0,1
2,1.2428,0,0.0021,1,1.1844,0.0152,0
3,1.0445,1,-0.0539,2,1.0005,0.0,0
2,0.9636,0,-0.0671,8,0.9092,0.0031,0
2,1.0893,2,0.0,2,0.9636,0.0,0
3,1.0684,2,-0.0554,6,0.8351,0.0,0
3,0.7554,-1,0.0714,7,0.6535,0.0,0
4,1.0151,0,0.0209,2,1.0247,0.0,0
4,0.9035,0,-0.0265,9,0.8373,0.0309,0
2,1.029,0,-0.0897,2,0.9251,0.0,0
2,0.8998,2,0.0,7,0.7405,0.0,0
6,0.9409,3,0.0245,7,0.775,0.0005,0
6,0.7678,3,0.0095,6,0.6503,0.0022,1
3,0.9888,1,-0.0752,2,1.0277,0.0,0
4,1.0069,1,-0.0895,5,0.7137,0.0,0
2,1.2631,1,0.296,3,0.9888,0.015,0
4,1.0924,2,0.001,4,0.8584,0.0,0
4,0.7769,-2,0.0283,7,0.7405,0.0,1
2,0.973,1,-0.0599,2,0.9242,0.0,0
1,1.2067,0,0.0,2,0.973,0.0,0
1,1.0358,1,0.0,1,1.1346,0.0,0
3,0.9374,0,-0.0531,6,0.9341,0.0,0
4,0.9374,0,-0.0755,4,0.8271,0.0,0
1,1.1219,0,0.0308,4,0.8271,0.0,0
1,0.9242,0,0.0494,2,0.973,0.0,0
3,0.8044,-1,-0.0668,7,0.6503,0.0,0
1,1.1346,0,0.0988,2,1.029,0.0,0
2,0.9251,0,0.02,4,0.9035,0.0,0
3,1.0321,-1,0.1416,6,0.8543,0.0,0
2,1.1499,1,-0.0342,4,1.0326,0.0,0
1,0.8351,-1,0.0416,6,0.6503,0.0,0
2,1.0797,1,0.122,3,1.044,0.0,0
2,0.997,1,-0.1006,4,0.8351,0.0522,0
1,0.8367,-1,-0.034,6,0.9409,0.0,0
1,1.1878,0,0.1048,4,1.0069,0.0,0
1,1.1976,0,0.0,4,0.9035,0.0,0
1,1.2569,0,0.0,4,0.8891,0.0,0
4,1.0677,0,0.0102,2,0.997,0.0,0
2,1.0005,2,0.0,4,1.0202,0.0,0
4,0.9941,-1,-0.0039,3,1.0277,0.0,0
4,1.0202,-1,-0.0333,2,1.0005,0.0,0
1,1.0086,-3,0.0605,6,0.9718,0.0,0
2,0.9806,-3,0.0627,8,0.9092,0.0721,0
1,0.9002,1,0.0,5,0.9269,0.0,0
2,0.9717,0,-0.0714,3,0.9374,0.0,0
2,1.0277,-1,-0.008,4,0.9888,0.0,0
3,1.1138,-1,0.0912,4,0.8891,0.0,0
1,0.7704,1,0.0,4,0.7769,0.0,0
1,0.8584,0,0.0242,4,0.9374,0.0,0
1,1.0747,0,0.0,4,1.0151,0.0,0
1,0.8891,1,0.0,3,1.1138,0.0,0
1,1.1874,0,-0.1924,1,1.3797,0.0,0
2,1.1161,-1,0.0784,2,0.9242,0.0,0
4,0.8775,1,0.0504,8,0.7397,0.0,1
3,1.0041,1,0.0071,3,0.7879,0.0272,0
3,0.9881,0,0.0507,7,0.9384,0.0,0
2,0.9939,2,0.0,5,0.8604,0.0,0
7,0.8703,1,0.016,3,1.0522,0.0,1
5,1.0172,1,-0.0753,2,0.9457,0.0,0
4,1.0143,4,0.0,1,0.8876,0.0,0
2,1.1156,0,0.0264,2,0.8271,0.0006,0
1,1.0616,0,-0.0617,6,0.8604,0.0,0
3,1.0474,1,-0.0321,3,1.0522,0.0,0
3,0.8704,-5,0.0092,6,0.853,0.0,0
6,0.7247,0,-0.0431,4,0.6067,0.0004,1
6,0.7346,1,0.0209,7,0.6911,0.0,1
3,1.1539,1,0.0743,3,0.9586,0.0,0
1,1.1314,1,0.0,4,0.8876,0.0,0
4,0.7966,0,0.0197,8,0.7382,0.0,1
2,0.9869,1,0.1285,5,0.9457,0.0,0
1,1.2335,-1,0.1175,3,0.9542,0.0,0
7,0.6911,2,0.0376,6,0.7346,0.0,1
8,0.9083,0,-0.0009,2,0.8271,0.0405,0
1,1.0747,0,0.0,4,1.0143,0.0,0
2,1.0522,-1,0.02,7,0.8703,0.0,0
2,0.9623,-2,-0.0318,4,1.0299,0.0,0
2,0.7797,0,-0.1202,8,0.7397,0.0,0
1,1.1516,-3,0.0327,3,1.0152,0.0,0
1,0.9542,-1,-0.0264,8,0.9083,0.0,0
2,1.0576,-1,-0.018,3,0.9618,0.0,0
5,0.8155,-2,0.0404,7,0.6911,0.0,1
2,0.9599,2,0.0,3,0.9586,0.0,0
6,0.853,4,-0.1309,3,0.8704,0.0,1
9,0.8382,5,-0.0653,5,0.9335,0.028,1
4,0.8648,-3,0.0611,8,0.7382,0.0,1
3,1.0898,1,0.0621,2,0.9623,0.0,0
8,0.7397,1,-0.0007,5,0.7739,0.0,1
3,0.991,1,0.0193,3,0.9881,0.0,0
1,0.918,-1,-0.1067,4,1.0143,0.0,0
2,0.9843,0,0.0592,9,0.8382,0.0034,0
2,1.0493,0,0.0203,2,0.9092,0.0001,0
2,0.9598,1,-0.0293,4,0.6067,0.0002,0
1,1.2344,-1,0.234,3,0.9586,0.0,0
1,1.1435,0,0.2544,3,1.0152,0.0,0
3,1.1728,1,-0.0903,3,0.9961,0.0015,0
3,1.1131,1,0.0552,4,0.9784,0.0,0
2,1.1122,-2,0.0445,3,1.0041,0.0,0
9,0.9372,4,0.0103,0,0.9372,0.0005,0
1,0.7879,0,-0.0472,4,0.6067,0.0,0
3,0.9946,-1,0.0062,7,0.9384,0.0001,0
4,0.8911,0,0.1044,6,0.6067,0.0009,1
3,0.9909,-1,-0.0159,6,0.7346,0.0,0
3,0.8183,0,-0.0094,4,0.6067,0.0009,0
4,0.6067,-2,-0.0436,6,0.7247,0.0,1
3,1.0152,2,-0.2417,3,1.1435,0.0,0
2,1.0089,0,-0.0506,6,0.7879,0.0273,0
7,0.9384,1,0.0043,3,0.9881,0.0,0
6,0.9267,0,-0.0142,5,0.8155,0.0003,0
1,1.0299,1,0.0,1,0.9542,0.0,0
4,1.0299,1,-0.0664,3,0.9623,0.0,0
5,0.9335,-4,0.0962,9,0.8382,0.0058,0
2,1.2146,1,0.0268,3,0.9909,0.0,0
2,1.1804,2,0.0,3,1.0152,0.0,0
3,1.0596,0,-0.0088,7,0.7879,0.0,0
4,0.7382,1,-0.0662,6,0.6067,0.0018,1
2,0.7629,-1,0.0075,7,0.6911,0.0,0
2,0.9618,0,0.0418,3,0.8704,0.0,0
2,1.1972,0,0.0473,3,0.8876,0.0,0
2,0.9457,-2,0.0083,5,0.8775,0.0,0
5,0.9637,-1,-0.0081,2,0.9939,0.0001,0
5,0.7739,5,0.0,8,0.7397,0.0,1
1,1.1805,1,0.0,5,1.0172,0.0,0
1,0.9092,1,0.0,2,0.9843,0.0,0
1,1.253,0,0.0326,5,1.0172,0.0,0
2,0.98,0,0.0164,8,0.8271,0.0031,0
1,0.8604,0,0.0236,6,0.9267,0.0,0
2,0.9961,-1,0.0073,3,1.0898,0.0,0
3,0.9784,-1,-0.0418,3,0.9599,0.0,0
3,1.0818,1,-0.1264,3,1.1728,0.0872,0
1,0.9737,1,0.0,8,0.9083,0.0,0
2,1.1948,1,0.0104,2,1.1973,0.0,0
1,1.3797,0,0.0,1,1.1874,0.0,0
1,0.9776,1,0.0,3,0.8704,0.0,0
2,1.1973,0,-0.0455,2,1.1948,0.0068,0
3,1.165,0,0.0512,3,0.8876,0.0,0
2,1.1043,1,-0.0303,2,0.9092,0.0,0
2,0.9586,-1,-0.0859,3,0.9599,0.0,0
1,0.8876,-1,-0.145,4,1.0143,0.0,0
3,1.1309,1,0.1579,1,1.2335,0.0018,0
1,1.0358,0,0.0,2,1.1043,0.0,0
1,1.1989,0,-0.0988,8,0.9083,0.0,0
1,1.1874,0,0.0,1,1.3797,0.0,0
1,0.8271,1,0.0,8,0.9083,0.0,0
3,0.9996,0,0.0086,4,0.9657,0.0,0
9,0.6906,3,-0.044,4,0.6566,0.0,1
4,0.9422,-1,-0.0216,3,0.9972,0.0,0
3,1.0434,0,-0.1216,4,1.0441,0.0,0
3,0.9138,1,-0.0319,4,0.825,0.0,0
2,1.0957,-1,0.0483,3,1.0724,0.0,0
6,0.76,0,0.0353,6,0.6806,0.0004,1
6,0.9528,-2,0.0445,3,0.8722,0.0194,0
2,1.0874,0,0.0382,2,0.8965,0.0001,0
2,1.0963,0,-0.0985,3,1.0663,0.0258,0
3,0.9972,1,0.0032,4,0.9422,0.0,0
1,1.0358,0,0.0,2,1.1482,0.0,0
4,0.9657,1,-0.0224,8,0.9559,0.0,0
5,0.9068,0,-0.0267,9,0.811,0.0074,0
3,1.0288,2,0.2409,5,0.6806,0.0,0
2,1.0828,0,0.123,3,0.9555,0.0,0
1,0.9671,-1,-0.029,5,1.0383,0.0,0
7,0.922,1,-0.0047,5,0.8243,0.0003,0
6,1.008,2,-0.0219,2,1.0415,0.0,0
2,1.0751,0,-0.0406,3,0.8722,0.0007,0
4,1.1072,3,-0.0732,2,0.9069,0.0,0
2,0.8134,-2,-0.0514,7,0.7214,0.0,0
6,0.7214,2,-0.0168,6,0.6806,0.0006,1
5,0.9181,-4,-0.0191,3,0.9211,0.0005,0
2,1.1482,0,0.0439,2,1.0154,0.0,0
1,1.2335,0,0.2036,2,0.9921,0.0,0
3,0.8722,1,-0.1078,6,0.9528,0.0,0
8,0.9559,1,0.0174,4,0.951,0.0,0
4,0.8742,1,0.0559,6,0.6806,0.0009,1
2,0.9921,1,0.0378,6,0.9528,0.0027,0
2,1.0247,1,-0.1067,4,1.0216,0.0,0
7,0.7327,-1,-0.007,5,0.7717,0.0,1
5,0.7805,0,0.0066,7,0.7327,0.0,1
2,1.0415,0,0.0791,6,1.008,0.0,0
2,1.1127,0,-0.0677,4,1.0441,0.0,0
8,0.8705,2,0.0175,2,0.8981,0.0,1
4,1.0441,1,0.0289,3,1.0434,0.0,0
3,0.9598,2,-0.2746,2,0.9555,0.0,0
4,0.8633,1,-0.1276,9,0.6906,0.0,1
3,0.7717,1,-0.008,7,0.7327,0.0,0
9,0.811,0,-0.0272,5,0.8965,0.0249,1
5,0.8759,-2,0.0056,3,0.9067,0.0,1
1,1.0795,1,0.0,4,0.7717,0.0,0
3,0.9211,3,0.0,5,0.9181,0.0,0
2,1.0154,1,0.1062,2,0.9946,0.0005,0
1,1.1615,1,0.0,4,0.9422,0.0,0
3,1.0663,1,-0.131,2,1.0963,0.0255,0
3,1.0724,1,0.0202,5,0.8759,0.0,0
4,0.7486,-3,0.0575,9,0.6566,0.0,1
5,0.8243,0,0.0088,7,0.6566,0.0,1
2,1.0471,1,-0.1864,2,0.9921,0.0,0
2,0.9777,0,-0.0312,8,0.8705,0.0273,0
1,0.951,-2,-0.0435,8,0.9211,0.0,0
1,1.2856,0,0.0326,4,0.9901,0.0,0
4,1.0216,0,0.0073,2,1.0247,0.0,0
1,1.1703,-2,0.0571,6,1.008,0.0,0
5,0.6806,1,0.0738,6,0.7214,0.0,1
4,0.8806,0,0.084,7,0.7214,0.0,1
3,0.9067,0,-0.1529,5,0.8759,0.0,0
1,0.9555,-1,-0.0031,3,0.9598,0.0,0
2,1.1667,0,0.0545,5,1.0133,0.0,0
1,0.8429,1,0.0,6,0.7214,0.0,0
2,1.1017,-1,0.1233,3,0.9598,0.0,0
4,0.825,0,-0.0525,7,0.7327,0.0,1
2,1.144,-1,-0.0099,2,0.9555,0.0,0
1,0.9946,-1,0.0104,9,0.811,0.0,0
1,1.3797,1,0.0,1,1.1874,0.0,0
1,1.1006,1,0.0,2,1.0963,0.0,0
2,0.9555,1,0.1285,6,0.8722,0.0005,0
2,0.9723,2,0.0,2,0.9555,0.0,0
1,1.1894,-1,-0.0078,3,1.0434,0.0,0
2,1.1626,1,0.011,4,1.0434,0.0,0
1,1.1874,0,-0.1924,1,1.3797,0.0,0
1,0.8844,-2,-0.1974,5,1.1772,0.0,0
2,1.0383,-1,-0.0515,2,0.9671,0.0,0
1,0.9584,-1,-0.0014,5,0.6806,0.0,0
1,1.2067,-2,0.0758,2,1.0471,0.0,0
5,1.0133,2,0.0092,3,0.9067,0.0176,0
1,0.8924,0,-0.0852,3,0.8981,0.0,0
1,1.0747,1,0.0,4,1.0216,0.0,0
1,0.9737,0,0.0,6,0.9528,0.0,0
5,1.1772,2,0.0044,1,0.8844,0.0006,0
1,1.2241,1,0.0,4,1.0441,0.0,0
2,0.8981,-1,0.0277,8,0.8705,0.0,0
3,1.0379,1,0.0761,2,0.8924,0.0,0
1,1.0911,-1,0.1042,3,0.9069,0.0,0
2,0.9901,-3,-0.027,4,0.9069,0.0,0
1,0.8965,1,0.0,9,0.811,0.0,0
1,1.0357,-3,0.1446,6,0.6806,0.0,0
1,0.6566,-1,-0.1063,9,0.6906,0.0,0
1,0.9069,1,0.0,4,0.9901,0.0,0
1,1.1089,-1,-0.1057,4,0.8633,0.0,0
1,1.0811,1,0.0,5,0.9181,0.0,0
5,0.8217,0,0.0412,8,0.7403,0.0,1
1,1.1874,0,0.0,0,1.1874,0.0,0
9,0.7877,0,-0.0233,5,0.9277,0.0218,1
4,0.7724,0,-0.0909,10,0.6803,0.0,1
4,1.0851,2,-0.0632,1,1.0959,0.0745,0
8,0.8674,0,-0.0031,3,0.9683,0.0,1
3,1.0234,0,0.0238,6,0.9582,0.0,0
1,0.9765,0,0.0254,5,0.8815,0.0,0
2,0.9849,0,-0.1591,4,1.0784,0.0,0
1,1.2985,1,0.0,2,0.9242,0.0,0
2,0.9393,2,0.0,3,1.0279,0.0084,0
1,0.9242,0,-0.0494,3,0.9188,0.0,0
1,1.144,1,0.0,2,0.9393,0.0,0
1,1.0959,-1,0.0805,4,0.9427,0.0,0
2,1.0279,0,-0.0683,3,0.9393,0.0,0
1,1.1083,1,0.0,4,0.8804,0.0,0
2,0.6742,-2,-0.0743,10,0.6803,0.0,0
2,0.9644,1,-0.1151,6,0.7403,0.0,0
4,1.0208,0,-0.0007,1,0.918,0.0,0
7,0.8815,2,0.0572,3,0.6742,0.0001,1
4,0.9818,-4,0.026,6,0.9582,0.0,0
9,0.6949,3,-0.0265,4,0.6421,0.0001,1
2,0.9752,1,-0.0606,4,0.6421,0.0003,0
2,0.9683,0,-0.0094,8,0.8651,0.0323,0
4,0.9442,2,-0.0113,4,0.8804,0.0061,0
2,0.9939,2,0.0,4,0.9593,0.0,0
4,1.1435,0,0.0995,3,0.8891,0.0,0
3,1.0197,1,-0.0554,4,0.8804,0.1573,0
8,0.7724,1,0.0397,6,0.7403,0.0,1
3,1.1427,1,0.041,3,0.9423,0.0,0
10,0.6803,1,-0.0103,4,0.6742,0.0,1
3,1.035,0,-0.0314,2,0.9393,0.0002,0
5,0.8815,2,-0.0396,3,0.9729,0.0007,1
3,0.6421,-2,-0.0384,9,0.6949,0.0,0
6,0.7403,2,-0.0847,8,0.7724,0.0,1
4,0.7676,-2,0.0076,9,0.6421,0.0,1
3,0.7652,2,0.1086,10,0.6742,0.0,0
2,1.0514,-1,-0.021,5,0.9313,0.0,0
1,1.1219,0,0.0308,4,0.9069,0.0,0
1,0.8314,0,-0.0115,9,0.6949,0.0,0
4,1.0839,-1,-0.0933,2,1.1827,0.0005,0
5,0.9313,0,0.0554,4,0.8651,0.0,0
3,0.9188,-3,-0.034,4,0.8804,0.049,0
3,1.0331,1,-0.0052,2,1.0827,0.0,0
3,0.8995,-1,0.0189,9,0.6949,0.0,0
3,0.9401,0,-0.0887,4,0.6421,0.0,0
2,0.9774,0,-0.0127,4,0.9069,0.0,0
4,0.9482,1,0.0345,6,0.7403,0.0,0
3,1.0815,1,-0.0312,4,1.1366,0.0,0
3,0.9414,-3,-0.0666,3,1.0827,0.0,0
1,0.7788,-2,0.0071,8,0.7403,0.0,0
6,0.9582,2,-0.0075,4,0.9818,0.0,0
2,1.1815,0,0.0189,4,1.0062,0.0,0
3,1.062,-1,-0.0452,2,0.9069,0.0,0
4,0.8804,1,0.0082,4,0.9188,0.0052,1
3,1.0831,2,-0.0871,3,0.9414,0.0,0
1,1.0747,0,0.0,4,1.0208,0.0,0
3,0.9427,2,-0.052,9,0.7877,0.0061,0
4,1.1256,2,0.0299,2,0.9849,0.0,0
4,0.8651,1,-0.0416,5,0.9313,0.0,1
1,0.9817,-3,0.0395,4,0.9593,0.0,0
3,0.9729,-2,0.0548,5,0.8815,0.1386,0
4,0.9593,1,-0.0378,2,0.9817,0.0,0
4,1.024,-1,0.0107,4,0.8651,0.0039,0
1,1.1918,0,0.0302,3,0.9817,0.0,0
5,0.9277,0,0.0208,9,0.7877,0.0034,0
2,0.9042,1,-0.0541,4,0.6421,0.0011,0
2,1.183,0,0.0163,4,1.024,0.0,0
3,0.9423,1,-0.1406,3,1.0784,0.0,0
1,1.1366,1,0.0,3,1.0815,0.0,0
1,1.1058,0,0.07,4,1.0358,0.0,0
1,1.0811,0,0.0,5,0.8815,0.0,0
2,1.0471,0,0.0,1,1.2335,0.0,0
1,1.0062,-2,-0.0372,4,1.1435,0.0,0
1,1.1617,1,0.0,1,0.918,0.0,0
3,0.7775,1,-0.0358,9,0.6949,0.0001,0
1,0.9725,-2,-0.0654,3,0.9717,0.0,0
1,0.9069,0,0.0,3,0.9774,0.0,0
2,1.0827,0,0.0412,3,0.9414,0.0,0
2,0.9717,2,0.0,3,0.9725,0.0,0
2,0.9964,-5,0.0744,7,0.8815,0.0,0
1,1.0727,0,-0.0279,2,1.0279,0.0,0
3,1.0563,2,-0.0526,4,0.7724,0.0,0
1,1.2335,0,0.0,2,1.0471,0.0,0
1,0.918,-1,-0.1067,4,1.0208,0.0,0
3,1.0784,2,0.123,3,0.9423,0.0,0
2,0.9078,-2,0.0336,9,0.6421,0.0,0
1,1.2129,1,0.0,4,1.0208,0.0,0
2,1.1827,1,0.2155,4,1.0331,0.0004,0
1,1.2241,1,0.0,3,1.0815,0.0,0
1,1.253,1,0.0,3,1.062,0.0,0
1,0.8891,1,0.0,4,1.1435,0.0,0
3,0.9919,1,0.0939,8,0.8674,0.0,0
1,1.0571,0,0.1647,3,0.9717,0.0,0
1,1.0358,1,0.0,1,1.1058,0.0,0
3,0.9939,-1,0.0121,7,0.9217,0.0,0
4,1.0144,4,0.0,1,0.9113,0.0,0
2,0.9838,0,-0.0011,3,1.0094,0.0,0
7,0.7505,1,0.0102,7,0.8238,0.0,1
2,1.0396,0,-0.0431,3,0.9593,0.0,0
3,1.0021,0,0.0606,4,1.0082,0.0,0
3,1.0694,0,-0.0091,2,0.9449,0.0,0
10,0.7016,0,0.0213,5,0.6657,0.0,1
9,0.8064,0,0.0186,4,0.841,0.0259,1
4,1.0786,2,0.0272,2,0.98,0.0,0
2,0.8512,-1,-0.0889,7,0.7525,0.0,0
5,0.7732,1,0.0008,10,0.7016,0.0,1
4,0.6806,2,0.0064,10,0.6657,0.0,1
1,1.253,0,0.0,4,1.0901,0.0,0
3,0.9757,1,-0.0522,3,0.9136,0.0046,0
9,0.6991,0,0.0042,3,0.75,0.0,1
1,1.0395,1,0.0,4,0.9071,0.0,0
2,0.939,-1,0.0202,3,0.9042,0.0609,0
2,1.0057,-2,-0.0782,4,1.1576,0.0007,0
3,0.9341,-2,0.0526,3,0.9217,0.0001,0
7,0.8347,-1,0.0623,7,0.7505,0.0,1
3,0.8056,-1,0.038,9,0.6991,0.0002,0
2,0.9116,-1,0.0121,9,0.6991,0.0006,0
2,0.8238,2,0.0,7,0.7505,0.0,0
3,0.9696,0,-0.0538,7,0.9345,0.0,0
3,1.1309,1,0.0838,1,1.1006,0.177,0
4,1.0082,1,-0.075,3,1.0021,0.0,0
2,1.1282,-2,0.0026,4,0.9838,0.0,0
4,1.1576,2,-0.025,2,0.9593,0.0,0
1,0.6657,-2,-0.0995,10,0.6806,0.0,0
2,0.9593,-1,-0.0738,4,1.0396,0.0,0
2,1.0745,-2,0.0505,7,0.8484,0.0238,0
3,1.0501,-1,-0.0349,2,0.8965,0.0641,0
3,0.75,2,-0.0814,9,0.6991,0.0001,0
4,0.8536,2,-0.1147,7,0.8152,0.0209,1
2,1.0779,-1,-0.0648,4,0.9449,0.0,0
4,0.9071,1,-0.1126,3,0.9042,0.027,0
2,1.0023,1,0.0954,4,0.9127,0.0,0
4,1.0901,1,0.0281,3,0.9127,0.0,0
4,0.991,1,-0.0009,5,0.8152,0.0,0
2,0.98,-3,0.0487,7,0.8484,0.0,0
2,1.0607,-2,-0.0829,4,0.9113,0.0,0
1,1.1617,0,0.0,4,0.9113,0.0,0
2,1.0682,1,-0.0758,3,0.9136,0.0009,0
7,0.9307,0,0.0492,4,0.6657,0.0001,0
3,0.9042,-1,-0.04,4,0.9071,0.0769,0
7,0.8484,3,-0.0167,4,0.8512,0.0,1
1,0.9113,0,-0.0949,4,1.0144,0.0,0
3,0.9384,2,-0.1427,3,0.9217,0.1845,0
7,0.9345,1,-0.0237,3,0.9696,0.0,0
2,0.9217,1,-0.0548,3,0.9341,0.0,0
2,0.8273,1,0.0484,7,0.7505,0.0,0
5,0.8152,-3,-0.0522,4,0.8536,0.0,1
4,0.935,0,-0.0133,7,0.7505,0.0,0
1,1.0747,0,0.0,4,1.0144,0.0,0
2,0.9449,-1,0.0026,3,1.0094,0.0,0
4,1.0241,4,0.0,2,1.0607,0.0,0
3,0.9473,-1,0.067,4,0.9042,0.006,0
2,1.1656,1,0.0573,3,0.939,0.0677,0
1,1.0013,-2,0.0284,3,0.9341,0.0,0
3,1.1457,1,-0.0373,2,0.9684,0.0,0
1,0.9116,-1,-0.0528,7,0.7505,0.0,0
4,0.909,2,0.0048,3,0.7525,0.0001,0
1,1.1874,0,0.0,0,1.1874,0.0,0
3,1.0087,0,-0.0263,3,0.9136,0.0064,0
1,0.949,1,0.0,3,0.9042,0.0,0
2,1.0852,1,0.0494,1,1.1618,0.019,0
5,0.9482,1,-0.0111,2,0.9792,0.0,0
1,1.2325,1,0.0,2,1.0057,0.0,0
4,0.8303,-1,0.0086,7,0.7505,0.0,1
2,0.9792,0,-0.0147,5,0.884,0.0,0
2,1.2131,1,-0.0111,4,1.0241,0.0,0
1,1.1006,1,0.0,3,1.0682,0.0,0
3,0.827,0,0.0494,9,0.6991,0.0001,0
3,0.9127,1,-0.0647,4,0.935,0.0,0
4,0.841,1,-0.1017,9,0.8064,0.005,1
1,0.9684,-2,-0.088,5,0.7732,0.0,0
1,1.1305,0,-0.0612,4,0.9071,0.0,0
3,1.035,-2,0.1073,9,0.8064,0.0169,0
2,1.1015,-1,0.02,4,1.0241,0.0,0
1,1.1618,0,0.056,3,1.0501,0.0,0
2,0.9179,0,-0.0572,4,0.7525,0.0,0
3,0.9824,1,0.0107,3,0.9696,0.0,0
2,1.1974,0,0.0159,2,0.9113,0.0,0
2,0.9163,0,0.0084,9,0.6991,0.0,0
1,1.1263,1,0.0,3,0.9449,0.0,0
1,1.1918,1,0.0,5,0.9482,0.0,0
2,1.0611,1,-0.0348,4,0.841,0.0,0
1,0.884,-1,-0.1124,7,0.9307,0.0,0
1,0.8965,1,0.0,4,0.841,0.0,0
1,1.2129,0,0.0,4,1.0901,0.0,0
1,1.0,0,-0.0572,4,0.9824,0.0,0
1,0.9136,-1,-0.0258,3,0.9757,0.0,0
3,0.7525,0,0.1104,9,0.6991,0.0,0
1,0.9426,0,0.0245,4,1.0144,0.0,0
1,1.0094,1,0.0,3,0.9449,0.0,0
1,0.9187,-2,0.1132,8,0.7239,0.0,0
3,0.8393,1,0.0154,8,0.7294,0.0,0
5,0.814,3,-0.0977,8,0.7239,0.0001,1
3,1.1054,1,0.146,3,0.9986,0.0001,0
6,0.7867,3,-0.0403,8,0.7239,0.0,1
5,0.9844,2,0.0148,7,0.9713,0.0,0
2,0.9848,2,0.0,4,1.0093,0.0,0
3,0.8858,0,-0.0899,3,0.9537,0.0011,0
6,0.9146,2,0.0075,3,0.8711,0.0061,0
1,1.253,1,0.0,3,1.0818,0.0,0
7,0.8726,0,0.0242,8,0.8338,0.0,1
5,0.9251,1,0.0161,3,0.8334,0.0006,0
4,1.0093,0,0.0183,2,0.821,0.0,0
11,0.6823,1,-0.0193,7,0.7255,0.0,1
8,0.8338,4,-0.0198,7,0.821,0.0188,1
3,1.0029,1,0.0229,7,0.8726,0.0,0
3,0.836,1,-0.0152,8,0.8334,0.0,0
3,1.061,1,-0.1521,5,1.032,0.0,0
1,0.8876,-1,-0.3098,5,1.0747,0.0,0
6,0.9055,-1,-0.0252,3,0.7255,0.0,0
5,0.9893,1,-0.0251,1,1.0747,0.0,0
5,0.9317,3,0.0101,2,0.8748,0.0012,0
3,1.0494,0,-0.0963,2,1.0841,0.0,0
3,0.9336,2,0.0497,6,0.9055,0.0,0
7,0.7793,2,0.0061,11,0.6823,0.0,1
1,0.8627,0,0.197,11,0.6823,0.0,0
2,0.9689,-1,-0.0812,2,0.9312,0.0002,0
3,0.9859,0,-0.0835,3,1.0474,0.0,0
2,1.0149,0,0.0091,3,1.1321,0.0001,0
5,0.9973,1,-0.0109,2,1.0295,0.0,0
2,0.722,0,-0.1053,8,0.7294,0.0,0
2,1.181,1,0.0192,2,0.9689,0.0619,0
3,0.9495,-2,0.0014,2,0.9971,0.0,0
6,0.847,-3,0.0407,5,0.7827,0.0232,1
1,0.847,-1,-0.0693,8,0.7239,0.0,0
5,1.1651,3,0.0636,3,0.8876,0.0,0
4,1.0022,1,0.0894,3,0.805,0.0,0
4,0.9186,0,0.0882,8,0.7294,0.0,0
8,0.7294,1,-0.0212,4,0.722,0.0,1
1,1.156,1,0.0,2,0.9689,0.0,0
1,1.0911,-1,0.0888,4,0.9069,0.0,0
2,0.9683,-2,-0.1218,4,0.9069,0.0,0
2,0.9986,0,-0.0409,3,1.0552,0.0,0
2,1.0564,0,-0.0288,2,1.181,0.019,0
3,1.0818,2,-0.1311,2,0.9069,0.0,0
2,0.8254,1,-0.0862,8,0.722,0.0,0
1,1.1118,1,0.0,4,0.805,0.0,0
1,1.0747,1,0.0,5,0.8876,0.0,0
7,0.9713,0,0.0368,5,0.8748,0.0,0
2,1.1002,0,0.1553,3,0.9859,0.0,0
3,1.0474,1,0.0636,4,0.9859,0.0,0
4,1.0427,2,-0.0855,3,1.0474,0.0,0
2,1.032,-2,0.0079,5,1.061,0.0,0
5,0.7827,1,-0.0583,6,0.8322,0.0001,1
2,0.821,-3,0.0058,8,0.8338,0.0,0
1,1.153,-1,0.0919,5,0.7827,0.0,0
2,1.103,0,-0.0626,3,0.8711,0.0464,0
2,0.8881,-1,-0.046,5,0.9317,0.0046,0
8,0.7239,-1,0.0248,6,0.7505,0.0001,1
2,0.8539,-5,0.0193,8,0.722,0.0,0
1,1.2453,1,0.0,5,0.9893,0.0,0
2,0.7505,-1,0.0005,8,0.7239,0.0,0
2,0.9862,-1,0.0477,5,0.8881,0.0,0
2,1.1478,2,0.0,3,0.9495,0.2502,0
2,1.0552,-1,0.0531,5,0.9973,0.0,0
2,1.0058,-1,0.1016,6,0.8711,0.0,0
2,0.9971,0,0.0179,3,0.9336,0.0,0
2,0.9312,1,0.0347,5,0.7827,0.0,0
3,1.1321,-1,-0.0255,3,1.0149,0.0,0
3,0.805,-1,-0.13,8,0.7294,0.0,0
2,0.9537,1,0.0401,3,0.8858,0.0041,0
2,1.1642,1,0.0636,2,0.9713,0.0002,0
3,1.0325,0,0.0238,3,0.8858,0.0108,0
1,0.949,0,0.0,2,1.0058,0.0,0
2,0.9465,0,0.0286,8,0.8334,0.0009,0
1,1.1366,1,0.0,3,1.061,0.0,0
2,1.0925,-2,0.0139,4,1.0029,0.0,0
1,0.9069,1,0.0,3,0.9683,0.0,0
3,0.8711,0,-0.0763,6,0.9146,0.0,0
1,1.0295,-1,-0.0484,5,0.9973,0.0,0
1,1.2016,0,0.0752,3,0.9859,0.0,0
2,0.8322,2,0.0,6,0.7827,0.0,0
1,1.1919,0,0.2806,5,0.8876,0.0,0
2,0.8334,-1,0.0809,8,0.7239,0.0,0
2,0.7255,-2,0.0448,11,0.6823,0.0,0
3,1.1309,3,0.0,2,1.0066,0.061,0
1,0.8748,-2,-0.1191,7,0.9317,0.0,0
2,1.0841,0,0.0096,7,0.836,0.0014,0
1,1.2569,1,0.0,3,1.061,0.0,0
1,1.0066,-1,0.0676,3,0.8711,0.0,0
2,0.9713,0,-0.097,3,0.8858,0.0,0
1,1.1305,0,0.0,6,0.9146,0.0,0
1,1.1343,1,0.0,2,1.0149,0.0,0
2,1.0882,-1,0.0532,6,0.847,0.0004,0
1,1.0296,-2,0.0472,5,0.9844,0.0,0
2,0.9792,-1,0.0456,4,0.9098,0.0,0
11,0.7561,3,0.0267,4,0.742,0.0,1
3,1.0294,0,-0.018,2,0.9712,0.0,0
4,0.8495,3,-0.0131,9,0.6537,0.0,1
8,0.9326,3,0.0009,1,0.951,0.0002,0
3,0.9807,1,-0.018,4,1.0689,0.0,0
2,0.9506,-1,0.0796,9,0.9284,0.0015,0
4,1.0844,1,0.0026,1,0.8976,0.0,0
1,1.0747,0,0.0,3,1.0139,0.0,0
3,0.9098,-3,0.0043,4,0.8495,0.0,0
8,0.756,3,-0.058,7,0.6636,0.0,1
2,1.0997,0,0.0848,2,1.0478,0.0047,0
2,1.1338,0,0.0774,2,0.9688,0.0001,0
5,0.8979,-2,0.0253,8,0.6625,0.0,1
3,1.0743,1,-0.014,5,0.8405,0.0171,0
4,1.1655,1,0.0601,3,0.9807,0.0,0
3,1.0392,2,0.0096,4,0.956,0.0,0
9,0.9284,3,0.0138,2,0.9506,0.0179,0
5,0.9373,2,0.0515,2,0.9106,0.0038,0
2,0.9688,2,0.0,2,1.1338,0.0002,0
2,0.915,0,-0.0316,8,0.6625,0.0005,0
3,1.064,2,0.0344,3,0.9958,0.0,0
2,0.8327,0,-0.0212,11,0.756,0.0,0
1,0.9972,-1,0.0436,5,0.9373,0.0,0
1,1.1617,1,0.0,1,0.9113,0.0,0
2,0.8744,1,-0.0443,7,0.6636,0.0,0
2,1.1795,0,0.0153,2,0.9106,0.0002,0
7,0.6636,-1,-0.0603,8,0.756,0.0,1
2,1.0034,-1,-0.0291,5,0.9373,0.0014,0
3,0.8764,-3,0.0897,8,0.6636,0.0,0
2,1.0567,1,-0.0551,4,0.742,0.0,0
4,0.956,-1,-0.0284,5,0.9558,0.0,0
2,1.0104,0,0.0257,3,0.9725,0.0,0
3,0.742,0,-0.063,11,0.7561,0.0,0
1,0.9106,1,0.0,5,0.9373,0.0,0
4,0.9803,0,-0.0219,3,0.742,0.0,0
1,0.9615,-3,0.043,11,0.756,0.0,0
3,0.7717,1,-0.0537,11,0.742,0.0,0
2,1.1025,0,-0.0454,2,0.9817,0.0,0
8,0.7929,0,-0.041,5,0.6625,0.0196,1
3,0.8901,1,0.0566,7,0.6625,0.0,0
1,0.951,0,0.0763,8,0.9326,0.0,0
4,0.9457,2,-0.0514,2,0.9792,0.0,0
4,0.8369,1,-0.0024,11,0.742,0.0,1
8,0.7406,1,-0.0387,9,0.6537,0.0,1
1,0.9817,-2,0.0321,4,0.9457,0.0,0
3,0.9958,-2,-0.0015,3,1.064,0.0,0
5,0.8405,-1,-0.0065,7,0.7586,0.0275,1
1,0.847,0,0.0,7,0.6636,0.0,0
2,1.0411,-1,0.0552,3,0.9873,0.0,0
9,0.6537,-2,-0.0285,8,0.7406,0.0,1
2,1.1815,-3,0.0165,5,0.9113,0.0,0
2,0.9873,2,0.0,3,1.0294,0.0,0
1,0.8976,-1,-0.0707,4,0.9069,0.0,0
1,1.1219,0,0.0308,4,0.8976,0.0,0
4,1.01,2,0.189,8,0.7929,0.0,0
3,1.0139,-2,0.0245,1,0.9426,0.0,0
4,0.6625,1,-0.1736,8,0.7929,0.0,1
2,1.0647,-1,0.0618,5,0.8979,0.0,0
7,0.7834,2,0.0007,5,0.7586,0.0026,1
5,0.925,0,-0.0002,4,0.6625,0.0005,0
5,1.0668,3,0.0348,3,0.9113,0.0,0
2,0.9853,0,0.014,5,0.9106,0.002,0
2,1.0799,0,-0.0203,3,0.9873,0.0,0
2,1.0426,1,-0.0879,9,0.9284,0.0051,0
2,1.2247,0,0.0437,2,0.9688,0.0001,0
2,0.9712,-2,-0.0715,4,1.0294,0.0,0
2,1.0285,-1,-0.0209,3,0.8257,0.0,0
4,1.1327,2,0.0402,2,0.9712,0.0,0
1,1.1921,1,0.0,2,1.0997,0.0,0
1,1.2335,0,0.2269,3,0.9506,0.0,0
2,0.7712,0,0.0208,8,0.6636,0.0,0
3,1.0306,0,-0.0303,5,1.0668,0.0,0
3,0.8257,3,0.0,8,0.7406,0.0,0
2,0.9654,0,-0.0404,9,0.9284,0.0011,0
5,0.9558,-2,-0.0154,4,0.951,0.0,0
1,0.9069,0,0.0,4,0.8976,0.0,0
3,1.0414,1,-0.0427,5,0.6625,0.0371,0
1,0.9113,1,0.0,5,1.0668,0.0,0
1,0.9779,1,0.0,3,0.9725,0.0,0
3,0.939,1,0.0078,7,0.7586,0.0,0
1,0.9725,-3,-0.0368,4,0.9779,0.0,0
2,1.0689,0,0.0137,3,0.9807,0.0,0
1,0.7586,-1,-0.0736,7,0.7834,0.0,0
1,1.0704,0,-0.1215,3,0.9113,0.0,0
2,1.0478,-1,-0.0843,4,1.0997,0.0002,0
1,1.2204,0,-0.0326,4,1.0844,0.0,0
1,1.2453,0,0.0,4,1.0139,0.0,0
1,1.0013,-1,0.0151,8,0.9326,0.0,0
1,1.1213,0,-0.0317,7,0.7834,0.0,0
3,1.1066,0,-0.0244,1,1.2335,0.0603,0
1,0.8734,-1,0.1515,11,0.7561,0.0,0
1,0.9426,1,0.0,3,1.0139,0.0,0
1,1.0358,1,0.0,2,1.1338,0.0,0
1,1.1366,0,0.0,3,1.0306,0.0,0
1,1.2896,0,0.0327,3,1.0306,0.0,0
1,0.892,-1,0.1665,9,0.6537,0.0,0
4,0.8421,3,-0.0499,7,0.6843,0.0,1
2,0.9525,-1,0.0135,7,0.7983,0.0,0
3,0.9417,-2,0.0167,5,0.5974,0.0007,0
6,0.9321,1,-0.0051,2,0.9064,0.0222,0
4,0.9611,3,0.01,5,0.9126,0.0002,0
3,0.6999,1,-0.0714,9,0.7376,0.0,0
2,0.9591,2,0.0,8,0.8624,0.0,0
8,0.9386,4,-0.0174,3,0.9799,0.0,0
3,0.9257,-1,-0.0201,4,0.9814,0.0,0
4,1.0336,2,0.0624,3,0.9792,0.0,0
7,0.7983,0,0.0149,4,0.8395,0.0026,1
2,1.0116,0,0.1371,5,0.6999,0.0003,0
2,1.0819,1,-0.2076,3,1.0415,0.0268,0
9,0.7566,1,0.0006,5,0.6999,0.0,1
8,0.6789,0,-0.114,6,0.5974,0.0142,1
9,0.7606,-2,0.0045,6,0.6866,0.0,1
2,1.0671,-1,0.0864,4,0.9986,0.0,0
6,0.8625,1,-0.0354,8,0.5974,0.0,1
4,0.8697,1,0.0441,10,0.7305,0.0,1
4,0.9814,2,0.0022,3,0.8367,0.0,0
2,1.2356,1,-0.0097,3,1.0771,0.0,0
1,0.8395,0,-0.2818,7,0.7983,0.0,0
1,1.0329,-2,-0.0737,2,1.134,0.0,0
2,0.9986,0,-0.0703,4,1.0222,0.0,0
3,1.0415,3,0.0,3,1.0819,0.0,0
1,1.1846,1,0.0,2,0.8395,0.0,0
3,1.0126,0,-0.0288,6,0.5974,0.0291,0
5,0.9126,-3,-0.02,4,0.9611,0.0002,0
1,1.004,0,0.0315,5,0.9749,0.0,0
10,0.7305,2,-0.0101,7,0.6843,0.0,1
4,0.8234,0,-0.0135,9,0.6866,0.0,1
2,0.8947,-2,0.0452,7,0.6843,0.0,0
2,1.0879,-2,0.1076,6,0.6866,0.0,0
2,0.9992,-1,-0.0751,4,0.917,0.0022,0
1,0.8367,-2,-0.0731,4,0.8421,0.0,0
2,1.134,2,0.0,2,1.0299,0.0499,0
3,0.8695,1,0.0367,9,0.7566,0.0,0
2,1.0149,0,-0.033,4,1.1352,0.0,0
4,1.0078,3,-0.0626,2,0.918,0.0,0
2,1.1142,-2,-0.0184,4,1.0336,0.0,0
2,0.9271,1,-0.0344,9,0.7566,0.0,0
3,0.9792,0,-0.0502,4,0.9047,0.0,0
4,1.0302,1,-0.0338,4,1.0222,0.0,0
3,0.822,0,-0.0544,9,0.7376,0.0,0
2,1.0104,1,0.0326,3,0.98,0.0,0
1,0.7559,-1,-0.1591,8,0.5974,0.0,0
5,0.5974,1,-0.0651,8,0.6789,0.0,1
1,1.1346,1,0.0,2,1.0358,0.0,0
5,0.7376,-2,0.074,9,0.6999,0.0,1
7,0.6843,-2,0.0306,10,0.7305,0.0,1
4,1.1352,0,-0.0302,2,1.0149,0.0,0
5,0.9749,1,-0.0351,8,0.6789,0.0,0
2,0.9523,0,-0.0131,8,0.8945,0.0011,0
4,0.9022,3,0.0552,5,0.7376,0.0001,0
2,1.1961,0,0.0623,2,0.9688,0.0215,0
8,0.8945,-1,-0.0338,2,0.8624,0.0148,1
2,0.9064,1,-0.0041,6,0.9321,0.0,0
3,1.1435,0,0.1129,3,1.0415,0.0,0
2,1.1972,2,0.0,3,1.1435,0.0,0
2,0.9688,0,0.0,2,0.9456,0.0001,0
3,0.93,2,0.0324,3,1.0177,0.0,0
2,1.1632,0,0.0635,2,1.0149,0.0029,0
4,0.917,-1,0.0765,7,0.7983,0.0257,0
2,1.0299,0,0.0793,8,0.8945,0.0055,0
1,1.0069,-1,0.0217,6,0.9064,0.0,0
1,1.0358,0,0.0,2,1.1346,0.0,0
2,1.058,0,0.0169,3,0.9047,0.0,0
2,0.9456,2,0.0,2,0.8395,0.0325,0
4,1.0222,1,0.0264,4,0.9986,0.0,0
1,1.1516,0,0.015,3,1.0819,0.0,0
1,1.2856,1,0.0,2,1.2356,0.0,0
1,1.126,-1,-0.0988,2,0.9456,0.0,0
1,1.2825,0,0.3008,3,0.9257,0.0,0
3,0.7619,0,-0.0098,9,0.6866,0.0,0
1,1.0529,-1,0.0495,6,0.9321,0.0,0
1,0.918,0,-0.0245,4,1.0078,0.0,0
1,1.0747,1,0.0,4,1.0078,0.0,0
1,0.9047,-1,-0.0826,3,0.9792,0.0,0
3,1.0771,-1,-0.0073,3,0.93,0.0,0
1,0.8087,0,-0.0647,9,0.7606,0.0,0
2,1.0177,1,0.1108,3,0.93,0.0,0
2,0.7787,-1,-0.1113,5,0.5974,0.0,0
1,0.8624,-1,-0.1802,8,0.8945,0.0,0
1,0.9364,-1,-0.2431,2,0.9064,0.0,0
2,1.0484,1,0.137,4,1.0078,0.0,0
1,1.1831,0,0.1859,6,0.9321,0.0,0
1,1.0316,-1,-0.0251,6,0.6866,0.0,0
1,0.9202,0,0.1616,7,0.7983,0.0,0
1,1.2569,1,0.0,2,1.0819,0.0,0
6,0.6866,3,-0.0555,9,0.7606,0.0,1
3,0.98,0,-0.0592,8,0.9386,0.0,0
1,1.2088,1,0.0,3,0.93,0.0,0
2,1.1213,0,0.0567,6,0.8625,0.0,0
1,1.3598,0,0.1677,2,1.1632,0.0,0
1,1.1703,-1,0.0903,4,0.9047,0.0,0
2,1.1376,2,0.0,1,0.9364,0.0009,0
2,1.1079,0,0.0055,2,0.8624,0.199,0
1,1.2593,1,0.0,2,0.9992,0.0,0
2,0.9799,-3,0.0241,8,0.9386,0.0,0
2,0.9843,-1,-0.0283,7,0.5366,0.0002,0
2,0.8238,2,0.0,5,0.7179,0.0,0
3,1.0093,1,0.0636,3,0.8226,0.042,0
3,1.1016,1,-0.134,2,1.0422,0.0,0
11,0.7113,2,-0.0452,4,0.745,0.0,1
9,0.7561,2,0.0718,9,0.682,0.0,1
1,1.2969,-1,0.1593,3,0.9884,0.0,0
2,1.0422,-1,-0.0349,4,1.0024,0.0,0
1,1.0747,0,0.0,5,0.9351,0.0,0
1,0.7747,-1,-0.3132,5,0.7179,0.0,0
1,1.1053,-1,0.0937,4,0.6752,0.0,0
1,1.0874,1,0.0,5,0.8262,0.0,0
9,0.682,-1,-0.0485,9,0.7561,0.0,1
2,1.012,0,0.0133,3,1.0552,0.0,0
6,0.9446,-2,0.006,5,0.9256,0.0,0
5,0.8262,1,-0.0435,9,0.682,0.0,1
2,1.0265,0,0.0088,4,1.0024,0.0,0
4,0.8733,1,0.0038,11,0.7113,0.0,1
2,0.745,-1,0.0451,11,0.7113,0.0,0
2,1.161,1,-0.1215,2,0.9817,0.0,0
2,1.043,0,0.0131,4,0.824,0.0055,0
2,0.8701,0,-0.0363,4,0.894,0.0403,0
4,0.8904,-2,0.0279,8,0.5366,0.0,1
5,1.1138,2,-0.0298,3,0.9351,0.0,0
8,0.7279,0,0.0491,7,0.5366,0.0393,1
3,0.9997,2,-0.0043,2,0.948,0.0,0
4,0.894,-2,-0.0381,2,0.8701,0.0014,1
3,1.1228,1,0.1236,3,0.9473,0.0024,0
3,0.8342,1,-0.1183,5,0.76,0.0,0
5,0.8186,-2,0.0204,3,0.76,0.1151,1
7,0.5366,2,-0.0608,8,0.6752,0.0,1
4,0.7659,1,0.004,7,0.7179,0.0,1
3,1.0753,3,0.0,2,0.9654,0.0593,0
3,0.9884,2,0.052,2,0.8701,0.0035,0
2,0.8226,1,-0.0169,5,0.8186,0.0,0
2,1.1241,1,0.0713,4,0.894,0.0129,0
4,0.6752,3,-0.0807,8,0.5366,0.0011,1
1,1.1844,0,0.1515,3,1.0753,0.0,0
2,1.2131,1,-0.0438,3,1.0822,0.0268,0
3,1.0822,1,0.0002,5,1.0285,0.0,0
6,0.9342,2,-0.0269,3,0.9256,0.0002,0
3,0.8934,2,-0.1381,5,0.7179,0.0,0
5,0.9842,1,-0.0237,1,1.0747,0.0,0
3,0.9473,-1,0.0303,5,0.76,0.0308,0
2,0.974,1,0.1116,4,0.824,0.0044,0
4,0.9526,2,-0.0065,4,0.824,0.0,0
1,1.0439,0,0.037,4,0.8701,0.0,0
3,0.9678,0,-0.0114,3,1.0664,0.0,0
1,0.9351,1,0.0,5,1.0747,0.0,0
3,1.1135,1,0.0465,3,1.012,0.0,0
4,0.7585,-1,0.0209,11,0.7113,0.0,1
2,0.981,1,0.1442,5,0.8451,0.0,0
5,0.7179,-1,0.0314,7,0.7659,0.0,1
2,1.1032,1,-0.2566,2,1.1716,0.0254,0
2,0.8608,-2,0.0374,7,0.7179,0.0,0
4,0.824,-4,-0.0705,4,0.9526,0.033,1
1,1.153,0,-0.03,4,0.894,0.0,0
3,1.0737,3,0.0,3,0.987,0.0,0
7,0.7993,-2,0.0387,5,0.7179,0.0,1
4,0.8717,2,-0.0554,11,0.7113,0.0,1
1,1.1441,0,-0.0646,4,0.7747,0.0,0
3,1.0093,1,-0.0055,3,1.1224,0.0003,0
3,1.1146,1,-0.0067,4,0.8904,0.0,0
2,0.8077,0,0.029,7,0.5366,0.0,0
3,1.0048,1,-0.1095,3,1.0785,0.0,0
2,1.0664,0,0.0084,3,0.9678,0.0,0
5,0.9085,1,0.0062,4,0.7585,0.0001,0
4,1.0024,1,0.0724,2,0.7747,0.0,0
1,1.253,0,-0.0326,3,1.1016,0.0,0
1,0.9817,-2,0.056,5,0.9458,0.0,0
1,1.2827,-1,0.2343,5,0.9351,0.0,0
5,0.9896,2,0.0097,6,0.9446,0.0,0
2,1.0285,-1,-0.013,5,1.0822,0.0,0
2,1.1711,1,0.0452,3,0.9689,0.0,0
5,0.9458,1,-0.0356,2,0.981,0.0,0
3,0.987,-1,-0.0431,3,1.0552,0.0,0
3,1.1224,-1,-0.0128,3,1.0093,0.0,0
2,0.9654,0,0.0131,4,0.824,0.0002,0
1,1.2453,1,0.0,5,0.9842,0.0,0
2,0.9689,0,0.0001,3,1.0093,0.0383,0
2,1.0098,0,-0.0982,4,0.9526,0.0,0
3,1.0785,-1,0.0449,3,0.9678,0.0,0
2,1.1716,0,0.0085,3,1.0093,0.0,0
1,0.9305,-2,0.1085,11,0.7113,0.0,0
3,0.9481,-2,0.0356,6,0.9342,0.0004,0
2,1.1646,0,-0.0316,2,0.9689,0.0215,0
3,0.9699,0,0.0282,7,0.5366,0.0006,0
2,1.0552,-2,0.033,3,0.987,0.0,0
1,0.76,0,-0.1602,5,0.8186,0.0,0
2,0.948,-3,-0.0269,8,0.7279,0.0,0
3,0.8451,-1,0.003,9,0.7561,0.0,0
1,1.0358,1,0.0,1,1.1346,0.0,0
1,1.1263,0,0.2216,3,0.9678,0.0,0
1,1.1346,0,0.0,2,1.0358,0.0,0
1,1.043,1,0.0,5,0.9896,0.0,0
1,0.9256,-1,-0.0543,6,0.9342,0.0,0
8,0.6121,4,-0.0631,8,0.5485,0.0007,1
3,0.9778,0,0.01,4,1.0108,0.0,0
3,0.9591,0,-0.0293,3,0.8911,0.0039,0
3,1.1084,1,-0.0632,2,1.0863,0.0,0
4,1.1292,1,0.0276,2,0.9565,0.0,0
4,0.8791,0,-0.0735,5,0.9179,0.0006,1
2,1.0863,-1,0.077,3,1.0327,0.0001,0
4,0.9575,-2,0.0129,5,0.9657,0.0,0
3,0.849,-2,0.0227,11,0.6617,0.0,0
3,0.9246,0,-0.0227,5,0.8425,0.0385,0
9,0.7973,0,0.0412,11,0.6617,0.0,1
3,1.0522,-1,0.0498,2,0.8011,0.0,0
4,1.1655,1,0.0519,3,0.9643,0.0,0
2,0.9737,0,-0.036,4,0.8791,0.0007,0
2,1.1414,-1,0.0186,3,0.9246,0.0,0
5,1.0934,2,0.0112,2,1.03,0.0176,0
11,0.6617,2,-0.0203,9,0.7973,0.0,1
1,0.8367,1,0.0,9,0.7973,0.0,0
3,0.8911,1,0.021,5,0.9591,0.0,0
8,0.925,2,-0.0092,2,0.9906,0.0,0
1,1.2134,-1,0.0893,5,0.9939,0.0,0
3,0.9332,0,-0.0539,3,1.0689,0.0,0
5,0.9657,0,-0.024,4,0.9575,0.0,0
3,1.0726,0,-0.042,3,1.0113,0.0,0
1,1.1435,1,0.0,5,1.03,0.0,0
6,0.8331,2,-0.0385,7,0.7049,0.0,1
1,1.0072,-1,0.0382,2,0.9773,0.0,0
2,0.8011,1,0.0265,10,0.7675,0.0,0
3,1.0427,2,-0.032,1,0.9368,0.0,0
8,0.5485,1,0.0118,8,0.6121,0.0,2
5,0.8085,1,-0.0648,7,0.7049,0.0,1
10,0.7675,5,0.0496,4,0.7572,0.0,1
2,1.0065,0,0.0255,5,0.8367,0.0,0
2,1.0399,-1,0.0306,5,0.8213,0.0002,0
2,1.1228,1,-0.0036,3,0.9778,0.0,0
3,1.0169,0,0.0172,2,0.9725,0.0,0
1,1.1366,-1,-0.0765,5,1.0934,0.0,0
2,1.1972,2,0.0,5,1.0934,0.0,0
2,0.7133,0,-0.0944,8,0.5485,0.0,0
5,0.8288,-3,0.1009,8,0.5485,0.0263,1
3,0.9179,1,-0.0561,5,0.8791,0.0042,0
3,0.9149,0,-0.0549,8,0.5485,0.001,0
2,1.0154,0,-0.1492,1,0.9773,0.0366,0
3,0.8104,0,-0.0831,10,0.7675,0.0,0
1,0.9773,1,0.0,2,1.0072,0.0,0
1,1.3877,1,0.0,1,1.1366,0.0,0
3,0.7823,-1,0.0164,10,0.7572,0.0,0
5,0.8427,1,0.0843,7,0.7049,0.0001,1
2,0.9757,1,-0.0673,5,0.9657,0.0,0
2,1.0327,-1,-0.0897,4,1.0863,0.0,0
1,0.9725,-1,0.0245,5,0.8288,0.0,0
5,0.9482,0,0.0024,2,1.0065,0.0,0
2,1.0096,-1,-0.0657,1,1.1844,0.0257,0
1,1.0205,0,-0.2764,3,0.9591,0.0,0
5,0.9515,1,0.1275,4,0.8791,0.0302,0
1,1.0704,0,-0.2122,3,0.9368,0.0,0
4,0.8839,3,-0.2036,3,0.849,0.0,1
2,0.9565,0,-0.0857,4,1.0265,0.0,0
2,0.7129,1,-0.2176,7,0.7049,0.0,0
3,1.0354,-1,0.145,8,0.5485,0.0,0
5,0.9939,1,0.0999,3,0.8911,0.0297,0
2,1.0689,0,0.0137,3,0.9332,0.0,0
5,0.8425,0,0.0238,5,0.8213,0.0036,1
7,0.7049,-4,-0.0064,6,0.7129,0.0,1
3,0.9643,1,-0.0477,4,1.0689,0.0,0
1,0.862,-1,-0.1223,8,0.5485,0.0,0
5,0.8674,2,0.0332,5,0.8213,0.0595,1
2,0.9906,1,0.065,8,0.925,0.0,0
2,1.0719,0,-0.0892,2,0.9737,0.0,0
4,0.8554,2,0.0316,10,0.7675,0.0,1
1,1.1844,0,0.0,2,1.0096,0.0,0
6,0.9478,1,0.0394,5,0.7129,0.0001,0
1,0.9515,1,0.0,5,0.9179,0.0,0
3,0.8213,1,-0.0013,5,0.8425,0.0042,0
4,1.0108,1,-0.0678,3,0.9778,0.0,0
2,1.0516,2,0.0,2,1.03,0.0,0
1,1.2985,-1,0.2556,5,0.9515,0.0,0
2,1.0265,2,0.0,4,0.9565,0.0,0
2,1.0708,1,0.035,1,1.1316,0.0047,0
1,0.8603,-1,0.1153,7,0.7049,0.0,0
1,0.8309,1,0.0,5,0.7572,0.0,0
2,1.0113,-1,0.0065,4,1.0108,0.0,0
3,1.0831,3,0.0,3,0.9332,0.0,0
1,1.3929,1,0.0,2,1.1414,0.0,0
1,0.7572,-6,-0.0421,10,0.7675,0.0,0
1,0.9426,1,0.0,1,0.9368,0.0,0
1,1.1036,1,0.0,5,0.9657,0.0,0
1,1.0316,0,-0.1126,3,0.8011,0.0,0
1,1.2129,0,-0.0324,4,0.9368,0.0,0
1,1.2052,1,0.0,1,1.0205,0.0,0
1,1.3135,-1,0.2103,3,1.1084,0.0,0
1,1.248,-1,0.0768,2,1.0072,0.0,0
2,1.03,0,0.0015,5,1.0516,0.0,0
1,0.9615,-1,0.1008,10,0.7572,0.0,0
1,1.253,0,0.0,4,1.1292,0.0,0
1,1.1316,1,0.0,2,1.0154,0.0,0
1,1.2304,0,0.0958,2,0.9773,0.0,0
1,1.2825,0,0.3008,5,0.9482,0.0,0
1,0.9368,-4,-0.0474,3,0.9426,0.0,0
1,1.1765,1,0.0,3,0.9565,0.0,0
1,1.0136,0,-0.0303,5,0.8911,0.0,0
3,1.1526,-1,-0.0129,3,1.074,0.0,0
5,0.8233,2,0.0129,8,0.7631,0.0,1
4,0.9669,0,-0.0439,4,1.0385,0.0,0
3,0.7478,-2,-0.0949,7,0.6357,0.0,0
2,0.7566,-1,-0.0647,5,0.8093,0.0,0
11,0.668,0,0.0063,6,0.7775,0.0,1
3,0.8612,-2,0.0187,5,0.7566,0.1539,0
4,1.0385,2,0.0273,4,0.9669,0.0,0
3,1.0863,0,0.122,3,1.012,0.0,0
2,1.1549,1,-0.058,2,1.1023,0.0,0
3,0.8958,0,-0.0221,5,0.8657,0.0044,0
1,1.2088,0,0.0323,5,0.9826,0.0,0
6,0.8209,-3,0.0235,11,0.668,0.0,1
9,0.555,1,0.0066,7,0.5437,0.0,2
1,1.1515,0,0.1199,5,0.7961,0.0,0
8,0.7631,-2,-0.0044,5,0.7653,0.0,1
2,1.1633,0,0.0925,1,1.0358,0.0,0
8,0.9594,3,-0.0063,2,0.9256,0.0,0
4,0.958,-1,0.0065,3,0.8657,0.0025,0
1,1.131,0,0.2943,6,0.8209,0.0,0
4,0.8806,0,-0.0032,5,0.7775,0.0,1
4,0.7312,-1,-0.0773,7,0.7076,0.0,1
5,0.7775,2,-0.0715,11,0.668,0.0,1
2,1.075,2,0.0,3,1.001,0.0,0
3,0.7653,0,-0.017,8,0.7631,0.0,0
2,1.0285,1,-0.115,4,1.0799,0.0352,0
2,1.2676,0,0.1262,3,1.0382,0.0001,0
3,0.9699,1,-0.0366,3,0.8367,0.0,0
6,0.8079,0,-0.0252,7,0.7076,0.0,1
3,1.0413,2,-0.0292,2,0.918,0.0,0
3,0.8652,0,-0.0259,4,0.8018,0.0298,0
7,0.5437,-1,-0.0684,9,0.555,0.0002,1
6,0.9076,-2,-0.0174,3,1.0033,0.0,0
1,0.8807,0,0.1234,8,0.7312,0.0,0
1,1.1844,0,0.0,2,0.9598,0.0,0
3,1.0298,0,0.0966,2,1.001,0.0,0
5,0.8093,0,-0.0581,4,0.7566,0.102,1
4,1.0022,1,-0.0332,9,0.555,0.0,0
3,0.7961,1,-0.0051,8,0.7631,0.0,0
1,1.0293,0,0.1673,9,0.555,0.0,0
2,1.0298,0,0.0033,5,0.9826,0.0,0
4,0.9765,1,0.0174,3,0.8018,0.0044,0
4,1.0585,-1,0.0646,3,0.8018,0.0217,0
5,0.9826,3,0.0261,2,1.0298,0.0,0
4,0.9096,2,-0.1303,5,0.7566,0.042,0
7,0.7076,0,0.0027,6,0.7312,0.0,1
1,0.9256,-3,-0.0319,8,0.9594,0.0,0
1,0.824,1,0.0,5,0.8093,0.0,0
6,0.7935,1,-0.0353,9,0.5437,0.02,1
4,1.0799,3,-0.0566,4,1.0285,0.0184,0
4,0.8423,0,-0.0131,8,0.7631,0.0,1
2,1.0472,-1,-0.0612,3,1.1115,0.0004,0
4,1.1263,-1,0.0329,4,1.0285,0.0,0
3,1.1045,0,0.1267,4,0.9669,0.0,0
1,0.8367,1,0.0,6,0.8209,0.0,0
5,0.9179,3,-0.0558,3,0.8657,0.0006,0
2,1.074,0,0.0413,3,1.1115,0.0,0
2,0.8657,-2,-0.0134,5,0.8958,0.0008,0
3,1.0382,0,0.1136,3,0.824,0.0303,0
3,0.9246,-2,-0.0236,3,0.9699,0.0,0
2,1.0433,0,0.0279,2,1.001,0.006,0
2,1.3079,1,-0.0055,2,1.0472,0.0035,0
2,1.1343,0,0.0625,5,0.9179,0.0,0
2,0.9621,1,-0.1415,8,0.9553,0.0,0
1,1.2212,-1,0.024,4,1.1263,0.0,0
3,1.0033,1,0.0127,6,0.9076,0.0,0
1,1.2633,0,0.0329,2,1.0028,0.0,0
1,1.0747,1,0.0,3,0.9368,0.0,0
3,1.0083,2,0.0358,6,0.7935,0.0,0
2,1.001,2,0.0,3,1.0298,0.0,0
1,1.044,-2,-0.0287,4,1.0022,0.0,0
3,1.1115,1,0.0252,2,1.0472,0.0001,0
3,0.9832,-3,0.0354,6,0.6357,0.0001,0
2,1.0246,0,-0.027,3,1.0413,0.0,0
2,0.8638,1,0.0329,4,0.7312,0.0,0
2,0.9275,1,-0.0341,8,0.7631,0.0,0
1,1.1339,-2,0.117,3,0.9553,0.0,0
1,1.2777,0,0.3409,3,0.918,0.0,0
1,1.0028,0,0.0254,2,1.001,0.0,0
1,0.8018,0,-0.2118,4,0.8652,0.0,0
1,0.9598,-1,-0.0497,1,0.9863,0.0,0
1,1.037,1,0.0,1,0.9692,0.0,0
1,1.3835,1,0.0,2,0.9368,0.0,0
1,1.1615,1,0.0,3,0.9246,0.0,0
1,0.9692,0,-0.2442,4,1.037,0.0,0
6,0.8631,4,0.1502,7,0.7076,0.0,1
2,1.001,1,-0.0062,4,0.9096,0.0,0
1,1.2985,1,0.0,4,0.958,0.0,0
1,1.0994,-2,0.0162,3,1.001,0.0,0
2,1.012,0,-0.0569,3,1.0298,0.0,0
2,0.9571,1,0.0968,7,0.7076,0.0,0
3,0.8472,0,-0.0678,9,0.555,0.0015,0
1,1.2969,0,0.0917,2,1.0417,0.0,0
1,0.9863,0,-0.3123,4,0.958,0.0,0
1,0.9368,-2,-0.1059,3,1.0413,0.0,0
1,0.9553,-1,-0.0205,8,0.9594,0.0,0
1,1.0358,1,0.0,2,1.1633,0.0,0
1,0.9776,0,0.0261,4,0.8958,0.0,0
2,1.0417,1,0.0212,4,0.9765,0.0,0
1,0.918,0,-0.0245,3,1.0413,0.0,0
2,1.1023,-2,-0.0269,5,0.9826,0.0,0
1,0.6357,-1,-0.0776,9,0.5437,0.0,0
1,1.1846,0,-0.0633,4,0.9096,0.0,0
1,0.8386,1,0.0,7,0.5437,0.0,0
5,0.6583,1,-0.0729,8,0.7302,0.0,1
3,1.0265,0,-0.0117,4,0.8719,0.0002,0
3,0.8635,-3,-0.0441,6,0.9741,0.0,0
4,1.0171,0,0.0149,9,0.4999,0.0,0
2,1.1499,2,0.0,3,1.0501,0.0,0
5,0.7302,-2,0.0225,8,0.6278,0.0,1
9,0.4999,0,-0.0551,9,0.5329,0.0,2
3,1.0711,2,-0.0629,3,1.0002,0.0,0
4,1.1853,2,0.1381,2,1.1556,0.0012,0
5,0.9117,2,0.0159,5,0.8581,0.0032,0
6,0.7178,1,-0.0597,10,0.6718,0.0,1
4,1.0248,-1,0.0422,2,0.8976,0.0,0
6,0.856,0,-0.0071,5,0.6583,0.0,1
10,0.6718,-1,0.0038,6,0.7178,0.0,1
3,1.0112,-1,-0.0273,4,0.986,0.0,0
4,1.1732,2,0.0182,1,0.8976,0.0,0
6,0.7968,0,-0.024,10,0.6718,0.0,1
3,0.8781,2,-0.0025,9,0.6583,0.0,0
2,1.0006,0,-0.0279,3,1.0501,0.0352,0
3,1.0002,0,-0.0081,4,0.6837,0.0,0
6,0.9741,3,-0.0292,3,0.8635,0.0,0
9,0.7434,1,-0.0197,4,0.7058,0.0,1
1,1.037,0,0.0677,3,1.0546,0.0,0
9,0.5329,2,-0.0108,9,0.4999,0.0037,2
7,0.7895,2,-0.0198,5,0.8258,0.08,1
3,0.9898,0,0.0066,6,0.5781,0.0,0
3,1.0162,1,-0.0578,2,1.127,0.0,0
2,0.9278,0,0.0003,9,0.7434,0.0,0
4,0.854,0,-0.0267,6,0.7178,0.0,1
5,0.8581,0,-0.0598,5,0.9117,0.0004,1
2,1.0726,1,-0.0021,4,0.8876,0.0,0
4,0.7595,-1,-0.0638,9,0.7058,0.0,1
5,0.9153,1,-0.0611,2,0.8472,0.0047,0
2,0.9856,0,-0.0263,4,1.0277,0.0,0
2,1.07,0,0.0282,5,0.9153,0.0,0
2,1.0935,-1,-0.0109,4,1.0063,0.0,0
3,0.9875,2,-0.1119,3,1.0277,0.0,0
2,1.0471,1,0.0609,3,1.042,0.0038,0
3,0.7469,0,-0.0492,9,0.7434,0.0,0
8,0.7964,2,-0.0115,5,0.6278,0.0,1
2,0.986,1,-0.0579,4,1.0112,0.0,0
4,1.1224,1,0.0361,2,0.9856,0.0,0
4,0.6837,-2,-0.1099,9,0.4999,0.0002,1
6,0.954,-2,-0.0054,3,0.9002,0.0,0
1,1.253,0,-0.1305,4,1.1732,0.0,0
2,0.9825,1,-0.0467,9,0.4999,0.0309,0
2,0.9604,0,-0.1739,5,0.8581,0.0001,0
2,1.1556,-1,0.0441,4,1.0162,0.0,0
1,0.9002,0,-0.0254,6,0.954,0.0,0
4,1.0063,0,0.0394,3,1.0112,0.0,0
5,0.8258,1,-0.0838,7,0.7895,0.0024,1
3,1.0085,2,0.0532,6,0.954,0.0,0
1,1.131,0,0.2943,6,0.7968,0.0,0
1,0.8976,-1,-0.2046,4,1.0248,0.0,0
3,1.0501,-1,-0.0298,3,1.0006,0.0245,0
5,0.9358,2,-0.0341,2,1.0716,0.0,0
2,0.8472,1,0.0454,5,0.9153,0.0003,0
2,1.1672,2,0.0,2,0.9604,0.0001,0
2,1.2407,2,0.0,2,1.0471,0.0278,0
3,0.7792,-1,-0.0631,9,0.7434,0.0,0
2,1.0277,-1,-0.0021,3,0.9856,0.0,0
1,1.1366,1,0.0,3,1.0501,0.0,0
3,1.0831,1,0.0081,3,0.9875,0.0,0
2,1.127,-1,-0.0255,4,1.0162,0.0,0
3,1.0546,-1,-0.0039,2,0.8472,0.0002,0
1,0.9923,1,0.0,5,0.9153,0.0,0
1,1.0358,0,0.0,3,1.1857,0.0,0
3,1.1857,1,0.0224,1,0.9773,0.0041,0
2,0.8221,-1,-0.0251,9,0.4999,0.0001,0
4,1.2608,2,-0.0068,3,1.0265,0.0059,0
4,0.9759,1,-0.0654,2,1.0726,0.0,0
2,1.0452,0,0.0154,4,0.8976,0.0,0
1,0.6278,1,0.0,8,0.7302,0.0,0
3,1.0479,1,0.0469,5,0.8258,0.0001,0
1,1.2827,-1,0.258,4,0.8876,0.0,0
2,0.8222,-1,0.0744,6,0.5781,0.0,0
2,0.8104,1,-0.3411,4,0.7469,0.0,0
2,1.1501,1,-0.0586,4,0.8104,0.0,0
1,0.7058,-2,-0.0596,9,0.7434,0.0,0
1,1.0428,-1,0.0858,5,0.6278,0.0,0
3,1.1095,1,0.0662,3,0.9773,0.0048,0
1,0.9213,0,0.0827,9,0.5329,0.0,0
2,0.974,-1,0.1088,5,0.8472,0.0453,0
1,1.2129,0,-0.0648,4,0.9759,0.0,0
2,1.0716,-1,0.147,5,0.9358,0.0,0
3,1.042,-1,0.0841,5,0.9117,0.0091,0
2,0.5781,1,-0.0575,9,0.4999,0.0,0
3,1.1005,-1,-0.0257,3,0.8876,0.0,0
1,1.0186,-1,0.1548,5,0.6583,0.0,0
1,0.9773,0,-0.286,3,1.1095,0.0,0
1,1.0585,-2,0.1973,7,0.7895,0.0,0
1,1.0013,1,0.0,5,0.8581,0.0,0
1,0.8719,0,0.0479,7,0.7895,0.0,0
1,0.8876,1,0.0,3,1.0726,0.0,0
1,0.8963,1,0.0,3,0.7469,0.0,0
3,1.0148,1,-0.0552,5,0.9106,0.0,0
7,0.866,2,0.0079,3,0.876,0.0007,1
9,0.7599,1,-0.0366,6,0.6727,0.0,1
2,1.1034,-1,0.0614,3,0.876,0.0001,0
11,0.7322,1,0.0604,7,0.6319,0.0,1
4,0.8716,0,0.0176,7,0.6319,0.0,1
3,1.1161,-1,-0.057,2,0.8976,0.0,0
5,1.017,1,0.0107,3,0.9507,0.0,0
3,1.043,-1,0.0259,9,0.5064,0.0,0
2,1.2645,2,0.0,2,0.9818,0.0048,0
4,0.7352,-3,-0.0543,6,0.7597,0.0917,1
3,1.0231,1,-0.0494,3,0.9113,0.0,0
1,0.8976,0,0.0,4,1.0245,0.0,0
3,0.6605,0,-0.0863,6,0.7589,0.0,0
3,1.0777,0,0.0298,6,0.7597,0.0003,0
2,0.9818,1,0.0045,2,1.0901,0.0,0
2,0.887,2,0.0,4,0.6605,0.0,0
2,1.0194,-1,0.0295,7,0.5264,0.0,0
3,0.9878,3,0.0,5,0.9431,0.0,0
9,0.5064,0,0.0065,10,0.5264,0.0,2
10,0.5295,1,-0.0034,9,0.5064,0.0004,2
1,1.037,1,0.0,2,0.8859,0.0,0
4,1.0039,1,0.0037,2,0.6556,0.0,0
7,0.9178,1,-0.0564,3,1.0104,0.0,0
9,1.0854,6,0.0353,1,0.8891,0.038,0
3,1.0276,1,0.042,3,1.0129,0.0,0
2,0.9894,-1,-0.0817,5,0.9431,0.0,0
3,1.0104,2,0.1102,7,0.9178,0.0,0
3,1.2821,-1,0.0968,4,1.0793,0.0123,0
3,0.9002,1,-0.0276,9,0.7589,0.0,0
4,0.8862,2,-0.0964,9,0.5064,0.0279,1
3,0.6727,-2,0.0143,9,0.7599,0.0,0
1,0.9662,1,0.0,6,0.7352,0.0,0
4,1.0245,0,-0.0002,2,0.887,0.0,0
6,0.7596,2,0.0,6,0.6605,0.0,1
6,0.7711,1,0.0409,9,0.6727,0.0,1
2,1.1481,-1,0.1216,2,0.961,0.0001,0
2,0.8956,1,0.1899,6,0.7589,0.0,0
2,0.8859,0,0.0387,5,0.9106,0.0049,0
2,0.7597,2,0.0,6,0.7352,0.0002,0
6,0.8406,1,0.0149,4,0.7352,0.0503,1
1,1.2647,1,0.0,2,1.2441,0.0,0
3,0.9507,0,-0.0606,5,1.017,0.0,0
2,1.0129,0,-0.0148,3,0.9859,0.0,0
1,1.2304,-2,0.0447,3,0.9818,0.0,0
3,1.0702,1,-0.0568,3,1.0005,0.0,0
3,1.0964,2,0.0606,1,1.2304,0.0028,0
2,0.876,2,0.0,7,0.866,0.0,0
3,1.1454,-1,0.023,3,1.0276,0.0,0
5,0.9106,0,-0.0047,3,0.8859,0.0017,0
7,0.6319,1,-0.086,11,0.7322,0.0,1
3,1.0831,3,0.0,3,0.9859,0.0,0
1,1.0765,1,0.0,3,1.0148,0.0,0
3,1.067,1,0.0809,3,0.9507,0.0,0
3,0.8555,-3,0.0587,11,0.7322,0.0,0
1,1.0088,-5,0.0549,5,0.9431,0.0,0
5,0.9431,2,-0.0653,3,0.9878,0.0,0
6,0.7589,-3,0.0155,6,0.6605,0.0,1
3,0.9938,1,0.0334,7,0.866,0.0369,0
2,1.0655,0,0.0915,5,0.8859,0.0255,0
2,0.6556,-2,-0.0281,10,0.5064,0.0033,0
1,0.9157,0,-0.2153,5,0.8555,0.0,0
3,1.0419,-1,0.0661,3,1.0231,0.0,0
7,0.8816,1,0.0256,6,0.6727,0.0,1
5,0.9536,0,0.0178,2,0.9157,0.0,0
1,1.1405,0,0.082,4,0.7352,0.0,0
1,1.0329,-1,-0.0142,2,1.1034,0.0,0
2,1.0482,-1,-0.0064,2,0.8859,0.0006,0
1,0.8891,-1,-0.1115,9,1.0854,0.0,0
2,1.0419,2,0.0,3,0.8976,0.0,0
4,1.0793,2,-0.0763,3,1.0005,0.0,0
2,0.8212,0,-0.0009,9,0.5064,0.0,0
2,1.0854,0,0.0138,5,0.9536,0.0,0
1,0.8725,-2,0.0933,6,0.6605,0.0,0
2,0.961,1,0.0891,4,0.7352,0.0001,0
3,0.9822,-2,0.0705,7,0.866,0.0041,0
2,0.8545,0,0.0442,6,0.6605,0.0,0
1,1.0005,-2,-0.0156,4,1.0702,0.0,0
1,1.1215,-1,-0.0286,4,0.8545,0.0,0
1,1.3835,1,0.0,3,1.0231,0.0,0
2,1.2441,-2,-0.0168,2,1.1481,0.001,0
4,0.8443,3,-0.052,3,0.6605,0.0,1
2,0.8561,0,0.0339,7,0.5264,0.0,0
3,0.9859,0,-0.0016,3,1.0129,0.0,0
1,1.262,-1,0.0948,3,0.9938,0.0,0
1,0.9113,0,0.0237,3,1.0231,0.0,0
4,0.5264,2,-0.0517,10,0.5064,0.0002,1
1,1.0901,1,0.0,3,0.9818,0.0,0
1,1.0747,1,0.0,3,0.9113,0.0,0
1,1.2572,0,0.0443,3,1.0419,0.0,0
2,0.9161,-1,0.038,9,0.6727,0.0,0
1,1.0553,1,0.0,3,0.9859,0.0,0
1,1.2969,-1,0.0563,1,1.0329,0.0,0
1,1.1919,1,0.0,1,0.8891,0.0,0
1,1.2088,1,0.0,4,0.8976,0.0,0
1,0.7311,0,0.1033,9,0.7599,0.0,0
1,1.1844,1,0.0,1,1.0329,0.0,0
2,0.9731,-1,-0.0417,5,0.881,0.0,0
2,1.1518,0,-0.1128,2,0.9773,0.0008,0
3,1.2419,0,-0.0402,2,1.0472,0.0015,0
4,1.0081,1,0.0574,4,1.0196,0.0,0
4,1.0399,1,-0.027,4,1.0081,0.0,0
10,0.4933,0,-0.0362,9,0.4083,0.0005,2
5,1.0045,4,0.1068,2,0.9869,0.0,0
1,1.1805,-2,0.1385,3,0.9376,0.0,0
5,0.83,3,-0.0245,8,0.7264,0.0,1
2,1.1196,-2,0.1157,4,0.9782,0.0,0
2,0.8883,0,0.0124,5,0.8517,0.0,0
5,0.8517,-2,-0.0143,6,0.8883,0.0005,1
10,0.7294,-1,-0.0028,7,0.6311,0.0,1
7,0.6311,0,-0.0008,10,0.7294,0.0,1
6,0.7335,3,0.0609,6,0.7345,0.0,1
5,0.8048,1,-0.0668,7,0.6311,0.0,1
3,1.0863,0,0.0587,3,0.9986,0.0,0
6,0.8412,3,-0.0591,6,0.7345,0.0,1
5,0.881,0,-0.0297,2,0.946,0.0031,1
2,1.1633,-1,0.0669,2,1.0358,0.0,0
6,0.7345,-3,-0.0253,6,0.7335,0.0,1
2,1.0014,2,0.0,2,0.9376,0.0,0
4,0.9575,-1,0.0039,2,0.9076,0.0,0
1,1.1844,0,0.1515,3,1.0305,0.0,0
2,0.9123,1,0.0398,8,0.7526,0.0,0
2,0.7989,0,0.0392,4,0.7591,0.0318,0
7,1.0873,-2,0.0019,1,0.8876,0.0872,0
2,1.1251,0,0.0595,5,0.881,0.0378,0
4,0.8174,-2,-0.0233,4,0.7591,0.0011,1
3,0.9895,2,-0.1509,4,0.7591,0.0045,0
1,0.9773,-1,-0.0045,3,1.1085,0.0,0
2,1.0583,1,0.1469,2,0.8876,0.0,0
3,1.0831,3,0.0,3,0.9776,0.0,0
1,1.2856,0,-0.0979,3,0.9376,0.0,0
1,1.1765,0,-0.0323,5,1.0045,0.0,0
3,0.5585,3,0.0,10,0.4083,0.0001,0
9,0.5621,0,0.0557,10,0.4083,0.0,2
2,1.2067,0,0.1213,4,0.9575,0.0,0
2,0.7762,0,-0.045,9,0.4083,0.0006,0
4,1.1879,2,0.0398,3,0.9895,0.0232,0
2,0.8904,0,0.0343,5,0.4083,0.0,0
4,0.8099,0,-0.0344,8,0.7526,0.0,1
8,0.7526,5,0.092,5,0.7264,0.0,1
6,0.9589,3,-0.0349,5,0.8517,0.0029,0
3,0.9776,3,0.0,3,1.0277,0.0,0
4,0.4083,0,-0.1182,10,0.4933,0.0,1
4,0.8924,0,0.0062,9,0.5621,0.02,1
2,0.9869,0,-0.0551,5,1.0045,0.0,0
1,1.2647,-1,0.0207,4,1.1879,0.0,0
3,1.0305,1,-0.0729,2,0.8883,0.0006,0
4,0.7591,0,0.0239,4,0.7989,0.0725,1
3,1.1884,3,0.0,2,0.9542,0.0101,0
3,0.9823,1,0.3266,10,0.4933,0.0,0
2,0.9986,0,-0.0142,3,1.0277,0.0,0
1,1.1814,0,0.06,5,0.8122,0.0,0
2,0.9076,1,-0.0081,4,0.8866,0.0,0
3,1.1618,2,-0.0954,1,1.1798,0.0,0
3,0.9013,0,-0.1764,4,0.7989,0.0007,0
5,0.8991,-2,0.0175,6,0.7335,0.0,1
3,1.0033,0,-0.0071,6,0.9213,0.0,0
2,1.0153,0,-0.0041,5,0.4083,0.0001,0
6,0.9213,-1,0.0036,3,1.0033,0.0,0
3,1.0196,-2,0.0026,4,1.0081,0.0,0
4,0.9186,2,0.023,4,0.7264,0.0,0
2,0.8866,-1,0.0311,10,0.7294,0.0,0
2,0.9376,-1,-0.0856,2,1.0014,0.0,0
3,1.0834,2,0.0829,2,1.0267,0.0,0
1,0.9887,1,0.0,4,0.8866,0.0,0
4,0.9782,2,-0.0112,3,0.9266,0.0,0
1,1.0892,0,0.123,4,0.7591,0.0,0
5,0.8126,-1,0.0416,6,0.7335,0.0,1
3,0.9266,-2,-0.0166,4,0.9256,0.0,0
3,1.0072,2,-0.0693,2,0.9731,0.034,0
1,0.8876,1,0.0,7,1.0583,0.0,0
2,1.0267,-1,-0.0435,3,1.0834,0.0,0
1,0.946,-1,0.0601,5,0.881,0.0,0
2,1.0472,-2,-0.0321,3,1.0834,0.0,0
3,1.1085,2,0.0184,3,0.9013,0.0283,0
1,0.9256,0,-0.0832,3,0.9266,0.0,0
2,0.7715,0,-0.1446,6,0.7335,0.0,0
3,0.9532,0,-0.0346,4,0.9256,0.0,0
2,1.0117,-1,0.0295,5,0.8517,0.2493,0
4,0.7264,-2,-0.0332,8,0.7526,0.0,1
1,1.2827,0,0.0907,2,0.8876,0.0,0
2,1.0277,-1,0.0418,3,0.9776,0.0,0
2,1.2261,1,-0.0043,2,0.9773,0.0001,0
2,0.9542,0,-0.094,3,0.946,0.0017,0
1,1.0719,-2,0.0289,9,0.5621,0.0,0
3,1.1526,0,0.0072,3,1.0267,0.0,0
1,1.1798,-2,0.0637,5,0.9869,0.0,0
2,0.8122,0,-0.0748,8,0.7526,0.0,0
1,1.0358,1,0.0,2,1.1633,0.0,0
1,1.2969,0,0.1125,3,1.0072,0.0,0
1,1.018,1,0.0,5,0.881,0.0,0
2,1.19,2,0.0,4,1.0996,0.0,0
2,0.9647,-1,-0.013,3,1.0249,0.0,0
2,1.0139,-1,0.0066,2,0.8448,0.0118,0
6,0.8369,0,-0.0043,8,0.7385,0.0,1
4,0.5972,1,0.0387,9,0.416,0.0003,1
4,0.7081,0,-0.0183,8,0.7365,0.0,1
3,1.094,0,0.1044,5,0.7964,0.0054,0
6,0.9593,3,-0.044,3,0.8873,0.0,0
6,0.416,2,0.0077,9,0.4776,0.0,1
6,0.9654,2,-0.0128,3,0.9635,0.0,0
2,1.2441,0,0.0808,3,0.9625,0.0001,0
2,0.768,0,-0.0081,8,0.416,0.0001,0
3,1.0313,1,-0.1948,2,1.0901,0.0002,0
3,1.0093,1,-0.0174,2,1.1095,0.0,0
3,0.7429,1,-0.0286,8,0.7385,0.0,0
8,0.7365,0,-0.0161,4,0.7081,0.0,1
5,1.0272,1,0.0191,4,1.0168,0.0,0
4,0.9859,1,0.0036,9,0.4776,0.0197,0
1,1.1934,0,-0.0922,3,1.195,0.0,0
6,0.8506,1,-0.001,5,0.9239,0.0007,1
8,0.7385,2,0.004,7,0.7429,0.0,1
3,0.9306,1,-0.0707,3,1.021,0.0,0
1,1.1046,1,0.0,2,1.0139,0.0,0
8,0.5493,-1,-0.0129,9,0.416,0.0,2
3,1.0627,-2,0.1635,7,0.7732,0.0,0
2,0.9701,0,0.0625,3,0.8805,0.0,0
4,1.0244,0,-0.0155,5,1.0272,0.0,0
2,0.8907,0,0.0785,8,0.7365,0.0,0
6,0.9347,1,0.0538,2,0.8448,0.0008,0
9,0.4776,-1,-0.0158,8,0.416,0.0006,2
3,0.9694,0,0.0681,6,0.7981,0.0195,0
7,0.8046,1,0.071,8,0.7385,0.0,1
5,1.0933,2,0.0071,2,0.9726,0.0,0
1,0.8805,0,-0.1082,3,0.9253,0.0,0
3,0.8176,-1,0.0077,8,0.7365,0.0,0
3,0.8873,-3,-0.034,6,0.9593,0.0,0
5,0.9239,-1,-0.035,6,0.8506,0.0034,0
1,1.1006,1,0.0,2,0.973,0.0,0
2,0.8448,1,-0.1732,6,0.9347,0.0274,0
2,1.256,0,0.0493,3,0.9653,0.0,0
3,1.1544,1,0.2002,2,0.9806,0.0139,0
1,1.0088,-2,-0.1796,3,1.1544,0.0,0
1,0.7775,-1,-0.1129,6,0.416,0.0,0
3,1.0831,0,0.0,2,0.9647,0.0,0
3,1.195,0,0.0332,1,0.923,0.0,0
4,1.094,2,0.0468,2,1.1095,0.0,0
1,1.2634,1,0.0,1,1.2606,0.0,0
3,0.7732,-2,-0.0394,8,0.7385,0.0,0
1,1.2606,-2,0.0187,4,1.094,0.0,0
4,1.0996,-3,0.0122,2,0.8876,0.0216,0
1,1.0537,0,-0.0181,8,0.5493,0.0,0
1,1.2827,1,0.0,4,0.8876,0.0,0
2,1.1095,-1,0.0261,4,1.0093,0.0,0
2,1.0277,0,0.0,2,0.9647,0.0,0
2,1.148,-1,0.0395,3,0.9694,0.0002,0
5,0.7964,1,0.0373,6,0.7981,0.0702,1
1,0.8191,1,0.0,7,0.7429,0.0,0
6,0.747,-4,0.0176,9,0.6633,0.0,1
1,1.1346,0,0.0988,2,0.9625,0.0,0
2,0.9073,2,0.0,8,0.7081,0.0,0
5,0.8808,1,-0.0116,8,0.5493,0.0224,1
4,1.0234,-1,0.0189,1,0.9069,0.0,0
1,1.0168,-2,-0.0028,5,1.0272,0.0,0
9,0.6633,2,0.0322,6,0.7016,0.0,1
2,0.8646,0,-0.1507,6,0.416,0.0003,0
2,0.9806,0,-0.1445,6,0.9347,0.0367,0
4,0.8237,-1,-0.0064,8,0.7081,0.0,1
3,0.9253,1,0.0386,6,0.747,0.0,0
2,1.0467,0,0.0735,6,0.8448,0.0,0
1,0.9515,-1,-0.0602,6,0.8506,0.0,0
5,0.7016,0,-0.1032,9,0.6633,0.0,1
2,1.0109,0,-0.1087,6,0.9654,0.0,0
1,1.343,1,0.0,3,1.0313,0.0,0
6,0.8748,2,0.0574,5,0.7964,0.0477,1
3,0.9653,-1,0.0077,2,0.8805,0.0,0
1,1.0249,1,0.0,3,0.9647,0.0,0
2,1.2764,-2,0.0886,3,1.094,0.0001,0
3,0.9635,0,0.0103,6,0.951,0.0,0
1,1.077,1,0.0,6,0.8506,0.0,0
2,0.7981,0,-0.0009,6,0.7964,0.0318,0
1,1.0901,0,0.1128,3,1.0313,0.0,0
1,1.0867,1,0.0,4,0.5972,0.0,0
1,1.1455,-1,0.2571,6,0.8506,0.0,0
2,1.2982,0,0.3606,3,0.9306,0.0,0
2,0.9457,-2,0.0271,4,0.7081,0.0,0
1,1.164,-2,0.0114,5,1.0093,0.0,0
2,0.9271,0,0.0148,8,0.7365,0.0,0
1,0.9069,-1,-0.08,4,0.923,0.0,0
1,0.9625,1,0.0,2,1.1346,0.0,0
2,0.9726,0,-0.026,5,1.0277,0.0,0
1,1.0104,1,0.0,3,0.8176,0.0,0
3,1.021,1,-0.0373,3,0.8876,0.0,0
1,0.951,0,0.0254,6,0.9593,0.0,0
1,1.2143,1,0.0,3,0.9069,0.0,0
1,1.1765,1,0.0,4,0.923,0.0,0
2,1.0197,2,0.0,5,0.9239,0.0001,0
2,0.973,-1,-0.0575,1,0.9515,0.0003,0
1,0.9076,0,-0.2738,4,0.8237,0.0,0
1,0.923,0,-0.2568,4,0.9069,0.0,0
1,1.2647,0,0.0,2,1.2764,0.0,0
1,1.1515,0,-0.025,4,0.9076,0.0,0
1,0.8876,0,0.0,4,1.021,0.0,0
1,1.2969,0,0.1125,2,0.973,0.0,0
3,0.9942,0,-0.0268,3,0.8876,0.0,0
3,1.0383,1,-0.0711,3,1.1,0.0,0
1,1.2634,0,0.0028,3,1.0012,0.0,0
7,0.7299,-1,-0.0086,8,0.725,0.0,1
2,1.024,1,-0.14,4,1.0802,0.0,0
2,0.9523,1,-0.0725,2,1.0277,0.0,0
3,1.1215,1,0.1489,4,0.9714,0.0,0
2,0.9204,0,0.0558,9,0.3848,0.0,0
6,0.4305,-3,-0.047,9,0.3848,0.0008,1
1,0.8955,-1,-0.0851,6,0.9147,0.0,0
2,0.9702,0,0.0629,7,0.725,0.0,0
1,1.1765,0,0.0,3,0.9685,0.0,0
5,0.7604,1,-0.0632,7,0.7237,0.0,1
7,0.7429,-1,0.0064,5,0.7237,0.0,1
8,0.69,-1,0.0267,7,0.6485,0.0,1
1,0.9147,1,0.0,6,0.8955,0.0,0
3,1.1893,-1,0.0953,3,1.0383,0.0003,0
6,0.9277,0,-0.0316,2,0.8541,0.0,0
3,0.9783,-1,-0.0461,5,1.0341,0.0,0
8,0.7861,1,-0.0184,7,0.725,0.0,1
2,0.9709,1,0.0633,5,0.7237,0.0,0
6,0.9548,0,0.02,2,0.8152,0.0014,0
2,1.0212,0,0.0014,7,0.8778,0.0052,0
2,1.0764,1,0.1254,6,0.9256,0.0,0
2,1.1,-1,0.0907,3,1.024,0.0,0
7,0.8645,4,-0.105,3,0.7842,0.0175,1
4,1.0802,-1,-0.0131,3,1.024,0.0,0
2,1.2782,-1,0.1238,1,0.8955,0.0,0
6,0.7621,0,0.015,8,0.69,0.0,1
9,0.3848,3,-0.0312,7,0.4305,0.0,2
1,1.0811,1,0.0,3,0.7995,0.0,0
5,0.5355,-3,-0.0138,9,0.3848,0.0,1
3,0.9271,1,-0.0001,7,0.7429,0.0,0
4,0.7914,0,0.0833,7,0.7429,0.0,1
1,0.8541,-2,-0.0332,6,0.9277,0.0,0
2,0.9432,0,-0.027,3,0.84,0.0,0
4,0.8875,0,-0.0984,6,0.4305,0.0197,1
3,1.059,2,0.0052,5,0.5355,0.0,0
7,0.8778,2,-0.0461,5,0.9385,0.0001,1
5,0.8625,0,-0.0183,7,0.5355,0.0284,1
3,1.0181,2,0.0951,2,0.9685,0.0,0
5,1.0341,0,0.0069,3,0.9783,0.0,0
3,0.8542,-2,0.0578,3,0.7842,0.18,0
5,0.725,2,-0.0178,8,0.7299,0.0,1
3,1.2616,1,-0.0148,2,1.1152,0.0,0
1,1.0747,1,0.0,3,0.8876,0.0,0
1,0.9625,1,0.0,2,1.1482,0.0,0
5,0.9385,-1,0.0879,7,0.8778,0.0058,0
1,1.1887,1,0.0,4,0.9972,0.0,0
7,0.5607,3,-0.0364,9,0.3848,0.0003,1
5,1.0192,3,0.0084,6,0.8875,0.0,0
3,0.7811,0,-0.0365,7,0.7237,0.0,0
4,0.9972,2,-0.0167,2,0.8152,0.0376,0
2,1.1152,-1,0.0213,3,0.8542,0.0,0
1,1.1761,0,-0.0173,2,1.1621,0.0,0
7,0.6485,2,-0.0531,8,0.69,0.0,1
1,1.2962,0,0.1616,2,0.9625,0.0,0
3,0.9526,0,0.0273,6,0.7621,0.0,0
3,0.7842,1,-0.0138,7,0.7995,0.0309,0
2,1.1621,-1,-0.0329,3,1.0181,0.0,0
1,1.1861,-1,-0.058,2,0.9562,0.0,0
6,0.9629,0,-0.0025,5,0.9256,0.0,0
1,1.0356,-1,-0.1544,0,1.0356,0.0,0
3,1.1023,2,0.0855,5,1.0341,0.0,0
5,0.8345,-1,-0.0024,7,0.725,0.0,1
3,0.6997,1,-0.0683,9,0.3848,0.0193,0
3,1.1392,2,0.0491,2,0.9562,0.0017,0
1,1.2969,0,0.0,1,1.0638,0.0,0
3,1.0281,0,0.0975,3,0.9942,0.0,0
3,0.8722,0,0.099,8,0.7299,0.0,0
1,1.053,-2,-0.0301,3,0.9523,0.0,0
2,0.9562,-1,-0.0751,3,1.1392,0.0942,0
1,0.9714,1,0.0,3,1.0277,0.0,0
2,1.1482,1,0.1857,1,0.9625,0.0,0
2,0.8541,2,0.0,2,0.7237,0.0,0
2,0.9639,1,-0.0465,3,0.7237,0.0,0
1,1.077,0,0.0,7,0.8778,0.0,0
2,1.097,-1,0.0343,8,0.7861,0.0,0
1,0.8626,0,0.0851,9,0.3848,0.0,0
1,1.2827,0,0.0,1,0.8876,0.0,0
1,1.0012,1,0.0,1,1.2634,0.0,0
3,1.2144,0,0.2492,2,0.84,0.0,0
1,0.9256,1,0.0,6,0.9629,0.0,0
1,0.84,0,-0.0405,3,0.9432,0.0,0
1,1.0856,1,0.0,2,0.9147,0.0,0
2,0.9685,-2,-0.0549,3,0.8541,0.0,0
1,1.1934,1,0.0,3,1.0281,0.0,0
2,1.0452,1,-0.1691,3,1.0181,0.0,0
1,1.0638,0,-0.0408,4,0.9972,0.0,0
2,0.8152,0,-0.0296,6,0.9548,0.0085,0
2,0.973,1,0.0215,5,0.9385,0.0003,0
1,1.0285,-1,-0.1195,7,0.8645,0.0,0
1,0.7237,-1,-0.167,7,0.7429,0.0,0
1,0.8876,0,0.0,3,0.9942,0.0,0
2,1.0277,0,0.063,2,0.9523,0.0,0
1,1.1891,-1,-0.0669,3,1.0212,0.0,0
1,1.12,1,0.0,1,0.7995,0.0,0
1,1.248,0,-0.095,2,0.9562,0.0,0
1,0.7995,-5,-0.0753,7,0.7842,0.0,0
1,1.2856,-1,-0.0126,3,0.9942,0.0,0
1,1.1814,0,0.03,2,0.8541,0.0,0
1,1.1844,-1,0.2113,2,0.973,0.0,0
5,0.8781,-2,0.0004,4,0.9222,0.044,1
4,0.7311,3,0.0074,6,0.6596,0.0,1
5,0.7813,0,-0.0532,5,0.6424,0.0,1
1,0.9822,1,0.0,6,0.8295,0.0,0
1,1.2634,0,0.0,1,1.0012,0.0,0
6,0.5242,-1,-0.0365,10,0.3941,0.0,1
5,0.8937,1,0.1023,6,0.6596,0.0,1
1,1.0012,0,0.0,1,1.2634,0.0,0
10,0.3941,1,0.0093,9,0.5239,0.0,2
6,0.9487,0,-0.0142,4,0.9256,0.0,0
5,0.9873,2,0.009,3,1.0106,0.0,0
3,1.1568,2,-0.0366,1,1.2143,0.0,0
9,0.5239,3,0.0934,10,0.3941,0.0009,2
4,1.087,1,0.0928,4,0.9671,0.0,0
4,0.9317,2,-0.0894,5,0.8781,0.0,0
4,1.0016,3,0.114,4,0.9671,0.0,0
3,0.9165,0,-0.036,4,0.8081,0.0,0
5,0.6944,2,-0.0053,10,0.3941,0.0031,1
2,1.0385,0,0.0145,3,1.0928,0.0,0
2,1.1119,-2,0.0317,4,1.0385,0.0,0
2,1.0621,1,-0.1266,3,0.9933,0.0006,0
2,1.079,1,-0.1101,4,0.9317,0.0,0
1,0.9256,1,0.0,6,0.9487,0.0,0
1,1.3045,1,0.0,6,0.8295,0.0,0
2,1.0486,1,0.086,1,1.192,0.0006,0
1,1.1966,-2,0.0072,4,1.0865,0.0,0
6,0.8295,-1,-0.035,2,0.804,0.0278,1
4,1.0038,2,-0.0726,5,0.9082,0.0,0
2,1.0438,-2,0.1563,9,0.5239,0.0367,0
8,0.6476,1,-0.0009,9,0.7018,0.0,1
3,1.0053,-3,0.0505,4,0.8399,0.0031,0
5,0.9812,2,-0.0368,2,0.8827,0.0,0
8,0.8037,0,0.0176,5,0.6424,0.0,1
3,0.9841,2,-0.0689,3,1.0276,0.0,0
2,0.9708,0,0.1167,4,0.7311,0.0,0
5,0.7113,-2,-0.0186,8,0.6424,0.0,1
1,0.9612,-1,-0.0118,4,0.9222,0.0,0
4,0.6596,-3,-0.0832,6,0.7311,0.0,1
2,1.122,1,0.0409,3,0.8303,0.0006,0
2,1.1492,2,0.0,1,1.2647,0.0201,0
4,0.6424,-1,-0.0826,8,0.7113,0.0,1
4,0.9987,-1,-0.0205,6,0.9487,0.0,0
4,0.9495,4,0.0,3,0.8399,0.0231,0
9,0.7018,1,0.0118,8,0.6476,0.0,1
2,0.8303,-1,-0.024,3,0.804,0.0918,0
2,1.2239,1,0.0475,5,0.9812,0.0,0
3,1.0778,1,-0.0192,8,0.8037,0.0,0
6,0.7615,1,0.001,5,0.6596,0.0,1
4,1.0903,1,-0.0312,2,0.9714,0.0,0
2,1.2619,1,0.3664,3,0.9392,0.0,0
5,0.9082,-1,-0.0195,4,1.0038,0.0,0
1,0.862,-1,-0.0584,10,0.3941,0.0,0
1,1.0856,-1,-0.1926,2,0.9392,0.0,0
1,1.1001,1,0.0,5,0.8781,0.0,0
5,0.5476,0,0.0121,10,0.3941,0.0,1
4,0.9075,1,-0.0195,5,0.6596,0.0,0
1,1.1919,1,0.0,4,1.0016,0.0,0
4,0.8254,-1,-0.0371,8,0.5476,0.0028,1
1,1.2143,-1,0.0523,5,0.8827,0.0,0
4,1.0865,1,0.0481,3,1.0928,0.0,0
3,1.1308,2,-0.0536,1,0.9612,0.1774,0
2,1.0069,1,-0.0217,6,0.8295,0.0355,0
3,1.1195,0,-0.0198,2,0.9689,0.0001,0
2,1.0011,0,0.0302,6,0.7311,0.0,0
2,0.804,-1,0.0198,6,0.8295,0.037,0
1,0.9731,0,0.0017,4,0.9714,0.0,0
1,1.1388,1,0.0,1,1.0856,0.0,0
3,1.1869,1,0.0716,2,0.8303,0.0037,0
4,0.9456,2,0.0024,3,0.9165,0.0,0
3,1.0106,-2,-0.0235,5,0.9873,0.0,0
3,0.9933,-1,-0.0039,4,0.8399,0.0389,0
3,1.0929,0,-0.0094,3,0.9841,0.0,0
1,1.2647,-2,0.0031,3,1.1492,0.0,0
4,0.8645,2,-0.0994,4,0.7311,0.0,1
4,0.9222,-1,-0.0163,5,0.8781,0.0075,0
2,0.8399,0,0.0248,4,0.9495,0.0004,0
1,0.9714,1,0.0,4,0.9731,0.0,0
2,0.8154,2,0.0,8,0.6424,0.0,0
2,0.8628,1,0.0633,6,0.804,0.0579,0
3,0.8081,-3,0.046,9,0.7018,0.0,0
1,0.9671,1,0.0,4,1.0016,0.0,0
2,1.1343,-1,-0.0801,4,0.9456,0.0,0
1,1.2253,0,-0.0603,4,1.087,0.0,0
1,0.8696,0,0.007,10,0.3941,0.0,0
1,1.0638,0,0.0,3,0.9933,0.0,0
1,1.0276,-1,-0.0001,3,0.9714,0.0,0
3,1.0928,1,-0.0072,4,1.0385,0.0,0
1,1.192,-1,0.0438,2,1.0486,0.0,0
2,0.9689,0,0.0127,3,1.1195,0.0038,0
2,1.0725,-1,0.0136,5,0.5476,0.0,0
1,0.9392,0,0.0244,3,1.0053,0.0,0
2,0.8671,-1,0.086,4,0.6596,0.0,0
1,1.248,0,0.0,2,0.9689,0.0,0
1,0.8827,-1,-0.1626,5,0.9812,0.0,0
2,0.7712,0,-0.1989,5,0.6424,0.0,0
1,1.2962,0,0.0,2,1.0486,0.0,0
1,1.1861,0,0.0,2,0.9689,0.0,0
1,1.0278,-1,0.0755,3,0.9714,0.0,0
1,1.0316,-2,0.1594,8,0.7113,0.0,0
5,0.9386,2,0.0221,4,0.873,0.0,0
7,0.8457,1,0.0162,3,0.8427,0.032,1
4,0.7,-2,-0.0615,7,0.5722,0.0,1
5,0.699,1,0.0566,5,0.7233,0.0,1
4,0.7233,-1,0.012,5,0.699,0.0,1
12,0.6474,4,-0.0002,5,0.7224,0.0,1
4,0.9939,0,-0.0078,3,0.9426,0.0221,0
4,1.1338,0,0.0474,3,1.1262,0.0,0
3,0.9208,1,-0.1517,5,0.5957,0.0,0
4,0.9207,-1,0.0269,4,0.5722,0.0,0
2,0.9161,-4,-0.0326,8,0.9761,0.0,0
3,1.0771,1,-0.0019,4,0.9262,0.0003,0
3,0.8522,-1,-0.0123,7,0.7097,0.0,0
4,0.9262,0,-0.0056,6,0.8688,0.0,0
3,1.1777,-1,0.0908,4,0.9426,0.0,0
10,0.3318,0,-0.0623,10,0.5158,0.0,2
6,0.8688,1,-0.0093,4,0.9174,0.0024,1
5,0.7224,-4,0.0206,12,0.6474,0.0,1
10,0.529,1,0.0051,10,0.3318,0.0007,2
5,0.5957,0,0.0481,10,0.3318,0.0,1
5,0.5158,-1,-0.0085,10,0.3318,0.0,1
3,0.9305,1,0.0677,7,0.8427,0.0,0
1,1.0012,0,-0.2621,1,1.2634,0.0,0
1,1.1753,-2,-0.0116,2,1.0988,0.0,0
3,0.8568,1,0.0169,4,0.9376,0.0134,0
1,1.2143,1,0.0,2,0.8827,0.0,0
2,1.0851,1,-0.1068,4,0.9939,0.0057,0
6,0.7004,1,0.0061,10,0.3318,0.0007,1
2,1.2457,0,-0.0161,2,0.9898,0.0,0
3,0.9174,-1,-0.0049,6,0.8688,0.0088,0
3,0.7539,1,-0.0616,5,0.699,0.0,0
8,0.9761,4,-0.0226,2,0.9161,0.0,0
3,1.0967,2,-0.0421,1,1.062,0.0028,0
6,0.9094,2,0.0018,5,0.5722,0.0,0
2,0.9921,0,-0.0147,7,0.8457,0.0,0
4,0.873,1,0.0649,5,0.7224,0.0,1
5,0.9993,0,0.012,3,0.9208,0.0,0
3,0.7525,1,-0.0187,6,0.5722,0.0,0
1,0.5722,-3,-0.0874,7,0.7,0.0,0
1,0.9353,-2,-0.0753,5,0.9993,0.0,0
4,0.9517,0,-0.0521,3,0.9045,0.0,0
1,0.9981,0,-0.0295,5,1.0128,0.0,0
7,0.7097,3,-0.0214,4,0.5722,0.0,1
1,0.6514,0,-0.2106,10,0.3318,0.0,0
2,1.0152,-1,-0.0626,5,0.622,0.0,0
4,0.98,0,0.0305,3,0.8568,0.0367,0
4,1.1381,2,0.0896,0,1.1381,0.0014,0
2,1.2441,0,0.4138,3,0.8427,0.0,0
1,1.062,1,0.0,3,1.0967,0.0,0
3,0.9045,-2,-0.0037,4,0.9517,0.0,0
3,1.0426,1,-0.1066,1,1.0793,0.0013,0
5,0.9983,0,0.017,1,0.8827,0.0,0
3,1.1262,0,0.0335,4,0.9543,0.0,0
3,1.0399,2,-0.1463,2,1.101,0.0045,0
3,0.7311,-1,-0.0944,12,0.5957,0.0002,0
1,1.0328,0,0.0012,5,0.622,0.0,0
2,0.9376,-1,-0.0557,4,0.8568,0.0799,0
5,0.775,0,-0.0063,6,0.699,0.0,1
5,0.8927,-3,0.089,5,0.699,0.0,1
2,1.0001,1,0.061,2,0.9898,0.0029,0
2,0.9543,0,-0.0842,3,1.1262,0.0,0
1,1.248,1,0.0,3,1.0399,0.0,0
2,1.1948,-1,0.064,2,0.973,0.0,0
4,1.0807,0,-0.0096,2,1.0824,0.0,0
3,0.833,1,-0.1681,7,0.7,0.0,0
2,1.0764,2,0.0,4,0.9161,0.0,0
2,0.622,1,-0.2476,10,0.3318,0.0001,0
1,1.0793,1,0.0,3,1.0426,0.0,0
1,1.1765,1,0.0,5,0.8827,0.0,0
3,1.1027,0,0.0098,5,0.9353,0.0,0
1,1.0395,-1,-0.0948,3,1.0771,0.0,0
5,1.0128,2,0.0287,3,0.9981,0.0,0
2,0.9126,0,0.0455,7,0.5722,0.0,0
2,0.973,1,0.0118,3,0.9174,0.0404,0
1,0.9426,0,-0.0245,4,0.9939,0.0,0
2,0.9898,-1,-0.0155,4,0.8568,0.0034,0
1,0.9822,0,0.0,7,0.8457,0.0,0
1,1.1814,-1,-0.0425,5,0.9983,0.0,0
1,0.847,1,0.0,5,0.699,0.0,0
2,0.9621,0,-0.0817,10,0.529,0.0325,0
2,0.9581,0,-0.0127,7,0.7097,0.0,0
2,1.0824,1,0.1109,4,0.9981,0.0,0
1,1.2634,0,0.0668,4,1.0012,0.0,0
1,1.1046,0,0.0408,2,0.9376,0.0,0
2,1.0151,2,0.0,3,0.833,0.0,0
2,1.0144,0,-0.0476,2,0.9376,0.0003,0
2,1.1484,-1,-0.0084,1,0.8827,0.0,0
2,1.1401,0,0.0282,4,0.9543,0.0,0
1,0.984,1,0.0,5,0.5158,0.0,0
2,1.101,0,0.132,3,1.0399,0.0005,0
1,0.8827,0,-0.3317,5,0.9983,0.0,0
1,1.0765,1,0.0,2,1.0144,0.0,0
1,1.1463,0,-0.079,3,1.1484,0.0,0
1,1.12,0,-0.1846,7,0.8457,0.0,0
2,1.0988,0,-0.0232,3,0.9305,0.0,0
3,0.8427,1,0.0387,7,0.8457,0.0359,0
1,1.2572,1,0.0,3,0.9426,0.0,0
1,1.0389,1,0.0,3,0.8522,0.0,0
1,1.2948,1,0.0,5,0.9386,0.0,0
1,1.1841,-2,0.0646,2,0.9822,0.0,0
5,1.0097,1,0.0158,2,0.918,0.0,0
5,1.0012,2,-0.0758,3,0.8293,0.0,0
2,0.993,0,-0.0921,5,1.0097,0.0296,0
6,0.9351,2,-0.0166,1,0.9265,0.0,0
3,0.6929,1,0.0709,10,0.277,0.0,0
8,0.6946,3,-0.0044,5,0.7757,0.0,1
7,0.5858,-3,0.0568,10,0.277,0.0007,1
1,1.194,0,0.1147,4,1.0251,0.0,0
1,0.9604,0,-0.3344,4,0.9515,0.0,0
8,0.7291,1,0.0194,7,0.7777,0.0,1
3,0.7814,0,0.0288,8,0.6946,0.0,0
11,0.6555,-1,0.0081,6,0.6797,0.0,1
8,0.4868,3,-0.029,10,0.277,0.0001,2
2,0.8525,2,0.0,4,0.9856,0.0002,0
3,1.0127,0,0.0822,4,0.8132,0.0595,0
1,0.9027,0,0.0557,8,0.6946,0.0,0
1,1.0216,-1,0.0063,3,0.6833,0.0,0
2,0.6833,1,0.0319,10,0.277,0.0007,0
4,1.0329,2,0.0786,2,1.0472,0.0,0
6,0.5581,1,-0.0376,10,0.277,0.0,1
3,0.9669,-2,-0.0314,3,0.9881,0.0,0
3,0.9881,2,0.1055,3,0.9669,0.0,0
1,1.0045,1,0.0,3,0.9362,0.0,0
7,0.884,1,0.0152,3,0.8293,0.0024,1
6,0.885,0,-0.0244,5,0.7814,0.0,1
7,0.7777,3,0.0777,8,0.7291,0.0,1
4,0.8953,3,-0.0869,4,0.8132,0.0326,1
2,1.0472,-1,-0.079,4,1.0329,0.0,0
3,1.132,-1,0.0513,3,0.8935,0.0,0
3,0.8293,-1,-0.0969,7,0.884,0.0001,0
3,0.9856,1,0.0479,4,0.8525,0.0281,0
3,1.1576,2,0.0113,1,1.2253,0.0,0
6,0.7045,1,-0.0179,11,0.6555,0.0,1
4,0.9827,2,0.0206,7,0.5581,0.0183,0
2,0.9945,-1,-0.0454,3,1.1686,0.0005,0
3,1.1121,2,0.1768,5,1.0001,0.0,0
2,1.014,-3,0.0012,3,0.9714,0.0,0
1,0.8748,-1,-0.0414,6,0.9718,0.0,0
1,0.9275,-1,-0.0305,8,0.7291,0.0,0
3,0.928,1,-0.0641,4,0.8132,0.0029,0
10,0.277,0,-0.0548,8,0.4868,0.0,2
3,0.9172,-1,0.0443,6,0.7045,0.0,0
3,1.1686,1,0.0676,2,0.9945,0.0,0
1,1.0676,-1,-0.0088,6,0.8748,0.0,0
4,0.8132,-3,-0.0324,4,0.8326,0.037,1
3,1.0122,0,-0.0905,3,1.014,0.0,0
1,1.2634,0,0.0,3,1.0012,0.0,0
6,0.9718,-2,-0.0042,4,0.8748,0.0,0
1,0.9265,-2,0.0219,6,0.9351,0.0,0
1,1.0218,1,0.0,1,1.0012,0.0,0
4,1.0251,1,-0.0175,1,1.194,0.0005,0
5,0.8004,0,0.0254,8,0.6946,0.0,1
4,0.6797,1,-0.0514,11,0.5581,0.0253,1
2,1.0486,2,0.0,2,1.2112,0.0001,0
6,0.6381,0,-0.0623,10,0.277,0.0009,1
1,0.9808,-1,-0.118,3,1.0127,0.0,0
2,1.2117,0,-0.0324,3,0.8719,0.0,0
1,0.8326,1,0.0,4,0.8132,0.0,0
2,0.8144,-1,0.0605,8,0.6946,0.0,0
4,1.0938,2,0.1041,2,0.9113,0.0027,0
1,1.0012,0,0.0,1,1.0218,0.0,0
1,1.2253,-2,0.0476,5,0.918,0.0,0
3,1.119,0,0.0223,1,0.9362,0.0173,0
1,0.8719,-2,0.0292,4,0.8132,0.0,0
3,0.9874,0,0.0666,6,0.5581,0.0,0
1,0.7941,-3,-0.1265,7,0.7777,0.0,0
4,0.9999,2,-0.0146,3,0.8525,0.0021,0
1,0.8935,1,0.0,3,0.9714,0.0,0
2,0.9233,-1,0.006,7,0.884,0.0023,0
1,1.2544,0,0.2149,5,0.9604,0.0,0
3,0.9589,-2,0.0662,8,0.6946,0.0,0
4,0.7757,0,0.0524,8,0.6946,0.0,1
1,1.0811,1,0.0,3,0.9808,0.0,0
1,1.0285,0,-0.1556,4,0.8953,0.0,0
5,1.0001,0,0.0008,3,0.9874,0.0,0
2,1.1262,1,0.0497,4,0.9999,0.0002,0
1,1.1515,0,-0.03,3,0.9669,0.0,0
2,1.0874,1,0.0485,3,0.7891,0.0,0
3,1.1787,-1,0.0448,2,1.0472,0.0,0
2,1.0226,1,-0.0102,4,0.6929,0.0,0
1,0.918,0,-0.0245,5,1.0097,0.0,0
1,1.0088,-1,0.0087,4,0.9362,0.0,0
1,0.9714,0,-0.0267,3,0.8935,0.0,0
3,1.0828,1,0.0004,3,0.8935,0.0,0
2,1.2112,-2,0.0731,2,1.0486,0.0003,0
4,0.9515,-1,0.0129,3,0.9172,0.0,0
2,0.9113,-2,-0.0687,4,0.9856,0.012,0
3,0.7891,0,-0.0632,8,0.7291,0.0,0
2,1.0593,0,0.0442,3,0.8824,0.0,0
1,1.3068,-1,0.1584,3,0.9881,0.0,0
1,1.0287,-2,0.1719,4,0.8525,0.0,0
2,1.2171,2,0.0,2,0.9945,0.0415,0
3,0.8824,0,0.0494,8,0.7291,0.0,0
1,1.2293,1,0.0,3,0.9275,0.0,0
1,1.1006,1,0.0,2,0.9233,0.0,0
1,1.2052,-1,0.2321,2,0.9233,0.0,0
1,1.1125,1,0.0,6,0.8748,0.0,0
2,0.9567,0,0.0441,8,0.7291,0.0,0
1,1.1963,1,0.0,4,0.9515,0.0,0
1,1.1162,-1,-0.0239,4,1.0329,0.0,0
1,1.2647,0,0.0895,2,0.9808,0.0,0
1,1.253,1,0.0,5,1.0097,0.0,0
1,1.1765,0,0.0,3,0.9669,0.0,0
1,0.9362,1,0.0,3,1.0045,0.0,0
3,1.1121,0,0.0,3,0.9916,0.0,0
1,1.1958,0,0.1147,3,1.0811,0.0,0
6,0.4399,-2,-0.0469,11,0.2634,0.0002,1
1,1.1204,0,0.2269,3,1.0675,0.0,0
11,0.2634,1,-0.0136,6,0.4399,0.0,2
2,1.0505,1,0.1757,5,0.9069,0.0,0
5,0.5048,-1,-0.0533,11,0.2634,0.0,1
5,0.9653,0,-0.0359,4,0.8441,0.0,0
3,1.022,-1,0.0221,5,0.8647,0.0008,0
4,1.1381,2,0.0896,0,1.1381,0.0002,0
4,0.9993,2,0.0063,4,0.9426,0.0221,0
6,0.6736,-2,-0.0554,6,0.751,0.0,1
3,0.8484,-1,0.0351,4,0.76,0.0475,0
4,0.914,1,-0.0032,4,0.7391,0.0,0
2,1.1095,-2,0.0766,5,1.0269,0.0,0
1,1.0218,0,0.0206,1,1.0012,0.0,0
10,0.6688,-1,0.0132,7,0.6308,0.0,1
10,0.7092,2,0.0146,5,0.8124,0.0,1
3,1.1001,0,0.0874,3,0.8479,0.0456,0
2,0.8154,1,-0.0872,10,0.7092,0.0,0
4,0.9983,0,0.0468,4,0.914,0.0,0
5,0.8183,2,0.037,10,0.7092,0.0,1
1,1.1246,1,0.0,2,1.0784,0.0,0
4,0.8931,-2,-0.042,3,0.9921,0.0,1
2,0.8647,0,0.0122,5,0.9798,0.0002,0
3,0.7391,-3,0.0345,10,0.6688,0.0,0
3,0.9659,1,0.0091,6,0.6736,0.0,0
1,1.1515,0,-0.025,5,0.9706,0.0,0
7,0.6308,3,-0.0489,10,0.5048,0.0175,1
3,0.9921,2,-0.0755,4,0.8931,0.0,0
2,1.0784,1,-0.1509,2,0.751,0.0,0
6,0.6166,0,-0.0215,11,0.2634,0.0011,1
4,1.0544,-1,0.0448,4,0.9426,0.0,0
5,0.6093,2,-0.0836,11,0.2634,0.0001,1
4,1.0596,3,0.1233,1,0.9832,0.0018,0
2,1.2167,1,-0.0086,4,1.0521,0.0,0
4,0.8213,1,0.0323,6,0.6736,0.0,1
2,1.0694,1,0.0979,3,0.9865,0.0,0
3,0.9916,-2,-0.0085,5,0.9819,0.0,0
1,1.0468,1,0.0,3,1.022,0.0,0
6,0.5215,-1,-0.0642,11,0.2634,0.0004,1
4,0.8441,1,0.0148,5,0.9131,0.0,1
5,0.8792,-1,-0.0058,5,0.8124,0.0,1
1,0.9475,1,0.0,6,0.4399,0.0,0
3,1.0029,0,-0.0094,3,0.9865,0.0,0
5,0.808,2,-0.0744,6,0.6736,0.0,1
1,0.76,0,-0.0726,3,0.8479,0.0,0
6,0.8374,-1,0.0597,6,0.6736,0.0,1
3,1.0675,0,-0.0153,2,0.9981,0.0,0
1,1.0287,-1,0.1174,5,0.9798,0.0,0
4,0.9131,-3,0.0291,4,0.8441,0.0007,0
5,1.1185,3,0.0713,2,1.1095,0.0,0
5,1.0413,1,0.0162,2,0.9866,0.0031,0
1,1.2634,-2,0.0847,5,1.0012,0.0,0
5,0.9798,2,-0.0057,3,0.8647,0.0585,0
5,0.9069,-1,-0.0649,5,0.964,0.0,0
1,1.1434,-1,0.056,4,0.751,0.0,0
2,1.0891,-1,0.1302,10,0.7092,0.0,0
1,1.2143,0,-0.0924,5,0.9069,0.0,0
5,0.9706,2,-0.0175,1,0.9069,0.0,0
2,0.751,1,-0.1765,6,0.6736,0.0,0
3,0.8871,0,-0.0409,4,0.76,0.0031,0
1,1.0383,0,-0.0742,4,0.8931,0.0,0
1,1.1279,0,0.1064,5,0.6093,0.0,0
4,0.8173,0,-0.078,3,0.8484,0.0418,1
1,1.3807,0,0.3589,1,1.0218,0.0,0
2,0.9865,0,-0.0275,3,0.9981,0.0,0
2,0.9112,0,0.0968,10,0.7092,0.0,0
1,1.1337,-2,0.0016,3,1.0269,0.0,0
2,1.1116,1,-0.1428,5,0.9653,0.0,0
5,0.9819,2,-0.0055,7,0.5048,0.0,0
1,1.0922,-1,-0.034,3,1.022,0.0,0
1,1.0126,-1,-0.01,5,0.6093,0.0,0
2,1.1941,-1,0.0255,3,0.9793,0.0,0
2,0.9866,2,0.0,5,1.0413,0.0336,0
2,1.1497,1,0.1689,3,1.1001,0.0,0
1,1.1046,1,0.0,1,1.0468,0.0,0
5,0.964,1,-0.0187,6,0.5048,0.0154,0
4,1.0815,0,-0.0123,1,0.9832,0.0001,0
3,1.0269,2,-0.0894,2,1.1095,0.0,0
3,0.9793,2,-0.0492,4,0.8173,0.0001,0
4,0.8124,-1,0.012,10,0.7092,0.0,1
1,1.0811,1,0.0,4,0.8173,0.0,0
1,1.1746,0,-0.0306,2,0.948,0.0,0
1,1.0132,0,-0.1831,4,0.9983,0.0,0
2,0.948,0,0.0247,4,0.9131,0.0023,0
2,0.9977,0,0.0032,2,0.9519,0.0003,0
3,0.628,1,-0.0554,11,0.2634,0.0008,0
1,1.0351,0,0.0305,4,0.9832,0.0,0
2,1.2645,0,0.0475,2,0.9519,0.0113,0
1,1.0521,-2,-0.1055,2,1.1765,0.0,0
1,0.9426,1,0.0,4,0.9993,0.0,0
2,1.0302,0,-0.0291,5,0.751,0.0,0
1,0.9519,1,0.0,2,0.9977,0.0,0
1,1.1765,1,0.0,5,0.9706,0.0,0
1,1.1006,0,0.0,2,0.948,0.0,0
1,0.9069,1,0.0,5,0.9706,0.0,0
1,1.0457,1,0.0,5,0.8441,0.0,0
1,0.9489,-3,0.1732,10,0.7092,0.0,0
1,0.8479,0,-0.0239,3,0.76,0.0,0
1,0.9981,1,0.0,3,0.9865,0.0,0
1,1.277,1,0.0,2,1.0521,0.0,0
1,1.0012,0,-0.2621,1,1.0218,0.0,0
1,0.9832,0,-0.0256,4,1.0351,0.0,0
4,0.9866,0,-0.0127,4,0.9426,0.0028,0
2,1.0948,-2,0.0965,6,0.9166,0.0,0
6,0.5152,0,-0.0063,11,0.2585,0.0007,1
4,0.6681,1,0.0401,11,0.2585,0.0002,1
4,0.9821,1,-0.0207,1,0.9967,0.0,0
6,0.418,0,-0.0219,11,0.2585,0.0002,1
6,1.034,1,-0.0073,3,0.9482,0.0111,0
3,1.0477,0,0.0209,2,1.091,0.0,0
2,0.6863,1,-0.2612,6,0.418,0.0,0
5,0.5773,-1,-0.0393,11,0.2585,0.0011,1
3,0.8459,-1,0.0019,4,0.8661,0.0,0
2,0.8817,-2,-0.0113,3,0.9418,0.0,0
9,0.6278,2,-0.003,10,0.5539,0.0116,1
6,0.524,1,-0.0853,11,0.2585,0.0,1
10,0.6868,0,0.018,9,0.6278,0.0,1
4,0.8954,0,-0.0177,3,0.8459,0.0008,1
1,1.111,-1,0.0416,4,0.9981,0.0,0
8,0.9306,3,-0.0334,6,0.5152,0.0225,0
1,1.343,1,0.0,3,1.1655,0.0,0
3,0.7957,-1,-0.0167,8,0.6991,0.0,0
4,0.8099,1,-0.0385,4,0.8475,0.0466,1
5,0.5539,0,0.0492,11,0.2585,0.0,1
4,1.1246,0,0.0702,4,0.9426,0.0252,0
2,1.0409,0,-0.0481,8,0.72,0.0,0
5,0.63,-1,-0.0437,6,0.7328,0.0,1
2,1.212,-1,0.1119,4,0.8099,0.0,0
3,0.8815,1,0.0168,5,0.975,0.0187,0
3,0.8791,0,-0.008,4,0.8099,0.0025,0
5,1.0372,1,-0.0224,1,1.2353,0.0212,0
5,1.0219,0,0.0401,9,0.5539,0.0,0
1,0.9832,-3,-0.0983,3,0.9147,0.0,0
3,1.1406,1,0.1429,2,0.9562,0.0,0
8,0.72,-2,0.0107,5,0.6991,0.0,1
1,1.1215,0,-0.03,4,0.9567,0.0,0
3,0.6991,-2,-0.1193,8,0.72,0.0,0
2,0.9637,1,-0.0746,3,0.8817,0.0,0
3,1.11,3,0.0,5,0.8815,0.0,0
3,0.8794,2,-0.2641,3,0.7557,0.0,0
4,0.9567,-1,-0.0139,2,0.8827,0.0,0
3,0.9418,0,-0.0503,2,0.8817,0.0,0
11,0.2585,0,-0.0049,6,0.418,0.0,2
1,0.8827,0,-0.3317,4,0.9567,0.0,0
2,0.931,1,-0.1148,4,0.8459,0.0006,0
6,0.9243,3,-0.0415,5,0.63,0.0,0
5,0.7989,3,-0.0165,8,0.6991,0.0,1
1,1.0468,0,0.0,2,0.9975,0.0,0
1,0.9147,0,-0.114,5,0.975,0.0,0
6,0.9166,2,0.0026,2,0.7787,0.0,0
1,1.1246,0,0.0,3,0.8256,0.0,0
4,0.8475,0,0.0302,4,0.8099,0.0022,1
5,0.8277,-1,-0.0097,5,0.63,0.0,1
2,0.9975,-1,-0.0245,5,0.8815,0.0362,0
2,1.0302,0,0.0822,4,0.8954,0.0002,0
2,0.9573,-1,-0.022,4,0.8475,0.0058,0
2,1.1555,1,-0.021,4,0.8827,0.0,0
2,1.091,0,-0.0185,4,1.0477,0.0,0
1,1.2353,1,0.0,5,1.0372,0.0,0
1,0.8958,0,0.1358,4,0.8099,0.0,0
1,0.9981,-1,0.0116,4,0.9821,0.0,0
4,1.1254,-1,0.0069,2,1.091,0.0,0
3,1.1655,-1,0.0274,1,0.9625,0.0003,0
1,0.9822,1,0.0,4,0.8475,0.0,0
2,0.8296,2,0.0,6,0.63,0.0,0
3,0.9482,1,-0.0385,6,1.034,0.0277,0
2,0.9562,1,0.0043,3,1.1406,0.0006,0
1,1.1162,0,-0.0174,4,1.0477,0.0,0
2,0.9034,-3,-0.0035,8,0.9306,0.0,0
2,1.0694,1,0.0712,4,0.9981,0.0,0
2,1.1126,1,0.0081,1,1.0468,0.0045,0
1,1.1956,0,0.1034,2,0.9975,0.0,0
3,1.0811,1,-0.0305,4,0.8661,0.0,0
2,1.0744,2,0.0,3,0.8256,0.0,0
4,0.8661,-1,-0.0993,3,0.8459,0.0,1
3,0.7557,1,0.0047,5,0.63,0.0,0
3,0.7328,-2,-0.0751,5,0.63,0.0,0
2,1.1651,1,0.1433,1,1.0012,0.0022,0
2,1.1236,1,0.0425,4,0.8099,0.0733,0
5,0.975,0,-0.0049,3,0.8815,0.082,0
1,1.2871,0,0.2739,3,1.0811,0.0,0
2,1.037,1,0.0244,6,0.524,0.0,0
3,0.8541,1,-0.1761,3,0.7328,0.0,0
1,1.2634,0,0.0,4,1.0012,0.0,0
1,1.0346,0,-0.1612,2,1.1236,0.0,0
4,0.911,-1,0.0318,6,0.6991,0.0,0
1,1.0012,0,0.0,2,1.1651,0.0,0
1,1.2052,1,0.0,4,0.8954,0.0,0
4,1.0939,1,0.0265,2,1.0694,0.0,0
2,1.1469,1,-0.1301,2,0.8827,0.0,0
1,1.1753,-1,0.0256,2,1.0346,0.0,0
1,1.2293,1,0.0,4,0.8256,0.0,0
1,0.9477,0,-0.0012,8,0.72,0.0,0
1,1.1861,1,0.0,3,0.9562,0.0,0
1,1.1756,0,-0.205,2,1.1651,0.0,0
1,0.9426,0,0.0,4,0.9866,0.0,0
2,1.1954,0,-0.0212,4,1.1246,0.0,0
1,0.9967,-2,-0.1154,4,0.9821,0.0,0
4,1.038,1,0.0464,5,0.9967,0.0,0
2,0.8375,-2,0.0161,6,0.63,0.0,0
1,0.8256,-1,-0.2528,3,0.7557,0.0,0
1,1.0285,-1,-0.1656,3,0.9573,0.0,0
1,0.847,1,0.0,5,0.6991,0.0,0
2,1.0461,0,-0.0044,3,0.9034,0.0,0
2,0.7787,-1,0.0396,10,0.6868,0.0,0
1,0.9625,1,0.0,3,1.1655,0.0,0
4,0.8378,0,-0.0731,6,0.644,0.0,1
4,1.0348,3,0.1201,4,0.9337,0.0,0
4,0.6977,2,0.0115,8,0.307,0.0,1
4,0.8927,1,0.0468,6,0.8728,0.0001,1
4,1.1003,2,0.0092,4,1.0382,0.0,0
6,0.7636,3,0.0308,7,0.6607,0.0,1
1,1.1337,-3,0.0397,3,1.042,0.0,0
12,0.2578,1,-0.0007,8,0.307,0.0,2
7,0.6368,-3,-0.0499,12,0.5824,0.0,1
3,0.814,-1,0.0041,3,0.76,0.0486,0
2,0.9674,-2,0.0107,3,0.9823,0.0,0
6,0.9089,-2,-0.0217,7,0.4031,0.0234,0
2,1.1663,1,0.0417,2,0.7727,0.0,0
4,0.644,1,-0.055,7,0.7645,0.0,1
3,1.1218,-1,0.0838,5,0.9362,0.0,0
2,1.1074,0,0.0127,5,0.9608,0.0,0
1,0.9186,1,0.0,7,0.7645,0.0,0
3,0.8739,1,-0.163,4,0.307,0.0,0
5,0.9608,-1,0.0442,3,0.8734,0.0,0
5,0.6051,1,-0.063,12,0.2578,0.0001,1
8,0.4095,2,-0.0085,12,0.2578,0.0001,2
3,0.8734,1,0.0947,7,0.6368,0.0,0
1,1.0214,1,0.0,3,1.128,0.0,0
12,0.5824,3,-0.0454,7,0.4031,0.0206,2
4,1.1381,3,0.1756,0,1.1381,0.0,0
1,0.8958,0,0.0,3,0.76,0.0,0
2,1.0787,1,0.0502,6,0.8916,0.0554,0
7,0.7645,-1,0.0446,5,0.644,0.0,1
7,0.6794,4,-0.0763,6,0.6607,0.0,1
3,1.128,1,-0.0371,1,0.9304,0.0005,0
1,1.0088,0,0.0256,4,0.8875,0.0,0
7,0.5741,1,0.0589,12,0.2578,0.001,1
3,0.879,1,0.0415,7,0.6607,0.0,0
5,0.9362,0,-0.0857,12,0.4031,0.0,0
3,0.8843,0,0.0302,7,0.6794,0.0,0
2,0.7727,-1,-0.1067,7,0.6794,0.0,0
5,0.7662,0,-0.0327,7,0.644,0.0,1
6,0.8728,2,0.0068,5,0.8927,0.0004,1
3,0.9974,1,-0.0486,3,0.8938,0.0,0
3,1.0827,-2,0.0455,2,0.8875,0.0226,0
3,1.1694,1,0.0457,3,0.814,0.1383,0
1,1.127,0,0.1793,7,0.7645,0.0,0
4,0.9509,1,0.0027,4,1.0542,0.0314,0
1,1.1115,1,0.0,4,0.9509,0.0,0
2,0.9277,0,-0.0698,4,0.8403,0.0005,0
4,0.4903,-1,-0.0871,12,0.2578,0.0011,1
4,1.0542,-2,0.0201,4,0.9509,0.0037,0
1,1.2325,0,0.1162,4,1.0382,0.0,0
6,0.9994,2,0.0128,1,0.8935,0.0186,0
4,0.9337,-1,-0.0412,4,0.8403,0.0129,0
1,0.8511,0,0.0255,7,0.6794,0.0,0
3,1.026,2,0.0279,3,1.0277,0.0,0
1,0.76,-2,-0.1191,6,0.814,0.0,0
4,1.0382,1,-0.0095,4,1.1003,0.0,0
3,0.8011,1,-0.0286,6,0.644,0.0,0
3,1.042,2,-0.069,3,1.026,0.0,0
2,0.8403,-1,-0.0412,4,0.9277,0.0002,0
6,0.9253,0,0.0009,4,0.6607,0.0,0
1,1.1296,-3,0.005,6,0.8935,0.0,0
5,1.0368,2,-0.0443,6,0.8728,0.0,0
1,1.2052,0,0.0,2,0.948,0.0,0
2,0.8938,-1,-0.048,3,0.9684,0.0,0
2,1.069,1,-0.1171,2,0.9606,0.0006,0
3,0.9823,2,0.0996,3,0.9674,0.0,0
2,0.8134,-1,0.0177,7,0.644,0.0,0
1,1.1279,-1,0.087,7,0.7645,0.0,0
1,1.248,0,-0.095,2,0.9606,0.0,0
5,0.4031,0,-0.1509,12,0.2578,0.0,1
6,0.8916,4,-0.0657,3,0.76,0.0548,1
2,1.2269,0,0.0314,1,1.1296,0.0,0
2,1.0884,0,0.014,3,0.8511,0.0,0
2,0.948,-2,0.0526,4,0.8927,0.0004,0
1,0.9606,1,0.0,2,1.069,0.0,0
2,0.775,-3,-0.0527,6,0.6607,0.0,0
1,1.1006,-1,0.0704,2,0.948,0.0,0
1,0.8748,0,0.0279,5,0.644,0.0,0
1,1.2286,-3,0.1032,4,1.1003,0.0,0
2,1.0916,0,0.1882,6,0.9089,0.0,0
3,1.0122,2,0.0155,3,1.0277,0.0,0
2,1.0277,-2,0.0456,3,1.0122,0.0,0
1,1.1761,1,0.0,2,0.8935,0.0,0
2,1.1155,0,0.1592,2,0.9606,0.0,0
2,1.1008,2,0.0,3,0.8875,0.0013,0
1,1.2688,1,0.0,3,1.0827,0.0,0
3,1.01,2,-0.0369,2,0.9277,0.0041,0
1,0.9304,0,-0.0708,3,1.128,0.0,0
1,1.3068,-1,0.1599,3,0.9823,0.0,0
1,1.111,-1,0.0416,3,1.026,0.0,0
1,0.8875,1,0.0,3,1.0088,0.0,0
1,1.1887,1,0.0,1,1.1006,0.0,0
3,1.1361,1,-0.0759,3,0.814,0.0361,0
3,1.1072,1,-0.0483,3,0.9674,0.0,0
3,0.8329,-1,-0.0147,6,0.76,0.016,0
3,0.9684,1,0.0047,3,0.8938,0.0,0
1,0.9421,1,0.0,5,0.307,0.0,0
1,1.0188,1,0.0,6,0.9994,0.0,0
1,1.2218,0,-0.0135,3,1.0827,0.0,0
1,0.6607,-4,0.0307,7,0.6794,0.0,0
2,0.307,-4,-0.217,12,0.2578,0.0,0
1,0.8935,0,-0.0491,6,0.9994,0.0,0
1,1.1653,0,-0.0303,3,0.9277,0.0,0
1,1.1207,-1,0.0081,3,1.01,0.0,0
1,1.2634,0,0.0,1,0.9304,0.0,0
1,1.2474,-2,0.1068,2,0.9606,0.0,0
1,1.2293,0,0.0,2,0.8511,0.0,0
5,0.6668,-2,0.0299,13,0.5248,0.0,1
2,1.1085,1,-0.0185,3,0.8029,0.0,0
2,0.8403,2,0.0,5,0.9489,0.0002,0
6,0.3537,1,-0.0494,13,0.2503,0.0,1
4,1.0303,2,0.0823,2,0.847,0.0004,0
5,0.8285,1,-0.0094,10,0.7084,0.0,1
10,0.7084,6,0.0644,5,0.7936,0.0,1
5,0.9723,2,-0.0251,3,0.8853,0.0,0
3,1.0629,1,-0.0379,2,0.9457,0.0031,0
9,0.4274,1,0.0179,11,0.2503,0.0001,2
6,0.7685,0,-0.1405,6,0.3537,0.001,1
13,0.5248,1,-0.0576,6,0.3537,0.0099,2
3,0.8528,-2,-0.0835,13,0.3537,0.0,0
8,0.7803,2,0.0167,7,0.6993,0.0,1
3,0.8577,0,-0.0162,4,0.2884,0.0,0
4,1.0735,0,0.1397,5,0.9489,0.0699,0
5,0.9571,0,-0.0037,4,0.8819,0.0,0
3,1.0481,1,-0.0306,6,0.8458,0.004,0
1,1.1246,1,0.0,1,0.953,0.0,0
2,0.974,-2,-0.0608,4,1.0735,0.1157,0
2,1.0905,1,-0.1313,2,1.2038,0.0018,0
4,1.1174,1,-0.052,2,0.8553,0.0727,0
6,0.5168,-1,-0.0574,11,0.2503,0.001,1
6,0.8788,0,0.006,4,0.847,0.0,1
5,0.9489,3,0.0212,4,0.8403,0.0216,0
3,1.1834,2,0.0538,5,0.9926,0.0,0
3,0.8029,-4,0.0384,10,0.7084,0.0,0
11,0.2503,-1,-0.0075,9,0.2884,0.0,2
2,1.2171,2,0.0,4,0.9435,0.0012,0
1,1.2403,-1,0.074,3,0.7855,0.0,0
1,1.2634,0,0.0348,4,1.0012,0.0,0
1,0.9688,1,0.0,4,0.9679,0.0,0
4,0.8949,-2,-0.0304,5,0.8285,0.0,1
2,0.9106,-1,0.0778,6,0.7866,0.0615,0
2,0.9457,1,0.0583,3,1.0629,0.0291,0
7,0.6993,0,0.0199,8,0.7803,0.0,1
6,0.8458,0,-0.0458,3,0.7866,0.0052,1
4,0.8819,1,0.0085,5,0.6668,0.0,1
3,1.1222,0,0.0004,3,0.8528,0.0,0
3,1.0122,0,0.0,3,1.0277,0.0,0
3,0.8792,0,0.0781,10,0.7084,0.0,0
4,0.8749,1,-0.0041,7,0.6993,0.0,1
3,1.0379,1,-0.0537,6,0.7685,0.0,0
6,0.9606,2,0.0097,4,1.0449,0.0299,0
3,1.0393,0,-0.0027,4,1.0406,0.0,0
2,1.0043,-1,-0.0057,5,0.8403,0.0006,0
4,1.0449,0,-0.0093,6,0.9606,0.0107,0
4,1.1306,0,-0.0076,2,1.2171,0.0,0
1,0.953,0,-0.2763,2,0.7855,0.0,0
1,1.1455,1,0.0,4,1.1174,0.0,0
3,0.7936,-2,0.0274,10,0.7084,0.0,0
1,1.1115,0,0.0,6,0.9606,0.0,0
3,1.0881,0,-0.0399,1,0.9254,0.0005,0
4,0.9308,1,-0.0515,2,1.0097,0.0,0
5,0.604,0,-0.0011,11,0.2503,0.0,1
2,0.8821,1,0.0073,10,0.7084,0.0,0
4,1.1021,0,0.0018,3,1.1178,0.0,0
3,0.7314,-1,0.0337,9,0.2884,0.0,0
3,0.804,1,0.0313,7,0.6993,0.0,0
3,1.1098,1,-0.0056,2,0.9435,0.0,0
3,0.9858,0,0.1016,8,0.6993,0.0,0
3,1.1178,-1,0.0796,4,0.9677,0.0,0
2,0.8936,-2,0.0009,6,0.847,0.0,0
2,1.2038,-1,0.1211,3,0.9457,0.0026,0
5,0.9926,-1,-0.0068,3,1.1834,0.0309,0
2,1.1061,1,-0.0146,2,1.0043,0.0001,0
4,0.9679,-1,-0.069,6,0.8788,0.0,0
1,0.9023,-1,0.0085,5,0.8853,0.0,0
2,1.0884,0,0.0,3,0.7855,0.0,0
1,1.3068,0,0.1307,3,1.0521,0.0,0
4,1.0406,1,0.0146,3,1.0277,0.0,0
4,0.4448,0,-0.0454,13,0.2503,0.0014,1
1,1.2318,1,0.0,4,0.9679,0.0,0
1,0.7855,0,-0.0656,7,0.6993,0.0,0
4,0.2884,2,-0.0186,11,0.2503,0.0,1
1,1.2325,1,0.0,3,0.9677,0.0,0
2,0.8703,1,-0.0718,5,0.2884,0.0001,0
3,0.7866,2,0.0266,6,0.8458,0.1391,0
1,0.8853,-2,-0.0831,5,0.9023,0.0,0
2,0.9677,1,-0.2648,3,1.1178,0.0,0
1,1.0521,-1,-0.1748,3,1.1715,0.0,0
2,1.0277,0,0.0,4,1.0122,0.0,0
2,1.1126,1,-0.076,2,1.1061,0.0003,0
1,1.2871,-1,0.1797,5,0.9571,0.0,0
2,0.8553,-1,0.0413,4,0.7866,0.0002,0
1,1.1908,0,0.1694,3,1.0881,0.0,0
2,0.9435,0,-0.1255,3,1.1098,0.0,0
1,0.9254,0,-0.005,3,1.0012,0.0,0
1,0.8662,-1,0.0527,10,0.7084,0.0,0
2,1.1715,2,0.0,4,0.9308,0.0,0
1,1.2293,-1,0.2619,4,0.9308,0.0,0
2,1.0097,-1,-0.0975,4,0.9308,0.0,0
1,1.0012,0,-0.2621,1,0.9254,0.0,0
1,0.9662,1,0.0,6,0.8458,0.0,0
1,0.847,1,0.0,6,0.8788,0.0,0
1,1.1106,0,-0.0004,4,1.0393,0.0,0
1,1.0482,0,0.1295,3,0.7936,0.0,0
7,0.391,-2,-0.0364,11,0.2097,0.0001,1
6,0.9286,1,-0.0203,4,0.8277,0.0343,0
2,1.1142,0,0.0865,4,0.989,0.0,0
9,0.5702,3,0.0534,11,0.2097,0.0092,2
2,1.1809,0,-0.0229,2,0.9812,0.001,0
3,1.0207,3,0.0,2,0.9812,0.0039,0
2,1.1034,2,0.0,2,0.902,0.0,0
9,0.9023,3,0.0235,3,0.9128,0.0001,0
3,1.0345,0,-0.0136,5,0.8106,0.003,0
4,0.989,1,-0.0232,2,1.0812,0.0,0
1,1.1215,-1,0.1118,3,0.9488,0.0,0
16,0.481,3,-0.0437,7,0.2801,0.0174,2
4,1.0715,0,-0.0019,6,0.9286,0.073,0
3,0.7928,-2,-0.0357,7,0.6894,0.0,0
2,1.2622,0,0.0451,5,1.0707,0.0012,0
6,0.8527,3,-0.005,7,0.4356,0.0,1
3,1.1468,0,-0.0366,4,0.9779,0.0,0
2,0.985,0,0.1148,7,0.4356,0.0,0
3,0.9488,-1,0.018,2,1.0207,0.0,0
4,1.1359,0,0.0186,3,0.8365,0.0568,0
2,0.9173,2,0.0,6,0.6426,0.0,0
5,1.0707,3,0.1272,2,1.2622,0.0,0
5,0.8824,1,0.0076,6,0.6426,0.0,1
4,0.7852,1,-0.0188,6,0.6426,0.0,1
2,1.2126,-2,0.082,2,1.0076,0.0,0
7,0.2801,1,-0.0735,16,0.2097,0.0,1
5,0.9025,1,0.0076,5,0.7928,0.0,0
6,0.6426,-1,-0.0568,6,0.783,0.0,1
1,1.0141,1,0.0,6,0.7882,0.0,0
4,1.0537,0,0.0088,5,0.9533,0.0069,0
5,0.651,0,0.047,11,0.2097,0.0002,1
3,1.0412,2,-0.0703,5,0.867,0.0056,0
3,0.8295,0,-0.1564,6,0.6426,0.0,0
1,0.867,1,0.0,5,0.9533,0.0,0
2,1.2003,2,0.0,4,0.9779,0.007,0
5,0.8279,3,-0.0542,7,0.6894,0.0,1
2,1.037,0,-0.1344,3,0.9488,0.0,0
2,1.1061,0,0.0,2,1.0484,0.0001,0
11,0.2097,0,-0.0406,9,0.2801,0.0,2
3,1.0901,0,-0.0278,3,1.0281,0.0,0
2,1.0766,2,0.0,2,0.9898,0.0,0
4,0.8399,-2,0.0715,9,0.2801,0.0306,1
4,0.4438,0,-0.001,16,0.2097,0.0014,1
5,0.9427,0,-0.0297,2,0.9506,0.0,0
3,1.071,2,0.1455,2,0.9898,0.0001,0
3,0.9267,1,0.0161,5,0.8106,0.0452,0
2,1.0076,2,0.0,2,1.2126,0.0,0
7,0.6894,-3,-0.019,5,0.7928,0.0,1
1,0.8904,-2,0.0113,7,0.6894,0.0,0
3,1.0667,-1,0.0261,3,1.0856,0.0,0
5,0.9536,2,0.1008,16,0.2801,0.0,0
3,1.0979,-1,-0.0042,3,1.0901,0.0,0
2,0.8277,0,-0.0125,6,0.9286,0.0001,0
4,0.8163,1,0.0298,5,0.8106,0.0038,1
5,0.9533,-1,-0.0073,4,0.867,0.0252,0
6,0.7882,-2,0.0079,6,0.6426,0.0,1
1,1.0456,-1,-0.0449,2,1.1809,0.0,0
4,0.9779,-1,-0.0147,3,1.1468,0.0254,0
1,0.9812,-2,-0.0817,3,1.0207,0.0,0
2,0.9563,-1,0.1533,7,0.6894,0.0,0
1,1.0325,-1,-0.0759,6,0.8527,0.0,0
1,0.902,0,-0.0509,2,0.783,0.0,0
4,0.8168,1,0.0232,7,0.6894,0.0,1
2,1.0207,2,0.0,3,0.9488,0.0,0
2,1.0781,0,-0.0102,3,0.783,0.0,0
1,1.3068,0,0.0,3,1.0207,0.0,0
7,0.4356,3,0.1471,11,0.2097,0.0001,1
5,0.8106,-1,-0.0352,4,0.8163,0.0056,1
2,1.0228,-1,-0.0151,5,0.8399,0.0,0
3,0.9128,-1,-0.055,9,0.9023,0.0,0
3,1.028,-2,0.0708,4,0.9991,0.0,0
4,0.9991,0,0.1172,5,0.7206,0.0,0
5,0.7206,0,0.0538,16,0.481,0.0,1
2,1.1824,1,0.0579,1,0.902,0.0,0
1,1.2293,0,0.0,3,0.902,0.0,0
1,1.2634,0,0.0,3,1.0012,0.0,0
2,1.0875,0,0.1417,3,0.9812,0.0405,0
2,0.9898,-1,-0.0983,3,1.0063,0.0001,0
3,1.0885,-1,0.0582,1,0.9612,0.217,0
1,1.022,0,-0.2097,3,0.9128,0.0,0
1,1.1481,1,0.0,3,1.0345,0.0,0
2,1.0484,0,0.0441,6,0.8277,0.0001,0
3,1.0856,2,-0.025,3,1.0667,0.0,0
1,1.0088,-1,0.0348,4,1.0207,0.0,0
2,0.783,1,-0.0026,6,0.6426,0.0,0
1,1.0012,0,0.0,3,1.071,0.0,0
1,1.2318,0,-0.0553,3,1.022,0.0,0
1,1.1448,0,0.176,3,0.9128,0.0,0
3,1.0281,1,0.0605,3,1.0901,0.0,0
2,1.1126,0,0.0,2,1.1061,0.0,0
1,1.127,0,0.2608,7,0.6894,0.0,0
1,1.0063,0,-0.1846,2,0.9898,0.0,0
1,0.9506,0,0.0653,5,0.9427,0.0,0
1,1.0812,-2,-0.041,5,0.9536,0.0,0
1,1.2325,1,0.0,3,1.0281,0.0,0
1,0.9612,-1,0.0676,9,0.9023,0.0,0
1,0.9969,0,0.0308,5,0.8106,0.0,0
1,0.8365,-1,-0.0188,4,0.8163,0.0,0
4,1.0335,1,0.0054,5,1.1198,0.0,0
13,0.4367,-3,-0.0443,9,0.261,0.0045,2
7,0.3834,0,-0.0076,11,0.2579,0.0001,1
3,0.8489,-1,0.0637,6,0.643,0.0,0
8,0.4753,1,0.0398,11,0.2579,0.0,2
4,1.0804,0,0.1024,1,0.9882,0.0008,0
5,0.8897,2,-0.0231,5,0.8591,0.0,1
1,1.1448,0,0.1228,5,0.8897,0.0,0
2,1.1034,0,0.0,3,0.902,0.0,0
1,0.866,0,-0.001,5,0.9597,0.0,0
3,0.8405,-3,-0.0122,8,0.4753,0.0,0
4,1.0208,2,0.031,3,1.0016,0.0017,0
4,1.0724,1,0.0057,4,1.0488,0.0,0
5,0.8273,0,-0.0006,9,0.602,0.0,1
3,0.8623,-3,-0.0663,5,0.9296,0.0348,0
11,0.2579,0,0.0482,10,0.261,0.0,2
9,0.7123,2,0.0229,5,0.602,0.0,1
5,0.933,3,-0.1154,3,0.8623,0.0034,0
2,0.7719,2,0.0,3,0.7447,0.0,0
4,1.018,2,-0.0048,4,0.906,0.0,0
1,1.0856,0,0.0768,5,0.9296,0.0,0
4,1.0488,2,-0.0655,4,1.0002,0.0,0
3,1.0061,-2,0.0525,13,0.261,0.0,0
2,1.0098,2,0.0,3,0.819,0.0,0
5,1.016,2,-0.0047,2,1.0856,0.003,0
2,1.0002,-2,0.0112,4,1.0029,0.0,0
4,0.8146,0,-0.0018,5,0.7499,0.0026,1
5,0.9171,2,-0.1174,4,0.7499,0.0041,0
3,0.9423,-1,-0.1114,5,1.0002,0.0016,0
4,1.0049,2,-0.0321,2,0.9069,0.0,0
1,1.2726,-1,0.0902,2,0.7719,0.0,0
3,0.7447,1,-0.0383,5,0.643,0.0,0
5,0.5989,0,-0.0521,11,0.2579,0.0001,1
5,0.7683,0,0.0477,13,0.4367,0.0,1
10,0.5495,1,-0.0207,11,0.2579,0.0013,2
4,0.9385,0,-0.0606,5,0.7683,0.0,0
6,0.3575,2,-0.0863,13,0.2579,0.0005,1
2,1.1529,-1,0.0644,2,0.9233,0.0006,0
3,0.7519,-3,-0.0362,5,0.643,0.0,0
5,1.0002,0,0.0469,3,0.866,0.0362,0
2,1.0535,0,-0.1274,2,1.2038,0.0001,0
6,0.9052,1,0.0227,5,0.643,0.0,0
2,0.9483,1,-0.0843,3,0.8405,0.0,0
5,0.8591,-4,-0.0432,5,0.8897,0.0,1
5,1.0667,2,0.1401,4,0.7499,0.0258,0
2,1.1876,2,0.0,4,0.9069,0.0,0
5,0.7883,2,-0.0412,5,0.643,0.0,1
9,0.261,2,-0.0191,13,0.2579,0.0,2
2,0.9233,1,-0.0379,5,0.8591,0.0,0
3,0.819,1,-0.1661,8,0.4753,0.0,0
1,0.9301,1,0.0,3,0.8405,0.0,0
2,0.9296,-2,-0.1419,3,0.8623,0.0007,0
4,1.1464,2,0.1388,2,1.2171,0.0,0
4,0.906,-1,-0.0367,4,1.018,0.0,0
3,1.0679,2,-0.0801,5,0.9171,0.0006,0
5,1.1198,2,0.0298,4,1.0335,0.0,0
4,1.0656,-1,-0.0051,1,0.9773,0.0,0
1,1.1753,-3,0.0393,5,1.0667,0.0,0
1,0.8903,-3,0.0735,9,0.7123,0.0,0
2,0.602,1,-0.2884,9,0.7123,0.0,0
3,1.0029,2,-0.0783,3,1.0002,0.0,0
1,1.3069,0,0.2612,2,1.0535,0.0,0
5,0.643,-1,0.0005,6,0.7447,0.0,1
1,0.9584,0,-0.0557,5,0.602,0.0,0
3,0.9597,0,-0.0815,5,0.866,0.0027,0
1,1.0016,-1,-0.075,4,1.0208,0.0,0
3,0.8888,1,-0.0285,6,0.602,0.0,0
3,1.1031,0,0.0321,4,0.9304,0.0001,0
2,1.143,0,0.0304,2,1.02,0.0006,0
3,1.0476,1,-0.0305,5,0.7447,0.0,0
2,1.1605,1,-0.0688,2,0.902,0.0,0
3,0.794,0,0.0012,9,0.602,0.0,0
1,0.902,0,0.0,3,0.7447,0.0,0
1,0.9069,-1,-0.1138,4,0.9533,0.0,0
4,0.7499,-1,-0.0607,5,0.8146,0.0043,1
2,0.9652,-2,0.1253,10,0.261,0.0,0
1,1.0521,-2,-0.0947,4,1.0804,0.0,0
2,0.9685,1,-0.1764,5,0.8897,0.0,0
1,1.1453,1,0.0,4,1.0724,0.0,0
2,1.1338,-1,0.1058,4,0.9385,0.0,0
2,1.1807,2,0.0,3,0.8623,0.0,0
3,0.9429,-2,0.0404,6,0.602,0.0,0
2,1.1301,1,-0.1017,2,0.9685,0.0,0
1,1.0468,1,0.0,2,1.02,0.0,0
2,1.2038,0,0.1163,5,1.016,0.0453,0
1,0.9533,-2,0.0045,4,0.9069,0.0,0
1,1.172,1,0.0,1,1.3069,0.0,0
2,1.0378,2,0.0,3,0.9423,0.0386,0
1,0.9304,0,-0.0708,3,1.1031,0.0,0
1,1.3068,1,0.0,4,1.0521,0.0,0
2,1.02,0,-0.0861,5,0.933,0.0001,0
2,1.2171,0,0.0045,4,0.9773,0.0001,0
1,1.1115,1,0.0,3,0.9597,0.0,0
1,1.0698,0,-0.0572,9,0.7123,0.0,0
1,1.1046,1,0.0,2,1.0468,0.0,0
1,1.0482,-1,0.0919,9,0.7123,0.0,0
1,0.9882,-1,-0.2121,4,1.0804,0.0,0
1,0.9773,-1,-0.2849,4,1.0656,0.0,0
1,1.2634,-2,0.1655,5,1.1198,0.0,0
4,1.0098,1,0.0069,3,0.9192,0.0,0
2,1.0826,0,-0.0208,2,1.0553,0.0,0
2,1.0553,-1,0.0077,6,0.7222,0.0,0
6,0.8357,1,0.0674,11,0.3477,0.0,1
5,0.8678,2,-0.0751,4,0.7013,0.0,1
4,0.6362,-1,0.0373,11,0.2591,0.0,1
4,0.9125,2,-0.0357,2,0.8241,0.0,0
5,0.9318,0,-0.0012,4,0.8639,0.0034,0
5,1.0543,1,0.0055,3,1.0002,0.0,0
9,0.1719,0,-0.0891,11,0.2591,0.0,2
7,0.7851,2,-0.0421,7,0.7013,0.0,1
4,1.0098,-1,-0.0063,2,1.1066,0.0024,0
1,0.9392,-1,0.0096,4,0.8639,0.0,0
11,0.2591,0,0.0012,10,0.1719,0.0,2
4,1.0185,0,-0.0023,2,0.9829,0.0015,0
6,1.0161,3,0.0739,3,1.0055,0.0154,0
7,0.8854,2,-0.0317,5,0.7761,0.0029,1
2,0.9061,-2,0.0001,5,0.9666,0.0,0
4,0.9166,1,0.0976,6,0.4311,0.0,0
2,1.1332,-2,0.0528,1,1.0521,0.0,0
3,1.0055,-2,0.0053,6,0.949,0.0395,0
3,0.9139,2,0.007,3,1.0287,0.0,0
4,1.1098,-1,-0.01,2,1.032,0.0,0
3,0.8138,0,0.0618,6,0.5463,0.0,0
6,0.4311,-2,-0.0442,11,0.2591,0.0,1
1,1.0012,1,0.0,2,1.1361,0.0,0
7,0.7253,-2,0.013,7,0.7013,0.0,1
11,0.3477,-2,-0.0891,9,0.1719,0.0049,2
10,0.489,0,-0.0605,11,0.1719,0.0054,2
1,0.8425,1,0.0,3,0.949,0.0,0
4,0.8376,1,-0.0112,5,0.5463,0.0,1
2,1.1715,0,-0.0162,3,0.9139,0.0,0
3,1.0723,1,0.149,5,0.8574,0.0001,0
6,0.7595,1,-0.0288,5,0.5463,0.0,1
3,1.0287,-1,0.0238,3,0.9139,0.0,0
5,0.7222,2,-0.0225,6,0.5463,0.0,1
3,0.8045,1,0.0327,5,0.7222,0.0,0
4,1.0442,-1,-0.0226,5,0.7636,0.0195,0
3,0.5463,-2,-0.0967,6,0.7222,0.0,0
5,0.9666,1,-0.0514,3,0.8405,0.0,0
2,1.1972,0,0.0165,4,0.8639,0.0006,0
1,0.8386,-2,0.0446,7,0.7013,0.0,0
2,0.9563,1,-0.021,3,1.1287,0.0,0
1,1.0856,1,0.0,2,0.9392,0.0,0
3,0.9192,0,-0.0869,11,0.1719,0.0,0
3,0.9377,0,0.0489,5,0.5463,0.0,0
3,1.0574,-1,-0.015,5,1.0543,0.0,0
2,0.7013,0,0.0993,7,0.7253,0.0,0
2,1.1361,1,0.2057,2,0.9829,0.0,0
3,1.1455,1,0.0154,2,1.0132,0.0,0
5,0.7761,1,0.0262,7,0.7636,0.003,1
6,0.3275,-1,-0.0559,11,0.2591,0.0,1
1,1.3068,0,0.0,2,1.0521,0.0,0
2,1.1126,1,0.0081,1,1.0468,0.1131,0
3,1.036,3,0.0,2,1.032,0.0,0
1,1.1753,0,0.0,4,1.0442,0.0,0
3,0.8775,-1,-0.061,6,0.8357,0.0,0
2,1.0641,0,0.0441,5,0.9318,0.0001,0
5,0.8574,0,-0.0017,6,0.8871,0.0,1
3,0.8405,1,-0.1247,10,0.1719,0.0199,0
2,0.9504,1,0.0844,3,0.8425,0.0004,0
2,1.1172,1,0.0316,4,0.9392,0.0001,0
4,0.9013,-2,-0.0039,5,0.5463,0.0,0
4,0.8639,1,0.0016,5,0.9318,0.0234,1
2,1.0267,-1,-0.0412,7,0.8854,0.0007,0
2,0.9829,-1,-0.1202,4,1.0185,0.0001,0
9,0.314,3,-0.0434,11,0.1719,0.0007,2
1,1.0468,0,0.0,2,1.0641,0.0,0
1,1.1599,0,0.1583,4,1.0185,0.0,0
3,1.2292,2,-0.0776,1,0.947,0.0092,0
3,0.6347,3,0.0,6,0.3275,0.0,0
3,1.1121,-1,-0.0343,2,1.1346,0.0,0
6,0.8871,1,-0.0026,5,0.8574,0.0,1
1,1.1246,1,0.0,2,1.1001,0.0,0
3,0.949,0,-0.0107,3,0.8425,0.0,0
2,1.1001,0,-0.0604,2,1.0826,0.0,0
2,1.0652,1,-0.0046,7,0.7253,0.0,0
3,1.1287,-1,0.0631,2,0.9563,0.0,0
1,0.947,-1,-0.1065,3,1.1066,0.0,0
1,0.7636,-3,-0.051,5,0.7761,0.0,0
1,1.1291,1,0.0,3,1.0287,0.0,0
2,1.032,-2,-0.0016,4,1.036,0.0,0
1,1.0216,0,0.1313,7,0.7253,0.0,0
1,1.1346,1,0.0,3,1.1121,0.0,0
1,1.2871,-1,0.1533,3,0.8775,0.0,0
1,1.1709,0,0.0594,3,0.8425,0.0,0
1,1.1779,1,0.0,3,1.0267,0.0,0
1,1.1066,1,0.0,4,0.947,0.0,0
2,1.0132,1,-0.1316,6,0.8871,0.0,0
1,1.0521,0,0.0,2,1.1332,0.0,0
1,1.1934,0,0.2052,2,1.1332,0.0,0
1,1.1855,1,0.0,4,1.0185,0.0,0
1,0.9583,0,-0.0,7,0.7013,0.0,0
1,1.1165,-1,0.1067,4,0.8241,0.0,0
2,1.2645,0,0.0475,3,0.9563,0.0001,0
1,1.1956,-1,0.0526,2,1.0468,0.0,0
1,1.2325,1,0.0,3,1.036,0.0,0
1,1.2688,-1,0.065,4,0.947,0.0,0
1,0.903,1,0.0,7,0.7761,0.0,0
1,1.2293,0,0.276,3,0.9139,0.0,0
2,0.8241,-1,-0.0164,6,0.4311,0.0,0
1,1.0002,-1,-0.0001,5,1.0098,0.0,0
1,1.2634,0,0.0,4,1.0012,0.0,0
4,1.0027,0,-0.007,2,0.8575,0.0,0
9,0.3704,3,-0.0607,8,0.1958,0.0,2
6,0.9393,1,-0.0273,3,0.8425,0.0,0
5,0.9481,1,0.0468,5,0.7635,0.0,0
2,0.9251,1,0.0865,6,0.6608,0.0,0
2,1.0838,0,-0.0289,1,1.1046,0.0022,0
3,0.666,0,0.0313,9,0.3704,0.0,0
1,0.9684,0,-0.0532,6,0.7521,0.0,0
1,1.0141,-2,0.2003,7,0.7381,0.0,0
6,0.7657,-1,-0.0195,6,0.6608,0.0,1
2,1.2033,1,-0.026,3,0.9275,0.0,0
3,1.0556,0,0.0196,5,1.1136,0.0,0
3,0.7635,0,0.2172,7,0.6326,0.0,0
7,0.8889,1,0.0018,5,0.9335,0.0,1
5,0.8238,1,-0.0138,6,0.6326,0.0,1
1,0.9275,-1,-0.1725,2,0.8783,0.0,0
11,0.2185,2,0.0466,13,0.1958,0.0,2
10,0.2757,1,-0.0383,13,0.1958,0.0006,2
6,0.6326,1,-0.0896,7,0.7381,0.0,1
1,0.9069,1,0.0,3,0.8976,0.0,0
13,0.3436,2,-0.0041,11,0.2185,0.0201,2
7,0.8387,2,0.0626,5,0.7879,0.0522,1
6,0.6608,4,-0.0406,6,0.7521,0.0,1
5,1.0859,0,0.0316,2,1.0317,0.0,0
1,1.1986,0,0.1465,2,0.8976,0.0,0
1,0.9313,1,0.0,4,1.0104,0.0,0
6,0.9587,1,0.0268,4,0.8218,0.0034,0
8,0.4841,-2,-0.0049,11,0.1958,0.0009,2
2,0.8575,-1,-0.0617,13,0.2185,0.0,0
3,0.9761,0,0.0622,2,0.8976,0.0,0
2,0.7847,-3,-0.0832,6,0.6608,0.0,0
5,1.0656,3,0.1093,0,1.0656,0.0,0
1,0.8783,1,0.0,6,0.6326,0.0,0
5,1.0055,0,0.148,7,0.8889,0.0001,0
5,0.8455,-1,0.0098,13,0.3436,0.0,1
2,0.9335,2,0.0,7,0.8889,0.0,0
5,0.7965,1,-0.1201,9,0.3704,0.0,1
2,1.0317,-1,-0.0257,5,1.0859,0.0,0
2,0.9356,0,-0.0473,5,1.0617,0.0,0
8,0.3874,2,0.0599,9,0.1958,0.0001,2
1,1.1354,0,0.0288,5,1.021,0.0,0
5,0.9421,2,-0.0635,4,0.9793,0.0385,0
2,1.2366,2,0.0,2,1.1354,0.0002,0
1,0.9278,-1,-0.1364,6,0.8218,0.0,0
5,1.1136,3,0.0816,3,1.0556,0.0,0
5,1.0735,1,0.055,2,0.9356,0.0019,0
3,0.7119,-1,0.0757,10,0.1958,0.0,0
2,1.2171,-1,0.105,4,1.1112,0.0,0
7,0.7381,1,-0.0214,6,0.6326,0.0,1
1,1.0856,0,0.1464,4,1.0675,0.0,0
4,0.8106,1,0.006,6,0.6326,0.0,1
1,1.1835,0,-0.1232,2,0.9069,0.0,0
4,1.0342,1,-0.1113,2,0.9335,0.0,0
3,0.8425,0,0.002,11,0.2185,0.0347,0
5,1.021,1,0.0112,2,1.0873,0.0027,0
7,0.1958,-4,-0.0633,11,0.2185,0.0,1
3,0.8703,2,-0.088,6,0.6608,0.0,0
2,0.9793,-1,0.0302,5,0.842,0.0047,0
1,1.0012,0,0.0,3,1.0617,0.0,0
4,1.1112,3,-0.0235,2,1.2171,0.0,0
2,0.7521,-5,0.0268,6,0.6608,0.0,0
2,0.8675,0,-0.1879,7,0.6326,0.0,0
2,1.1112,1,0.1111,5,1.0027,0.0,0
2,1.1121,-2,0.0023,5,1.1136,0.0,0
2,1.0061,1,-0.1648,2,0.842,0.0002,0
2,0.9821,1,0.0792,7,0.7911,0.0052,0
2,0.8218,2,0.0,6,0.9278,0.0,0
1,1.175,0,0.1282,2,0.9278,0.0,0
2,1.1206,-1,0.2431,5,0.8455,0.0,0
2,1.1393,1,0.1923,2,1.1354,0.0001,0
1,1.277,0,0.0836,2,1.1278,0.0,0
1,0.8612,-2,-0.0765,6,0.6608,0.0,0
2,1.0701,0,0.0434,5,0.7911,0.0,0
1,1.3695,0,0.2449,2,0.9275,0.0,0
5,0.8889,1,-0.0236,1,0.8233,0.0,1
5,0.7911,-2,-0.0943,7,0.8387,0.0009,1
4,1.0104,-2,-0.0057,5,0.9313,0.0038,0
1,0.7879,0,0.0243,7,0.8387,0.0,0
1,0.8976,-1,-0.2739,3,0.9069,0.0,0
2,1.0705,1,-0.1075,2,1.0701,0.0007,0
3,1.0617,1,-0.0744,2,0.9356,0.0,0
2,0.842,1,-0.0005,2,0.9793,0.0,0
1,1.0609,-1,-0.0043,5,0.7521,0.0,0
1,1.1709,1,0.0,2,1.0061,0.0,0
1,1.1165,1,0.0,1,0.9032,0.0,0
1,1.1046,1,0.0,2,1.0838,0.0,0
2,1.1325,1,0.0035,2,0.9275,0.0,0
4,1.0675,0,0.2036,6,0.8218,0.0195,0
1,1.0782,0,-0.0383,5,0.7965,0.0,0
2,1.0873,0,-0.0299,5,1.021,0.0001,0
2,1.1093,-2,0.0651,7,0.7879,0.0375,0
2,1.1877,0,0.1051,2,0.8675,0.0,0
1,1.0269,-1,0.0765,5,0.842,0.0,0
1,1.1779,1,0.0,2,1.0701,0.0,0
1,1.2088,1,0.0,1,0.8976,0.0,0
1,1.1653,1,0.0,2,1.0838,0.0,0
1,0.8233,-1,-0.0009,9,0.3704,0.0,0
2,1.1278,0,-0.0054,1,1.1835,0.0,0
1,1.2647,0,-0.0224,4,1.0342,0.0,0
1,0.9032,1,0.0,5,0.7521,0.0,0
1,1.1215,1,0.0,1,0.8976,0.0,0
5,0.9746,1,-0.0358,3,0.9164,0.0005,0
4,0.9238,2,0.0817,2,0.865,0.0,0
6,0.5882,0,-0.0444,6,0.7362,0.0,1
2,0.7679,0,-0.0996,6,0.5882,0.0,0
2,1.0701,1,-0.1049,4,0.9627,0.0,0
4,1.023,-1,0.0175,5,0.8488,0.0001,0
2,0.9735,0,0.116,15,0.1566,0.0,0
4,1.0957,-1,-0.0179,1,0.9672,0.0,0
1,1.1965,1,0.0,5,0.9941,0.0,0
3,1.0166,2,-0.0616,4,0.7954,0.0,0
7,0.8406,0,0.0019,6,0.7846,0.0044,1
4,0.7954,3,-0.0278,9,0.3859,0.0,1
1,1.1453,-1,0.1136,4,1.0388,0.0,0
5,0.805,-1,0.0393,6,0.636,0.0,1
2,1.1325,0,0.0,3,0.953,0.0,0
6,0.2059,-1,0.0101,12,0.1566,0.0,1
15,0.331,2,-0.0125,12,0.1566,0.0195,2
12,0.1566,1,-0.0619,15,0.2059,0.0,2
6,0.7846,1,-0.0066,7,0.8406,0.013,1
3,0.8986,0,0.1351,6,0.5882,0.0,0
4,0.9791,2,0.1573,4,0.8921,0.0631,0
5,0.8299,0,0.0062,6,0.5882,0.0,1
4,1.1177,0,0.0065,2,1.2171,0.0,0
9,0.4161,1,0.0287,9,0.2059,0.0002,2
6,0.636,0,-0.0248,5,0.6978,0.0,1
2,0.8921,-4,-0.0665,4,0.9296,0.0067,0
4,1.0421,2,-0.0691,4,0.9841,0.0,0
2,0.9743,1,-0.0866,4,0.6978,0.0,0
9,0.3859,0,0.0155,9,0.2059,0.0,2
2,0.9818,2,0.0,3,1.13,0.0,0
4,0.9727,2,0.0371,4,0.9812,0.0002,0
5,0.8488,-2,-0.0401,4,0.8895,0.0,1
8,0.4433,0,-0.0408,12,0.1566,0.001,2
3,0.9841,-1,-0.0187,4,0.9735,0.0,0
5,0.8796,0,0.0341,15,0.331,0.0,1
10,0.2353,0,-0.0404,15,0.1566,0.0011,2
1,1.0963,0,-0.0816,3,1.0151,0.0,0
3,0.9164,-2,-0.0257,5,0.865,0.0004,0
2,0.9335,2,0.0,5,0.8488,0.0,0
2,0.5808,-1,-0.0852,9,0.3859,0.0,0
5,0.8339,2,-0.0364,6,0.636,0.0,1
4,0.9521,-1,0.0039,5,0.7946,0.0,0
3,1.1235,2,-0.1412,2,1.0426,0.0,0
3,0.8895,1,-0.044,5,0.8488,0.0,0
1,0.9069,0,0.0,5,0.9941,0.0,0
4,1.1199,-1,0.0464,4,0.9727,0.0156,0
1,0.9862,0,-0.0279,6,0.7362,0.0,0
2,1.0353,0,0.0292,4,0.9238,0.0,0
2,0.6978,0,-0.0543,6,0.636,0.0,0
3,1.0388,3,0.0,1,0.9672,0.0,0
1,1.3874,0,0.4561,5,0.9746,0.0,0
2,1.0371,1,0.1339,4,0.6978,0.0,0
2,0.9459,2,0.0,3,1.1359,0.0109,0
2,1.1404,1,0.0359,2,1.1061,0.0,0
4,0.88,1,0.0375,12,0.1566,0.0271,1
2,1.0107,0,-0.0986,7,0.8406,0.0003,0
2,0.7989,1,-0.0793,6,0.5882,0.0,0
4,0.7938,0,-0.0168,6,0.5882,0.0,1
1,0.865,0,-0.1619,4,0.9164,0.0,0
3,1.1359,1,-0.0034,2,0.9459,0.0009,0
2,0.9812,-1,-0.0805,4,0.9727,0.0,0
4,0.9627,3,0.0349,4,0.8921,0.0003,0
3,1.13,-2,0.0644,2,0.9818,0.0,0
4,1.0769,-1,-0.009,4,1.0421,0.0,0
2,1.0426,-2,0.0084,3,0.8895,0.0,0
1,1.0856,1,0.0,4,0.9296,0.0,0
3,0.7989,-2,0.0023,9,0.3859,0.0,0
1,0.9672,-2,-0.0884,4,1.0388,0.0,0
2,1.1931,0,0.0653,2,1.236,0.0065,0
6,0.7362,-1,-0.0019,6,0.5882,0.0,1
2,1.236,1,0.0374,5,0.9069,0.0,0
2,1.2171,0,0.0,4,0.9818,0.0,0
2,0.9296,-2,-0.1379,4,0.8921,0.0002,0
4,0.9359,-2,-0.0033,4,0.88,0.0,0
1,0.8987,1,0.0,4,0.7938,0.0,0
2,1.0716,0,0.0923,4,0.865,0.0043,0
3,1.0499,1,-0.0202,6,0.7846,0.0,0
2,1.1061,0,0.0223,2,1.0701,0.2687,0
2,1.1877,-3,0.1667,2,0.9457,0.0,0
5,0.9941,4,0.0965,2,0.9069,0.0,0
2,0.9457,2,0.0,2,0.9794,0.0,0
2,1.2898,0,0.0865,2,0.953,0.0,0
1,0.984,-1,0.0589,6,0.636,0.0,0
2,1.1421,1,0.1409,2,0.9812,0.0,0
4,0.9203,-1,0.0314,4,0.7954,0.0,0
1,1.197,1,0.0,2,0.9794,0.0,0
3,1.1386,1,-0.0491,2,0.7679,0.0,0
1,1.26,0,0.0891,2,1.0353,0.0,0
1,1.2634,-1,0.1513,4,1.0957,0.0,0
1,0.947,1,0.0,3,1.1066,0.0,0
2,0.7526,-1,0.0407,10,0.2059,0.0,0
3,0.7946,1,0.01,6,0.636,0.0,0
1,1.0151,-1,-0.0554,3,1.0499,0.0,0
1,1.1779,1,0.0,3,1.0151,0.0,0
1,1.1276,1,0.0,4,0.9672,0.0,0
2,0.9794,0,-0.1079,2,0.9457,0.0,0
1,1.1066,0,-0.0288,3,0.947,0.0,0
1,0.9988,-1,0.0166,7,0.7846,0.0,0
1,0.953,0,0.0255,3,0.7989,0.0,0
12,0.0977,0,-0.0589,15,0.173,0.0,2
3,0.9321,1,-0.0422,2,0.8981,0.0,0
3,1.1777,-1,0.06,3,1.177,0.0,0
1,1.1781,0,0.0505,4,0.9307,0.0,0
4,0.9256,2,-0.0479,15,0.0977,0.0,0
8,0.4911,0,0.0479,12,0.0977,0.0011,2
1,0.9069,0,0.0,4,0.9623,0.0,0
3,1.125,2,0.0184,3,0.9717,0.0005,0
11,0.406,2,0.0201,8,0.173,0.0001,2
15,0.2934,0,-0.0376,12,0.0977,0.005,2
5,1.0241,0,0.0494,6,0.9079,0.0133,0
4,0.823,2,0.024,5,0.5658,0.0,1
5,1.0091,3,0.0297,1,1.1066,0.139,0
11,0.1908,1,-0.0445,15,0.0977,0.0008,2
8,0.4491,-1,0.033,11,0.173,0.0001,2
3,1.1291,1,0.023,1,0.9023,0.001,0
4,0.9127,0,-0.0394,6,0.7747,0.0,0
5,1.0586,3,0.0768,0,1.0586,0.0,0
3,0.7986,-2,-0.0064,7,0.6658,0.0,0
4,0.173,-2,-0.0329,12,0.0977,0.0,1
4,1.0922,0,0.0153,4,1.0219,0.0,0
4,0.8487,-1,-0.0309,15,0.2934,0.0,1
5,0.8747,1,-0.0053,12,0.0977,0.025,1
5,0.7852,1,-0.0103,11,0.406,0.0,1
1,1.2298,0,0.0329,5,1.0088,0.0,0
4,1.0219,0,-0.0202,4,1.0795,0.0,0
6,0.7974,1,-0.0365,7,0.6658,0.0,1
6,0.8986,2,-0.064,5,0.9023,0.0002,1
4,0.8396,-1,-0.0092,3,0.8624,0.0,1
6,0.8176,0,0.0331,5,0.8604,0.0013,1
3,0.9268,1,-0.1158,3,0.8624,0.0,0
5,0.9825,1,0.0587,2,0.9168,0.0,0
4,0.9623,-1,-0.0318,2,0.9069,0.0,0
3,1.177,3,0.0,3,1.1777,0.0,0
5,0.8604,-2,0.0198,6,0.8176,0.0045,1
2,1.2684,0,0.0324,4,0.9069,0.032,0
3,0.9172,1,-0.0163,4,0.8396,0.0,0
2,0.9175,-2,-0.0185,5,0.8747,0.0,0
2,1.1371,1,-0.0408,1,1.0818,0.0001,0
6,0.9079,3,-0.0085,5,0.9168,0.0005,0
1,1.2315,1,0.0,2,0.9307,0.0,0
3,0.9931,3,0.0,3,0.9498,0.008,0
5,0.9318,2,-0.1181,6,0.8176,0.1476,0
4,0.772,-2,0.0359,5,0.5658,0.0,1
5,0.7831,3,0.0152,5,0.5658,0.0,1
1,1.1722,-1,0.2265,5,1.0091,0.0,0
1,1.2327,1,0.0,3,0.7986,0.0,0
1,0.9889,0,0.0026,6,0.772,0.0,0
4,1.1175,0,0.0218,2,1.046,0.0,0
1,1.0012,1,0.0,2,1.1042,0.0,0
1,0.9241,0,0.0254,4,0.823,0.0,0
1,0.9032,-1,-0.1339,3,0.8981,0.0,0
7,0.6658,1,0.0298,6,0.7747,0.0,1
6,0.8112,1,-0.0187,5,0.5658,0.0,1
3,0.996,1,0.0148,4,1.03,0.0,0
3,1.0804,-1,0.0574,4,0.8396,0.0,0
2,0.8981,-2,-0.0221,5,0.7852,0.0,0
2,1.0083,1,0.0243,7,0.6658,0.0,0
1,1.26,1,0.0,2,0.9839,0.0,0
1,0.588,-1,0.0072,11,0.406,0.0,0
1,1.1062,1,0.0,3,0.9032,0.0,0
1,1.0818,0,0.0667,5,0.9318,0.0,0
4,1.03,0,0.0573,3,0.996,0.0005,0
1,0.9498,-1,0.0039,3,0.9931,0.0,0
2,0.99,1,-0.0088,6,0.8176,0.0003,0
3,1.0755,0,0.0589,6,0.6995,0.0,0
1,1.1066,-1,-0.0811,5,0.9717,0.0,0
2,0.8394,-1,0.0447,7,0.6658,0.0,0
3,0.8305,0,-0.0681,6,0.5658,0.0,0
1,1.1036,0,0.0073,5,0.9318,0.0,0
1,1.0088,0,-0.0768,1,0.9636,0.0,0
1,1.1515,1,0.0,4,0.9623,0.0,0
1,0.7747,1,0.0,7,0.6658,0.0,0
5,0.5658,-1,-0.0224,6,0.772,0.0,1
2,1.0795,-1,0.0954,4,0.9256,0.0,0
1,0.9717,0,0.0247,3,1.1066,0.0,0
2,1.046,1,0.0788,4,0.9307,0.0,0
2,0.8624,-1,-0.0271,4,0.8396,0.0,0
2,1.1869,2,0.0,4,0.9069,0.0,0
3,0.8293,-1,0.0355,6,0.5658,0.0,0
1,1.1207,-1,-0.0198,3,1.1291,0.0,0
2,1.1469,2,0.0,0,1.1469,0.0065,0
2,1.1563,0,0.0237,2,0.9785,0.0,0
5,0.9886,3,0.0965,6,0.8986,0.0574,0
6,0.6995,3,-0.0993,11,0.406,0.0,1
2,1.1325,1,-0.0639,4,0.9623,0.0,0
2,0.9839,2,0.0,5,0.9698,0.0002,0
3,1.1045,0,-0.0191,3,0.9268,0.0,0
1,0.9698,-1,-0.0655,5,0.9168,0.0,0
1,0.9023,-1,-0.1678,6,0.8986,0.0,0
1,0.9636,-1,0.034,5,0.9886,0.0,0
1,1.1887,1,0.0,3,1.0804,0.0,0
2,1.1042,0,-0.0379,3,0.996,0.0,0
2,1.2033,-2,0.0833,4,1.03,0.003,0
2,0.9307,-1,-0.1082,2,1.046,0.0,0
1,1.2647,1,0.0,4,0.8487,0.0,0
1,0.9168,-1,-0.1548,6,0.9079,0.0,0
1,0.9785,-1,-0.3114,2,1.1325,0.0,0
1,1.3695,1,0.0,2,0.9785,0.0,0
1,1.0061,-2,-0.1325,5,0.7831,0.0,0
2,0.8592,-1,-0.058,5,0.8482,0.0,0
1,0.9137,-2,-0.2633,2,1.1187,0.0,0
2,1.0092,1,0.0203,7,0.6878,0.0,0
4,0.2358,0,0.0628,14,0.0681,0.0,1
2,0.9496,-1,-0.0464,5,0.9951,0.0,0
4,0.7711,0,-0.0519,6,0.5683,0.0,1
2,1.2622,-1,0.0845,2,0.9137,0.0,0
5,1.0553,0,0.0313,4,0.8931,0.01,0
9,0.8417,3,0.024,4,0.7462,0.0037,1
2,1.0194,-2,-0.0728,5,1.0613,0.0,0
14,0.4349,3,0.0289,8,0.2358,0.0,2
7,0.8028,1,0.0053,6,0.6878,0.0,1
4,0.5683,-1,0.0025,6,0.7678,0.0,1
3,0.9476,1,-0.3209,2,0.8827,0.0,0
17,0.228,2,-0.0654,12,0.0681,0.0185,2
4,1.0031,4,0.0,3,1.0574,0.0752,0
3,1.0454,0,-0.059,5,0.9182,0.0,0
5,0.8457,-1,0.0345,4,0.5683,0.0,1
3,1.1049,0,-0.0201,2,0.922,0.0005,0
1,0.8239,1,0.0,4,0.8931,0.0,0
4,0.8931,-2,-0.0149,5,0.8239,0.0224,1
2,1.1193,1,0.1105,4,0.9636,0.0878,0
2,1.0544,-1,-0.0747,3,0.9747,0.0,0
5,1.0613,1,0.0395,2,1.0194,0.0,0
5,0.9182,2,-0.0086,3,0.8482,0.0,0
6,0.7678,1,-0.0153,4,0.5683,0.0,1
6,0.4646,-2,-0.0265,12,0.0681,0.0011,1
4,0.7953,1,-0.034,5,0.5683,0.0,1
2,1.0126,0,0.1145,5,0.6624,0.0,0
3,1.0574,-2,0.0482,4,0.9717,0.1568,0
5,0.6624,0,-0.1228,14,0.4349,0.0,1
8,0.4768,0,0.0277,14,0.2358,0.0003,2
12,0.0681,0,-0.0297,17,0.1623,0.0,2
5,0.9457,1,0.106,2,0.8482,0.0,0
1,0.8088,-2,0.0102,7,0.7147,0.0,0
2,0.9877,-1,-0.0055,3,0.922,0.0,0
5,0.8982,2,-0.0339,2,0.8777,0.0,1
5,0.7796,-1,0.0801,14,0.4349,0.0,1
2,1.122,1,0.2188,5,0.8777,0.0,0
2,0.9631,0,-0.0269,9,0.7879,0.0063,0
2,1.1142,0,-0.0229,2,1.0179,0.0001,0
2,0.9951,0,-0.1091,2,0.9496,0.0,0
10,0.1623,-1,-0.0285,17,0.0681,0.0008,2
3,0.7779,-1,0.0058,6,0.5683,0.0,0
4,0.9316,2,-0.0523,4,0.9721,0.1026,0
1,1.1887,0,0.0,3,1.1301,0.0,0
4,0.9721,-1,-0.0104,4,0.8239,0.0,0
4,0.7462,-1,-0.1856,9,0.8417,0.0004,1
6,0.7147,-1,0.0489,7,0.6878,0.0,1
2,0.944,1,-0.2875,3,1.046,0.0,0
5,0.7797,1,-0.146,17,0.0681,0.0,1
2,1.0674,-2,-0.0501,3,1.1368,0.0,0
2,1.1187,2,0.0,2,0.9137,0.0,0
1,1.0039,0,0.0255,2,0.9092,0.0,0
2,0.6878,1,-0.0868,7,0.7147,0.0,0
2,1.247,0,0.0601,2,1.0039,0.0,0
2,1.0658,-2,0.1036,3,0.9476,0.0,0
3,0.8874,-1,-0.0253,5,0.6878,0.0,0
6,0.7933,1,-0.0813,12,0.0681,0.0233,1
7,0.9208,1,0.0221,3,0.8709,0.0056,0
1,0.7879,-4,-0.0725,9,0.8417,0.0,0
2,1.049,-1,-0.0265,5,0.6624,0.0,0
1,0.9717,0,-0.1349,3,1.0574,0.0,0
3,1.2297,1,0.0264,5,1.0163,0.0073,0
2,0.8482,0,-0.0142,5,0.8592,0.0,0
2,1.046,0,0.1153,3,0.944,0.0,0
2,0.922,2,0.0,3,0.9877,0.002,0
2,1.172,0,0.0157,2,0.9092,0.0,0
3,1.1368,1,0.0908,2,0.944,0.0,0
1,1.2077,0,-0.057,3,0.95,0.0,0
1,0.8777,1,0.0,6,0.7147,0.0,0
2,1.0179,1,-0.0639,4,0.7462,0.0019,0
3,0.8135,2,-0.1106,4,0.7711,0.0,0
2,1.1067,1,0.1055,2,0.9951,0.0,0
5,1.0163,1,-0.0137,3,0.9496,0.0001,0
5,1.0594,0,0.0008,1,1.1779,0.0,0
3,0.9747,2,0.0724,7,0.9208,0.0,0
3,0.8207,0,-0.0098,5,0.5683,0.0,0
2,0.9251,0,0.0857,6,0.6878,0.0,0
1,0.9092,1,0.0,4,0.7711,0.0,0
1,1.0818,0,-0.0218,4,0.7462,0.0,0
3,0.95,-1,0.1013,17,0.228,0.0,0
2,0.9497,1,0.0329,4,0.8239,0.0001,0
2,1.1878,2,0.0,3,0.8827,0.032,0
1,1.2636,1,0.0,2,0.944,0.0,0
1,1.1215,0,-0.03,3,0.9476,0.0,0
1,0.8709,-4,-0.1178,7,0.9208,0.0,0
1,0.9758,-1,-0.0324,6,0.7147,0.0,0
2,1.0488,0,-0.0307,5,0.7797,0.0,0
1,1.1779,1,0.0,5,1.0594,0.0,0
1,1.2304,1,0.0,2,0.9137,0.0,0
1,1.1455,0,-0.0872,2,0.8088,0.0,0
1,0.8827,1,0.0,3,0.9476,0.0,0
1,0.5334,1,0.0,14,0.1623,0.0,0
2,1.1174,0,-0.0151,2,1.0039,0.0,0
1,1.0697,1,0.0,4,0.9316,0.0,0
1,0.9636,1,0.0,7,0.8709,0.0,0
3,1.1301,2,0.0095,2,1.0544,0.0003,0
1,1.1709,0,-0.0891,4,0.9316,0.0,0
1,1.063,0,0.0568,6,0.7678,0.0,0
1,1.2868,1,0.0,2,0.9877,0.0,0
9,0.1102,-1,-0.0521,18,0.0688,0.0007,2
2,0.688,-2,-0.0831,7,0.6351,0.0,0
2,0.9753,-2,0.0032,6,0.9284,0.0,0
7,0.7397,1,-0.0281,6,0.6351,0.0,1
5,0.9967,3,0.0471,3,0.9674,0.0,0
6,0.9072,-1,-0.0136,4,0.9197,0.0216,0
11,0.4609,-3,0.026,8,0.3084,0.0,2
4,0.7188,2,0.031,6,0.683,0.0,1
1,1.1515,1,0.0,4,0.9424,0.0,0
4,0.9168,2,-0.0924,6,0.7188,0.0,0
1,1.0892,0,0.0074,5,0.815,0.0,0
6,0.6351,2,0.0669,7,0.688,0.0,1
3,0.9263,1,0.0043,3,0.915,0.0026,0
3,1.0024,1,-0.0102,5,0.6391,0.0,0
2,1.0872,-3,0.0277,3,1.0598,0.0,0
18,0.1725,1,-0.0555,13,0.0688,0.0112,2
6,0.9403,2,0.0088,2,0.9753,0.0652,0
6,0.7877,-1,-0.0151,4,0.683,0.0,1
1,1.0501,0,-0.0954,2,0.9032,0.0,0
6,1.0187,2,0.0156,1,1.1641,0.0801,0
5,0.9284,3,-0.0213,4,0.9753,0.0037,0
3,1.0225,-2,-0.0329,4,0.985,0.0049,0
5,0.7354,0,-0.0443,18,0.0688,0.0,1
3,0.8391,1,-0.21,4,0.6391,0.0,0
3,0.8531,0,-0.0344,5,0.7188,0.0,0
10,0.8546,1,0.0129,5,0.815,0.0012,1
4,0.9424,1,-0.0052,2,0.9069,0.0,0
5,0.815,1,0.0688,10,0.8546,0.0,1
8,0.4984,0,0.0216,11,0.3084,0.0001,2
4,1.0285,2,-0.0203,5,0.7354,0.0,0
5,0.9033,0,0.0051,3,0.9032,0.0,0
3,1.0455,-2,-0.0158,4,1.0285,0.0,0
4,0.6391,-1,-0.0232,11,0.4609,0.0,1
2,1.0001,1,0.0365,6,0.9072,0.0008,0
13,0.0688,1,0.0008,18,0.1102,0.0,2
3,1.0495,-2,0.0332,5,0.9967,0.0005,0
5,0.8849,0,0.0392,6,0.6351,0.0,1
3,1.1765,2,-0.0539,2,0.9137,0.0,0
2,1.305,2,0.0,2,1.1726,0.0911,0
4,0.683,-2,-0.0316,6,0.7188,0.0,1
2,1.0932,0,-0.021,2,0.9354,0.0,0
3,1.1964,0,0.0663,1,0.9278,0.0001,0
2,1.1726,-1,-0.0571,3,1.0495,0.0004,0
1,0.947,0,-0.0247,3,1.1055,0.0,0
5,0.7352,-1,-0.0581,13,0.0688,0.0339,1
1,1.2218,-2,0.1645,6,0.947,0.0,0
1,1.1887,1,0.0,4,0.9565,0.0,0
3,1.077,1,-0.0404,2,1.1448,0.0,0
1,0.9137,-1,-0.205,3,1.1765,0.0,0
3,0.9657,2,0.0565,3,0.688,0.0,0
4,0.9565,-1,0.0108,3,0.8007,0.0,0
1,0.9032,0,0.0255,5,0.683,0.0,0
2,1.0579,-1,0.0125,6,0.9304,0.0,0
2,0.9354,0,-0.0824,5,0.815,0.0,0
3,1.0598,3,0.0,2,1.0872,0.0,0
3,0.7541,-2,-0.0254,11,0.4609,0.0,0
1,0.8612,-2,0.0405,6,0.6351,0.0,0
2,1.252,0,0.0642,4,0.9069,0.0059,0
4,0.3084,0,0.0727,13,0.0688,0.0,1
7,0.4846,1,0.0199,13,0.0688,0.0008,1
2,1.1306,1,-0.0771,2,0.9115,0.0,0
2,1.2645,1,0.3509,3,0.9137,0.0,0
3,1.0832,0,-0.0536,3,1.0784,0.0,0
4,0.9197,1,-0.055,6,0.9072,0.0,0
2,0.9674,0,-0.0277,5,0.9967,0.0,0
2,0.9115,-1,-0.0385,18,0.1725,0.0,0
2,1.1371,1,-0.0408,2,1.0872,0.0,0
2,0.4729,2,0.0,11,0.4609,0.0,0
2,1.1067,0,0.0,2,0.9674,0.0,0
5,0.7519,1,-0.0434,6,0.6351,0.0,1
3,1.0784,1,0.0324,3,1.0327,0.0,0
6,0.9304,1,0.0123,3,0.8007,0.0,0
3,1.1055,0,0.0006,3,0.915,0.0002,0
2,1.0357,2,0.0,3,0.8391,0.0,0
1,1.2327,0,0.4239,6,0.683,0.0,0
2,0.6031,1,0.0697,11,0.1102,0.0001,0
4,0.985,0,0.092,5,0.9284,0.0357,0
2,1.1448,0,-0.0272,3,0.8437,0.0,0
2,1.1933,2,0.0,3,0.915,0.0275,0
3,1.0327,2,-0.2309,3,1.0784,0.0,0
1,0.8007,-1,-0.0475,6,0.8205,0.0,0
2,1.1614,0,0.0956,4,0.9424,0.0,0
1,1.2577,-1,0.1357,5,0.8391,0.0,0
1,1.2634,1,0.0,3,1.0784,0.0,0
1,0.9554,-1,0.0303,4,0.683,0.0,0
1,0.915,-1,-0.0726,3,0.9263,0.0,0
1,0.8437,0,-0.2193,7,0.688,0.0,0
3,0.8267,0,0.0132,5,0.688,0.0,0
1,1.0922,0,-0.0964,3,1.1887,0.0,0
1,1.1641,-1,0.0448,6,1.0001,0.0,0
1,0.9201,0,0.0492,6,0.9072,0.0,0
1,1.3695,-1,0.1225,3,1.077,0.0,0
1,1.1709,1,0.0,1,1.1008,0.0,0
1,1.2325,-1,0.2131,3,1.0327,0.0,0
3,0.8205,1,-0.0388,6,0.8007,0.0,0
1,0.9069,0,0.0242,4,0.9424,0.0,0
1,1.0042,0,0.0284,5,0.683,0.0,0
1,0.9305,-2,0.1526,7,0.6351,0.0,0
1,1.1008,0,-0.0701,6,0.9403,0.0,0
1,0.9278,-1,-0.1266,4,0.9197,0.0,0
1,1.2102,1,0.0,4,0.9069,0.0,0
3,0.9331,2,-0.071,2,0.5993,0.0,0
4,0.8667,0,-0.053,5,0.9309,0.0,1
19,0.1444,1,-0.0281,12,0.0599,0.0043,2
8,0.8197,-2,-0.0349,6,0.8148,0.0004,1
3,1.1051,0,0.0267,2,0.9039,0.0,0
6,0.9853,0,0.045,3,0.867,0.0713,0
5,1.0535,1,0.0249,5,0.4786,0.0,0
6,0.9788,1,-0.0179,2,1.0435,0.0,0
1,0.7941,1,0.0,6,0.5089,0.0,0
6,0.4647,-1,-0.0198,12,0.0599,0.0006,1
5,0.8537,1,-0.0631,7,0.7174,0.0,1
5,0.9834,1,-0.0016,4,0.8919,0.0317,0
4,0.8919,-1,-0.0366,5,0.9036,0.0001,1
2,1.049,1,-0.2087,4,0.8735,0.0,0
1,1.2384,-1,-0.0667,1,1.0947,0.0,0
1,1.0947,-1,-0.0779,2,1.1604,0.0,0
2,1.0379,0,0.1264,19,0.1444,0.0,0
6,0.7466,-1,0.007,6,0.6225,0.0,1
3,0.8062,0,-0.0143,5,0.8842,0.0,0
4,0.9262,1,0.0871,4,0.6288,0.0,0
2,1.1212,1,0.029,2,1.1404,0.0002,0
2,0.7799,-1,0.0258,9,0.4559,0.0,0
5,0.758,0,0.0061,6,0.6225,0.0,1
3,0.7428,-3,0.1076,6,0.6225,0.0,0
2,1.129,0,-0.0082,3,1.1001,0.0,0
2,1.1121,-1,0.0289,3,1.046,0.0,0
4,0.7936,-2,0.0059,7,0.5993,0.0,1
2,1.0435,0,0.0762,6,0.9788,0.0,0
1,1.2962,1,0.0,3,0.6733,0.0,0
7,0.7174,3,-0.0014,5,0.5993,0.0,1
5,0.9309,-1,0.0237,4,0.8667,0.0029,0
6,0.9983,3,0.072,0,0.9983,0.0024,0
12,0.0599,-1,-0.0089,19,0.1135,0.0,2
1,0.8777,0,-0.0255,3,0.5993,0.0,0
2,1.046,2,0.0,3,0.9039,0.0,0
9,0.1135,0,0.0033,19,0.0599,0.0009,2
1,0.867,1,0.0,6,0.9853,0.0,0
6,0.8148,1,-0.0002,8,0.7824,0.0371,1
6,0.6225,4,-0.0655,6,0.7428,0.0,1
3,1.0059,2,0.0781,4,0.8667,0.0001,0
3,0.9036,1,-0.0717,6,0.8919,0.0,0
4,0.6288,0,-0.0103,9,0.4559,0.0,1
3,0.8691,0,0.0423,6,0.6225,0.0,0
2,1.1604,-1,0.1108,6,0.9788,0.0,0
8,0.5368,0,0.0385,9,0.3226,0.0005,2
5,0.3226,1,0.0142,12,0.0599,0.0002,1
3,0.8311,2,-0.0126,6,0.6225,0.0,0
1,1.1515,0,0.0,5,0.9647,0.0,0
3,1.0202,0,0.0179,4,0.6288,0.0,0
2,1.1325,0,-0.0289,5,0.9647,0.0,0
5,0.4786,0,-0.2568,19,0.0599,0.0,1
2,1.0124,0,0.0122,5,0.9309,0.0003,0
3,0.9224,0,-0.0433,6,0.6225,0.0,0
5,1.0707,2,0.011,1,1.1779,0.0,0
4,0.8867,-1,0.0018,5,0.7428,0.0,1
3,0.8606,0,0.0075,7,0.7174,0.0,0
3,1.0489,0,-0.1276,2,1.2012,0.0,0
2,1.2676,2,0.0,0,1.2676,0.0059,0
5,0.9647,1,0.0224,2,0.8827,0.0,0
1,0.8987,1,0.0,3,0.8691,0.0,0
6,0.5089,4,0.0359,9,0.4559,0.0,1
2,1.247,1,0.0369,5,0.8827,0.0,0
2,1.1404,1,-0.0482,3,0.9473,0.0,0
3,0.6733,-2,-0.0619,12,0.0599,0.0008,0
1,1.26,0,0.0891,1,0.867,0.0,0
2,0.9514,1,-0.004,7,0.5993,0.0,0
2,1.2012,1,0.2875,3,1.0489,0.0,0
5,0.9877,-1,-0.031,1,1.1066,0.0485,0
1,1.2378,-2,0.0414,3,1.0059,0.0,0
3,1.0866,0,0.0411,5,1.0535,0.0,0
4,1.0805,3,0.1335,1,1.1066,0.0001,0
1,1.1455,0,-0.0872,4,0.5993,0.0,0
1,1.1066,0,-0.1152,5,0.9877,0.0,0
1,1.0804,0,0.1499,6,0.7428,0.0,0
3,1.1368,0,0.0598,2,1.1198,0.0,0
3,1.1001,1,0.0069,2,0.7824,0.0003,0
3,0.957,1,-0.1009,5,0.8842,0.0,0
1,1.0217,0,0.221,5,0.8062,0.0,0
3,0.9473,-1,-0.0091,3,0.8062,0.0,0
5,0.8842,-1,-0.0462,3,0.8062,0.0,1
1,1.1444,-2,0.122,5,0.9834,0.0,0
1,1.0012,1,0.0,2,1.1042,0.0,0
1,0.8827,0,-0.0242,5,0.9647,0.0,0
9,0.4559,-2,-0.005,8,0.3226,0.0001,2
1,0.5993,-3,-0.0838,7,0.7174,0.0,0
2,0.6631,0,0.0599,9,0.1135,0.0,0
1,1.1008,0,0.0,6,0.867,0.0,0
1,1.1198,-1,-0.025,3,0.8311,0.0,0
2,0.7824,0,-0.1531,6,0.8148,0.0001,0
1,1.1995,0,-0.033,3,0.9039,0.0,0
2,0.9039,-1,-0.1288,3,1.046,0.0,0
2,0.8735,-3,-0.0298,3,0.8777,0.0,0
2,1.1042,0,-0.0025,2,1.0012,0.0,0
2,1.182,1,0.1319,2,0.8777,0.0,0
1,1.1388,0,-0.0253,5,0.9877,0.0,0
2,1.0972,0,-0.0334,3,0.957,0.0,0
1,1.1779,-1,0.0908,5,1.0707,0.0,0
1,1.3717,1,0.0,1,1.0947,0.0,0
1,1.197,1,0.0,5,0.9877,0.0,0
3,0.9847,0,-0.0212,5,0.8659,0.0,0
2,0.2077,-3,-0.1149,12,0.0599,0.0,0
4,1.018,2,0.1141,2,1.1008,0.0,0
4,1.0489,-1,-0.0046,7,0.4812,0.0,0
4,0.8585,1,-0.1617,5,0.5433,0.0,1
2,1.152,1,0.2743,4,0.9032,0.0,0
4,0.9853,0,0.0934,4,0.8695,0.0047,0
10,0.1525,1,0.039,19,0.0599,0.0005,2
5,0.948,1,0.0812,3,0.8659,0.0007,0
4,0.7056,-2,-0.0411,7,0.6075,0.0,1
3,0.945,3,0.0,3,0.9786,0.0315,0
5,0.8932,2,-0.0292,7,0.6075,0.0,1
7,0.5684,-1,0.0316,12,0.2077,0.0002,1
3,1.0346,-2,-0.0361,2,1.0966,0.0,0
1,1.0293,0,-0.1163,3,0.7625,0.0,0
2,1.2414,0,-0.0056,2,1.0038,0.0,0
2,1.0038,-3,0.0391,5,0.9156,0.0,0
3,1.0948,1,0.0569,19,0.1184,0.0,0
2,1.1008,0,0.0548,4,1.018,0.0,0
5,0.8322,0,-0.052,5,0.9138,0.0,1
8,0.8367,2,0.0219,4,0.7408,0.0028,1
7,0.6872,0,-0.0302,5,0.7625,0.0,1
19,0.1184,0,-0.026,12,0.0599,0.0044,2
3,1.091,-3,0.0927,3,0.945,0.0017,0
12,0.4524,3,-0.0035,7,0.2077,0.0001,2
4,0.9927,-2,0.0074,4,0.8985,0.0609,0
1,0.9812,-4,-0.0065,3,0.9472,0.0,0
2,1.1421,1,0.1409,2,1.0571,0.0,0
7,0.4812,2,0.0026,19,0.0599,0.0,1
3,0.8705,-1,-0.0162,6,0.7134,0.0,0
5,0.9156,5,0.0,2,1.0038,0.0568,0
3,0.7408,1,-0.0416,8,0.812,0.0001,0
2,1.2023,1,0.0957,1,0.9717,0.0006,0
5,0.8493,0,-0.0045,7,0.6872,0.0,1
5,0.5016,-1,-0.0072,12,0.4524,0.0,1
1,1.1894,1,0.0,2,1.0038,0.0,0
2,1.0571,0,-0.0471,2,0.9516,0.0,0
7,0.5083,1,0.0436,12,0.0599,0.0081,1
2,1.1555,1,0.0167,3,0.9472,0.0617,0
2,1.2565,1,0.1618,3,1.148,0.001,0
3,0.7134,0,-0.0294,7,0.6075,0.0,0
5,1.0102,-1,0.0314,3,0.9516,0.0,0
1,0.9788,0,-0.2591,3,0.9847,0.0,0
2,1.0375,2,0.0,5,0.8932,0.0,0
6,0.7892,1,0.0312,7,0.6075,0.0,1
3,1.1779,2,-0.1184,3,0.4638,0.0,0
5,0.9073,1,-0.0189,4,0.5433,0.0,0
2,1.1027,1,-0.0968,4,1.018,0.0,0
3,0.8985,0,-0.0051,4,0.8695,0.0,0
3,1.1241,1,-0.0049,2,1.0933,0.0,0
1,1.0042,-1,0.0527,7,0.6872,0.0,0
2,0.972,-1,0.1658,5,0.8322,0.0,0
4,0.9186,3,0.0516,4,0.9927,0.0257,0
2,1.0966,2,0.0,3,1.0346,0.0,0
2,0.9516,0,-0.0919,5,1.0102,0.0,0
2,0.9794,1,-0.1009,5,0.7056,0.0,0
1,0.8659,1,0.0,5,0.8788,0.0,0
3,1.1591,1,0.0378,1,0.9788,0.0,0
2,1.1246,-1,0.0195,4,1.018,0.0,0
2,0.7123,0,0.0493,12,0.1525,0.0,0
3,0.8788,-2,-0.0521,5,0.8659,0.0004,0
1,1.1779,0,0.0,3,1.0346,0.0,0
5,0.9138,2,-0.0432,5,0.8322,0.0,0
1,1.0922,-1,-0.0482,3,1.1046,0.0,0
3,1.1623,0,0.1134,3,1.1779,0.0,0
3,0.7625,-1,-0.0311,7,0.6872,0.0,0
3,1.148,1,-0.0124,5,1.0102,0.0001,0
1,0.9032,0,0.3039,7,0.6872,0.0,0
4,0.9699,2,0.0964,4,0.8585,0.0,0
1,1.2085,1,0.0,2,1.0476,0.0,0
2,1.0818,0,0.0328,5,0.8585,0.0,0
7,0.6075,1,-0.015,6,0.7056,0.0,1
2,1.0933,-1,-0.0068,3,0.7408,0.0003,0
4,0.5433,0,-0.0856,12,0.4524,0.0,1
1,1.1354,1,0.0,2,0.9812,0.0,0
12,0.0599,0,0.0,19,0.1184,0.0,2
4,1.0223,-1,0.0389,4,0.8695,0.035,0
2,1.0439,-1,-0.0426,4,1.0489,0.0,0
1,1.26,0,0.0,4,0.9186,0.0,0
1,1.0856,1,0.0,3,0.8659,0.0,0
1,0.7747,1,0.0,7,0.6872,0.0,0
1,0.812,1,0.0,8,0.7408,0.0,0
2,0.4638,-1,-0.2095,12,0.0599,0.0,0
1,1.0039,1,0.0,2,1.0375,0.0,0
4,0.8509,-4,0.0312,8,0.8367,0.0,1
2,0.95,1,-0.0717,5,0.8322,0.0,0
2,1.159,-1,0.0221,2,1.0039,0.0,0
5,0.7863,2,-0.0448,7,0.6075,0.0,1
3,0.9146,0,-0.0185,4,0.9032,0.0,0
1,0.5448,-1,-0.2351,12,0.4524,0.0,0
3,0.9472,2,-0.2498,2,0.9812,0.0277,0
1,0.9717,1,0.0,2,0.9786,0.0,0
1,1.0476,-1,-0.0849,2,1.0038,0.0,0
2,0.9108,-1,0.0502,7,0.6872,0.0,0
1,0.7839,-2,-0.0851,7,0.6075,0.0,0
1,0.9786,-3,-0.102,3,0.945,0.0,0
1,1.1046,-2,0.1572,2,0.95,0.0,0
1,0.9983,-1,-0.0989,5,0.9138,0.0,0
1,1.1008,0,0.0,4,0.9186,0.0,0
1,0.8695,1,0.0,4,0.8985,0.0,0
1,1.197,-1,0.1846,3,0.8788,0.0,0
6,0.535,-1,0.0267,13,0.0662,0.0007,1
4,1.0528,2,-0.0438,1,1.0348,0.0,0
2,0.7149,1,-0.0598,6,0.7439,0.0,0
5,0.8775,0,0.0453,6,0.9287,0.0,1
3,0.7063,1,0.2426,13,0.0662,0.0474,0
4,0.7979,0,0.0923,7,0.6221,0.0,1
20,0.1349,1,0.0165,13,0.0662,0.0105,2
7,0.9677,2,0.052,2,1.1593,0.0075,0
1,1.1008,0,-0.1592,6,0.9497,0.0,0
7,0.6124,3,0.0691,13,0.4924,0.0,1
2,1.2252,2,0.0,7,0.9677,0.0,0
3,1.0026,-1,-0.0197,4,0.9566,0.0406,0
3,0.9048,0,0.0343,5,0.7149,0.0,0
1,1.26,1,0.0,1,0.7636,0.0,0
3,1.1263,2,-0.0517,2,1.0348,0.0,0
13,0.0662,1,0.0063,20,0.1164,0.0,2
2,1.029,2,0.0,5,0.7538,0.0,0
8,0.6014,1,0.1202,20,0.0662,0.0,1
1,1.1722,-1,0.0167,5,0.9989,0.0,0
7,0.6221,0,0.0147,5,0.7524,0.0,1
3,1.099,2,0.0514,1,1.0476,0.0,0
5,0.9191,2,0.0045,3,0.9032,0.0,0
2,0.7229,-1,-0.0178,10,0.8223,0.0,0
4,1.1265,2,-0.0757,1,1.1354,0.0,0
5,0.8078,-1,0.0186,7,0.6221,0.0,1
5,0.9464,2,-0.0383,4,0.8659,0.0,0
2,1.122,1,0.0927,2,0.9032,0.0,0
3,0.9287,1,-0.0433,5,0.8775,0.0,0
2,1.053,0,0.0155,2,0.8882,0.0,0
3,0.7524,0,0.039,7,0.6221,0.0,0
2,1.1621,-1,0.038,3,0.9927,0.0,0
9,0.1164,-1,-0.0361,20,0.0662,0.0005,2
4,0.9566,0,-0.0287,3,0.9158,0.0057,0
6,0.9497,2,0.031,1,0.865,0.0322,0
1,0.9983,0,0.0,6,0.9499,0.0,0
4,0.9465,-1,-0.0014,5,0.8659,0.0005,0
1,1.2636,-1,0.2197,4,0.9173,0.0,0
10,0.8223,2,-0.0144,2,0.7229,0.0178,1
1,1.1198,-1,-0.0392,3,1.029,0.0,0
6,0.7439,-1,0.0567,6,0.7149,0.0,1
3,0.9158,0,0.0172,4,0.865,0.0,0
2,0.8543,-2,-0.0042,7,0.6124,0.0,0
2,0.9283,2,0.0,3,0.806,0.0,0
13,0.4924,1,0.04,7,0.2637,0.0001,2
6,0.9499,1,0.0361,5,0.8775,0.0,0
2,0.8806,-1,0.0018,4,0.8659,0.0,0
2,1.1121,0,-0.0125,5,1.0698,0.0,0
1,0.865,-3,-0.1277,6,0.9158,0.0,0
3,1.1207,2,0.0284,1,1.1046,0.0,0
3,0.9349,3,0.0,3,0.7757,0.0,0
4,0.9497,1,0.0047,1,1.0711,0.0312,0
2,0.8882,-3,-0.005,7,0.6221,0.0,0
6,0.8022,1,-0.047,6,0.7149,0.0,1
2,1.1555,0,0.0134,2,1.0571,0.0,0
3,0.7757,-2,-0.1315,7,0.5253,0.0,0
1,0.7636,-3,-0.0873,10,0.8223,0.0,0
2,1.0571,0,0.0,5,0.9811,0.0,0
1,0.9191,0,-0.0851,6,0.7439,0.0,0
2,0.2637,0,0.056,13,0.0662,0.0,0
2,1.2565,0,0.0,2,1.1519,0.0006,0
5,1.0698,1,0.0519,2,0.9173,0.0,0
5,0.9989,2,0.0517,1,1.1354,0.0283,0
3,0.5014,-2,-0.0002,13,0.4924,0.0,0
5,0.7538,0,-0.0325,7,0.6221,0.0,1
4,1.0436,0,-0.0053,8,0.6014,0.0,0
5,0.9811,3,0.0294,3,1.0406,0.0,0
3,1.0406,-2,0.0304,5,0.9811,0.0,0
3,0.806,2,0.022,7,0.6221,0.0,0
2,0.8515,1,0.0395,10,0.7229,0.0336,0
4,0.6185,-3,0.0501,13,0.2637,0.0003,1
2,0.9927,0,-0.1006,2,0.7229,0.0,0
3,0.5253,2,-0.0195,13,0.4924,0.0,0
1,1.1046,0,0.0,3,0.9287,0.0,0
1,1.0348,-2,0.0002,4,1.0528,0.0,0
2,0.9173,0,-0.1854,5,1.0698,0.0,0
2,0.7615,0,0.0491,13,0.1164,0.0002,0
1,1.0088,0,-0.0768,2,0.8659,0.0,0
1,1.053,0,-0.0477,6,0.865,0.0,0
2,1.1869,-1,0.0389,3,1.0406,0.0001,0
1,0.7974,-1,-0.2844,3,0.7757,0.0,0
3,1.1762,0,0.0139,2,1.1043,0.0,0
2,1.0818,2,0.0,3,0.7974,0.0,0
2,0.9882,2,0.0,4,0.865,0.0,0
3,1.0486,-1,0.0787,5,0.7974,0.0,0
1,0.8982,-1,-0.0126,6,0.7149,0.0,0
1,1.0476,0,-0.1418,3,1.099,0.0,0
1,1.1593,-1,0.1555,7,0.9677,0.0,0
2,1.0437,0,0.0643,6,0.7149,0.0,0
2,1.1043,-1,-0.0736,3,0.7063,0.0,0
1,1.1354,0,0.1542,5,0.9989,0.0,0
1,1.2298,0,0.0329,5,0.8806,0.0,0
2,0.9481,-1,0.1856,6,0.7439,0.0,0
1,1.1351,1,0.0,4,0.9497,0.0,0
1,0.9032,0,0.0,6,0.7439,0.0,0
1,1.0711,-2,-0.0199,4,0.9497,0.0,0
2,0.9661,-1,-0.1286,20,0.1349,0.0,0
1,0.8659,0,0.0,5,0.8806,0.0,0
1,0.9278,0,-0.051,5,0.9464,0.0,0
1,1.1519,1,0.0,2,1.2565,0.0,0
1,1.2378,-2,0.0788,3,0.9278,0.0,0
1,0.6855,-2,-0.0669,7,0.6101,0.0,0
1,0.947,0,-0.1884,5,0.9991,0.0,0
4,0.7931,-1,-0.0147,7,0.6101,0.0,1
19,0.0995,-1,-0.0354,13,0.0596,0.011,2
6,0.9792,1,-0.0018,2,0.9662,0.0,0
3,0.9496,2,0.0305,4,0.7065,0.0,0
2,1.1004,-1,-0.0258,3,1.1503,0.0,0
3,1.1573,0,0.451,13,0.0596,0.0,0
1,1.1593,0,0.0,6,0.9073,0.0,0
3,0.7299,1,-0.1583,7,0.6101,0.0,0
2,1.1279,2,0.0,4,0.8521,0.0,0
1,1.1354,0,-0.0369,5,0.947,0.0,0
10,0.5038,-3,0.0113,9,0.3827,0.0,2
7,0.9086,2,0.0311,6,0.8876,0.0,0
3,0.8446,-1,0.0468,7,0.6101,0.0,0
2,0.9899,0,0.0017,5,0.8239,0.0,0
4,0.7065,-2,-0.0374,6,0.733,0.0,1
6,0.509,0,-0.026,13,0.0596,0.0045,1
4,1.1148,-1,0.045,4,0.9746,0.0,0
4,0.9686,3,0.1712,3,0.6618,0.0,0
1,1.1565,0,0.0367,4,0.9277,0.0,0
1,1.3075,1,0.0,0,1.3075,0.0,0
3,1.1503,1,-0.0118,3,0.8279,0.0,0
4,0.7011,-1,-0.0526,7,0.6101,0.0,1
3,0.9123,2,0.0472,5,0.8239,0.0455,0
5,0.9991,0,0.0003,1,0.947,0.0271,0
2,0.9839,1,-0.1169,5,0.9577,0.0,0
3,0.9277,1,-0.1013,4,0.7011,0.0,0
10,0.5329,2,-0.0685,19,0.0596,0.0,2
10,0.1314,1,0.0149,19,0.0596,0.0006,2
6,0.7857,-4,-0.0366,5,0.834,0.0035,1
5,0.9457,1,-0.0109,2,0.8239,0.0047,0
5,0.7032,1,0.0847,10,0.3827,0.0003,1
4,1.0203,0,-0.0325,1,1.1779,0.0,0
1,0.883,-1,0.1215,10,0.1314,0.0,0
6,0.9073,-1,-0.0603,2,1.0316,0.0033,0
3,0.7697,1,-0.1964,19,0.0995,0.0,0
6,0.5141,3,-0.0112,10,0.5038,0.0,1
2,1.1555,2,0.0,2,1.0433,0.0,0
9,0.5131,2,-0.0992,10,0.5038,0.0,2
7,0.9313,2,-0.0151,3,0.8363,0.0004,0
2,0.6618,-1,-0.1139,9,0.5131,0.0,0
3,0.9327,1,0.0784,9,0.5131,0.0,0
2,1.122,0,0.0,2,0.8521,0.0,0
1,0.8521,0,-0.051,4,0.7065,0.0,0
6,0.8876,0,-0.0623,7,0.9086,0.0,1
1,1.1519,0,0.0,0,1.1519,0.0,0
5,0.9577,-1,0.008,3,0.9123,0.0302,0
1,1.0914,1,0.0,2,1.0727,0.0,0
7,0.6101,0,-0.012,4,0.6855,0.0,1
2,0.5238,-1,0.0224,10,0.5038,0.0,0
2,0.8363,-2,-0.1102,7,0.9313,0.0002,0
2,1.1751,-1,0.1345,6,0.9792,0.0,0
6,0.7735,0,-0.0287,4,0.7065,0.0,1
4,0.733,2,0.0182,6,0.6855,0.0,1
2,0.8719,0,0.0204,6,0.7857,0.0001,0
1,1.2636,0,0.0,4,0.9746,0.0,0
1,1.0609,1,0.0,4,1.1148,0.0,0
2,1.0163,-1,-0.0323,4,0.9243,0.0,0
3,0.9243,-2,0.0052,3,0.8521,0.0,0
1,0.8239,-2,-0.0919,5,0.9123,0.0,0
3,1.0059,2,0.0781,7,0.9313,0.0,0
4,0.7286,1,-0.0774,7,0.6101,0.0,1
1,1.1779,0,0.1431,4,1.0203,0.0,0
1,1.26,0,0.4964,6,0.7857,0.0,0
3,1.1557,1,0.0514,3,1.1573,0.0,0
3,1.1966,-1,0.0701,3,0.947,0.0,0
13,0.0596,0,-0.0066,19,0.0995,0.0,2
2,1.0433,0,-0.1123,2,0.9662,0.0,0
4,0.9746,2,0.0573,4,1.1148,0.0,0
1,1.0134,-1,0.0851,4,0.7286,0.0,0
2,1.1281,1,0.0804,2,1.0727,0.0,0
1,1.0855,0,0.0325,5,0.9123,0.0,0
3,1.1829,1,-0.004,2,1.1751,0.0002,0
2,0.866,1,-0.0322,4,0.7065,0.0,0
1,1.0529,-2,0.118,4,0.6618,0.0,0
3,0.9612,3,0.0,3,0.9931,0.0006,0
2,1.1404,1,0.0359,3,1.1692,0.0,0
1,0.9662,-1,-0.0909,6,0.9792,0.0,0
3,1.1692,0,0.0485,2,1.1404,0.0,0
2,1.1682,0,-0.0571,6,0.9073,0.0002,0
3,1.0082,1,-0.0355,6,0.6855,0.0,0
3,0.9048,0,0.0,4,0.6855,0.0,0
5,0.834,3,0.1111,6,0.7857,0.0002,1
1,1.1841,1,0.0,4,1.0203,0.0,0
2,0.9931,-2,0.0434,3,0.9612,0.0001,0
2,1.0516,0,0.171,2,0.8363,0.0706,0
2,0.3827,0,0.119,13,0.0596,0.0,0
2,1.0727,-1,-0.0263,2,1.0914,0.0,0
1,1.1396,0,0.1413,6,0.7697,0.0,0
1,1.0644,1,0.0,5,0.8239,0.0,0
1,1.0002,-1,0.0521,6,0.7065,0.0,0
1,1.0316,1,0.0,6,0.9073,0.0,0
3,0.8279,1,-0.1649,5,0.834,0.0,0
4,0.9427,2,-0.1102,3,0.7299,0.0,0
1,1.1742,-2,0.1716,5,0.9457,0.0,0
2,1.0439,-2,0.0003,10,0.5329,0.0,0
1,1.0856,0,0.0768,2,1.0516,0.0,0
1,1.171,0,-0.0589,5,0.9991,0.0,0
1,1.1351,0,0.0,3,0.9612,0.0,0
3,1.0365,0,0.1919,8,0.614,0.0,0
2,1.1533,0,0.0528,3,1.093,0.0,0
3,0.9696,2,0.0034,5,1.0113,0.0,0
5,1.0113,-1,0.0321,3,0.9696,0.0,0
9,0.4363,-1,-0.0967,20,0.062,0.0,2
3,1.0978,1,0.0538,9,0.4363,0.0,0
4,0.9807,0,0.012,3,0.7023,0.0,0
10,0.4937,1,-0.0194,9,0.5162,0.0,2
8,0.614,1,0.0039,6,0.703,0.0,1
4,0.5162,2,-0.0076,10,0.4937,0.0,1
20,0.1203,1,0.0207,14,0.062,0.0106,2
4,0.8229,-2,0.0493,7,0.67,0.0,1
4,0.9484,1,0.0207,6,0.703,0.0,0
3,0.9652,0,-0.0407,7,0.9222,0.0,0
2,1.1962,1,0.0183,2,1.0348,0.0,0
2,0.9378,-1,0.0256,4,0.9162,0.0016,0
2,1.1563,0,-0.0187,5,1.0113,0.0,0
3,0.9162,2,0.0924,4,0.9378,0.0747,0
5,0.9709,3,-0.013,3,0.9706,0.0186,0
4,0.9793,1,0.055,3,0.8521,0.0,0
14,0.062,1,0.0024,20,0.1203,0.0,2
1,1.0756,1,0.0,5,1.0039,0.0,0
2,0.9092,-1,0.0044,7,0.7514,0.0,0
2,0.4891,0,0.1064,14,0.062,0.0,0
4,0.8573,1,-0.1509,7,0.7514,0.0,1
1,1.0778,0,-0.0576,2,0.9717,0.0,0
9,0.5266,-1,0.0228,10,0.4891,0.0001,2
4,0.8105,-2,0.0248,6,0.8181,0.0048,1
1,1.0914,-1,0.0187,2,1.0039,0.0,0
7,0.9222,0,-0.0091,3,0.8955,0.0003,0
1,1.0348,-3,0.0145,3,0.9984,0.0,0
4,0.9144,3,-0.2252,4,0.8521,0.0,0
3,0.7413,0,-0.0865,6,0.8181,0.0,0
2,1.2565,-1,0.0736,2,1.1519,0.0,0
3,1.0481,-1,-0.0667,5,1.0283,0.0,0
3,0.9984,2,-0.1857,1,1.0348,0.0,0
3,1.0101,3,0.0,2,0.9812,0.0295,0
2,1.1876,0,0.0595,1,1.0039,0.0,0
3,0.9152,0,-0.0343,4,0.67,0.0,0
1,1.0039,0,-0.1553,5,1.0338,0.0,0
2,0.7733,1,-0.1097,10,0.1405,0.0001,0
5,1.0338,-1,0.1265,5,0.8988,0.0825,0
1,0.9475,-1,0.0815,7,0.67,0.0,0
5,0.819,1,0.0259,8,0.614,0.0,1
3,0.9808,-1,0.0381,4,0.7527,0.0,0
3,1.0202,-2,0.0745,4,0.9162,0.0041,0
5,1.0283,1,0.0537,3,0.9738,0.0,0
2,1.069,-1,0.2992,20,0.1203,0.0,0
7,0.7514,3,0.0184,4,0.67,0.0,1
3,1.1035,0,-0.0523,3,0.9403,0.0,0
1,1.1841,1,0.0,3,0.9984,0.0,0
2,0.7527,-1,0.0229,8,0.614,0.0,0
2,1.1309,0,0.0089,2,0.8521,0.0,0
4,0.9905,2,0.0005,3,0.9162,0.0,0
6,0.703,2,0.0019,8,0.614,0.0,1
3,0.9649,1,-0.0514,4,0.7197,0.0,0
1,0.9812,-4,-0.018,3,0.9717,0.0,0
4,0.7546,0,0.026,8,0.614,0.0,1
1,0.8521,0,0.0,4,0.67,0.0,0
3,1.093,0,-0.0573,3,0.7413,0.0,0
4,0.8521,-2,-0.0354,5,0.9144,0.0,1
1,0.7197,-2,-0.213,10,0.4937,0.0,0
2,1.0001,2,0.0,7,0.8955,0.005,0
2,1.1439,0,0.0035,2,1.1046,0.0,0
2,1.136,1,0.1358,4,0.67,0.0,0
2,1.0615,1,-0.1094,3,0.9812,0.0622,0
5,0.8988,4,-0.1328,5,1.0338,0.0105,1
2,1.2503,2,0.0,1,0.9717,0.0,0
2,0.8571,0,-0.0148,6,0.7413,0.0024,0
6,0.8181,1,-0.0159,4,0.7413,0.0001,1
3,0.9706,-2,0.0129,5,0.9378,0.0015,0
10,0.1405,0,0.0091,20,0.062,0.0007,2
1,1.1046,1,0.0,5,0.9173,0.0,0
1,0.8955,-1,0.0591,7,0.9222,0.0,0
5,0.9173,-2,0.0087,4,0.8521,0.0,0
1,1.1519,1,0.0,2,1.2431,0.0,0
1,0.9738,0,-0.2898,5,1.0283,0.0,0
5,0.705,0,0.0018,9,0.4891,0.0002,1
6,1.0008,3,0.0396,1,1.0615,0.0035,0
2,1.1555,0,0.0,2,1.0433,0.0,0
1,1.0615,-2,-0.1351,6,0.9717,0.0,0
5,0.5036,-1,-0.0054,14,0.062,0.001,1
1,0.8433,0,-0.1701,4,0.7527,0.0,0
4,0.5502,-2,0.0361,10,0.4937,0.0,1
2,0.7023,0,0.0406,10,0.4937,0.0,0
3,0.9403,0,-0.217,14,0.062,0.0032,0
2,1.0375,2,0.0,3,0.9808,0.0,0
1,0.67,-3,-0.0365,7,0.7514,0.0,0
1,1.26,0,0.0,4,0.8105,0.0,0
1,1.1641,-1,0.1125,3,0.8955,0.0,0
2,1.0551,2,0.0,4,0.9807,0.0,0
2,1.244,-1,0.0748,2,0.9533,0.0,0
1,1.2431,0,0.0912,1,1.1519,0.0,0
1,1.0235,1,0.0,5,0.9706,0.0,0
2,1.0433,0,0.0,3,0.9696,0.0,0
1,1.3075,1,0.0,0,1.3075,0.0,0
1,0.9717,0,0.0247,2,0.9812,0.0,0
1,1.0361,0,-0.1203,4,0.9484,0.0,0
1,0.9533,1,0.0,3,0.9652,0.0,0
2,0.8642,-2,-0.1165,4,0.7407,0.0,0
1,0.9773,0,-0.2068,3,1.0261,0.0,0
16,0.0628,2,0.0009,20,0.0626,0.0,2
4,0.8352,0,-0.0221,7,0.7032,0.0,1
4,0.7933,0,-0.0295,7,0.7032,0.0,1
4,1.0454,-1,0.0116,2,1.0883,0.0429,0
2,0.972,-1,0.0071,3,0.8642,0.0,0
6,0.8281,3,0.0867,4,0.7466,0.003,1
1,1.2536,-1,0.0033,3,1.0733,0.0,0
3,1.0304,0,0.0203,2,0.9794,0.0311,0
4,0.8454,2,-0.0117,6,0.7466,0.0281,1
4,0.7466,-2,-0.0715,6,0.8281,0.0049,1
1,0.865,-2,-0.1055,4,0.7999,0.0,0
6,1.0008,0,0.0,0,1.0008,0.0025,0
2,0.874,-3,-0.0434,6,0.9094,0.0,0
1,0.962,0,0.1187,6,0.7052,0.0,0
7,0.9848,4,0.0195,4,0.845,0.0001,0
5,0.9039,2,-0.0113,3,0.8624,0.0,0
4,0.8459,0,-0.1025,5,0.7052,0.0,1
5,0.7052,3,-0.0475,6,0.6364,0.0,1
1,0.9738,0,0.0,6,1.0454,0.0,0
6,0.6364,-2,0.0224,6,0.7052,0.0,1
1,1.2158,1,0.0,3,0.9773,0.0,0
5,0.7525,-1,0.0495,6,0.6364,0.0,1
20,0.0968,0,-0.0234,16,0.0626,0.0052,2
2,0.856,0,-0.213,20,0.0968,0.0,0
7,0.7032,0,-0.0482,4,0.7933,0.0,1
4,1.026,-1,0.0146,5,0.959,0.0,0
5,0.934,1,0.0196,6,0.856,0.0,0
1,1.1636,-4,0.2648,4,1.0454,0.0,0
12,0.4356,2,-0.0581,6,0.4582,0.0,2
3,1.032,1,0.0319,4,0.845,0.0043,0
6,0.7523,2,-0.0022,6,0.6364,0.0,1
9,0.4648,0,0.0285,20,0.0628,0.0,2
4,0.9422,-1,-0.0286,3,0.865,0.0328,0
1,1.1093,1,0.0,3,0.9431,0.0,0
3,0.7407,1,0.0383,12,0.4356,0.0,0
3,1.0261,0,0.0276,1,0.9773,0.0,0
3,1.0241,2,0.0006,4,0.865,0.0,0
1,0.6443,1,0.0,12,0.4356,0.0,0
4,1.0115,1,0.0952,3,0.7999,0.0,0
2,1.129,0,-0.0673,3,1.1502,0.0,0
3,0.7258,1,-0.0475,8,0.0626,0.0004,0
6,1.0454,1,0.0171,2,0.9738,0.0,0
6,0.7184,1,0.0134,6,0.4139,0.0001,1
1,1.0924,-1,0.0492,5,0.94,0.0,0
2,1.199,0,0.0426,4,1.026,0.0001,0
6,0.4582,2,-0.058,12,0.4356,0.0,1
3,0.9249,-2,0.106,6,0.6364,0.0,0
8,0.0626,-2,-0.0779,20,0.0628,0.0008,2
3,1.1502,1,-0.003,2,0.8921,0.0,0
4,1.15,2,0.006,1,1.0765,0.0,0
5,0.9119,2,-0.0284,16,0.0628,0.034,0
6,0.5851,-3,0.0585,12,0.4139,0.0,1
2,1.1421,1,0.0664,4,1.0454,0.0409,0
1,1.171,0,0.0069,3,0.9794,0.0,0
2,0.94,0,-0.2156,1,1.0924,0.0,0
4,0.7352,0,0.185,12,0.4356,0.0,1
5,0.959,2,-0.0106,4,1.026,0.0,0
4,0.845,-3,-0.0773,7,0.9848,0.0005,1
1,1.3807,1,0.0,2,0.94,0.0,0
3,0.4822,-2,-0.0214,16,0.0628,0.0003,0
6,0.9094,2,0.0573,5,0.874,0.0,0
1,0.7999,1,0.0,4,0.865,0.0,0
2,0.9738,-2,-0.0166,4,0.8828,0.0544,0
2,1.1026,-1,0.0545,6,1.0454,0.0,0
2,1.1394,1,0.048,2,1.0148,0.0,0
1,0.9032,0,0.2331,7,0.7032,0.0,0
1,1.2676,0,0.2328,3,0.9773,0.0,0
3,1.0195,-1,0.0402,5,0.9039,0.0,0
2,1.0148,0,-0.0227,3,0.9472,0.0,0
2,1.152,0,0.016,4,0.7933,0.0,0
2,1.0747,1,0.0386,4,0.8459,0.0,0
1,1.3598,-2,0.262,9,0.4648,0.0,0
3,0.9431,1,0.0053,4,0.7999,0.0245,0
1,1.1519,0,0.0,1,1.2384,0.0,0
4,1.0113,2,-0.0438,2,0.8642,0.0,0
3,0.9472,0,-0.0336,5,0.7052,0.0,0
2,1.0361,-2,0.2256,4,0.7466,0.0,0
1,0.8828,-2,-0.1373,4,0.9738,0.0,0
1,0.4139,-1,-0.0752,16,0.0626,0.0,0
2,1.0883,1,0.0844,4,1.0454,0.0,0
3,1.0733,2,0.1016,1,1.1066,0.0096,0
1,0.8381,1,0.0,7,0.6364,0.0,0
2,0.9794,0,-0.0821,3,1.0304,0.0,0
1,0.9377,1,0.0,4,0.8642,0.0,0
1,0.9278,0,-0.0255,7,0.9848,0.0,0
2,1.1309,0,0.0,4,0.9377,0.0,0
2,1.06,-1,0.0235,6,0.6364,0.0,0
1,0.9268,-1,0.0176,7,0.7032,0.0,0
1,1.1319,1,0.0,4,0.9422,0.0,0
1,1.2431,0,0.0,1,1.1519,0.0,0
1,0.8921,-2,-0.2009,6,0.8281,0.0,0
1,0.8624,0,-0.0851,7,0.7032,0.0,0
1,1.2384,-1,-0.0181,2,1.1519,0.0,0
1,1.1066,0,0.1254,3,0.9794,0.0,0
1,1.0765,1,0.0,4,0.874,0.0,0
1,1.0358,-2,-0.0677,5,0.9119,0.0,0
1,1.3075,0,0.0,0,1.3075,0.0,0
2,0.9788,-4,-0.0221,4,1.0047,0.0001,0
4,0.9378,1,-0.0053,3,0.8478,0.0762,0
20,0.0614,0,-0.0355,17,0.06,0.0016,2
4,0.9026,-1,-0.0093,17,0.06,0.0351,0
11,0.4505,-1,0.0149,7,0.4392,0.0,2
2,0.9457,-1,-0.0847,3,0.9717,0.0,0
4,0.6703,0,-0.065,11,0.4505,0.0,1
3,1.1591,-1,0.0091,1,0.9533,0.0,0
3,0.9302,2,0.0651,4,0.8478,0.0003,0
3,1.0001,-1,0.2068,6,0.703,0.0,0
5,0.7722,3,-0.0837,20,0.0614,0.0,1
2,1.3061,1,0.1542,1,1.1519,0.0066,0
2,1.0945,0,0.0198,5,0.786,0.0,0
4,0.7382,-2,-0.0142,8,0.6672,0.0,1
3,1.1086,-1,0.0632,2,1.0675,0.0204,0
17,0.06,1,-0.0028,20,0.0614,0.0,2
2,0.9596,-3,0.0256,7,0.7722,0.0,0
3,0.6467,3,0.0,11,0.4392,0.0,0
5,0.9986,4,0.0248,4,1.1017,0.0,0
2,1.168,-1,0.0178,3,0.9264,0.0,0
8,0.6672,3,-0.038,4,0.6844,0.0,1
8,0.0665,0,0.0039,20,0.06,0.0008,2
6,0.703,-1,-0.0002,5,0.7942,0.0,1
8,0.3091,-1,-0.1556,20,0.06,0.0,2
3,0.8461,-1,0.0012,7,0.9193,0.0004,0
1,0.8478,0,0.0479,4,0.9302,0.0,0
1,0.9832,1,0.0,7,0.8461,0.0,0
3,0.9242,2,0.0618,6,0.703,0.0,0
7,0.4823,1,0.0242,11,0.4392,0.0,1
2,0.9264,1,0.0342,8,0.836,0.0,0
2,1.2839,2,0.0,2,0.9717,0.0133,0
3,0.8247,-3,0.1063,7,0.4719,0.0002,0
5,1.0263,3,0.0115,2,1.0077,0.0,0
2,1.0244,-1,0.0003,3,0.9302,0.0,0
5,0.8089,1,-0.0263,6,0.703,0.0,1
2,0.7321,-1,-0.0086,11,0.4505,0.0,0
7,0.9193,0,-0.0655,3,0.8461,0.0001,0
3,0.9077,0,-0.0172,4,0.6844,0.0,0
1,1.3075,1,0.0,2,0.9788,0.0,0
2,0.972,0,0.0,3,0.6467,0.0,0
2,1.0077,-1,0.0605,8,0.6672,0.0,0
2,1.065,1,0.1372,7,0.9193,0.0,0
2,0.8803,1,-0.0465,6,0.703,0.0,0
1,1.1182,0,-0.1494,3,1.0353,0.0,0
3,1.0353,2,0.058,2,1.068,0.0,0
1,0.9717,0,-0.1349,2,0.9457,0.0,0
3,0.993,-1,0.0508,3,0.9302,0.0464,0
1,0.9943,0,-0.0982,6,0.9474,0.0,0
2,0.9816,-2,-0.0297,3,0.9583,0.0,0
2,0.8634,1,-0.0987,8,0.6672,0.0,0
3,1.0975,-1,0.0715,6,0.9474,0.0,0
4,1.0047,4,0.0,2,0.9788,0.0006,0
4,0.7535,-1,0.001,8,0.6672,0.0,1
3,1.107,2,-0.064,2,0.9457,0.0055,0
3,0.8315,-1,-0.0139,8,0.7479,0.0041,0
4,0.786,0,-0.0599,8,0.6672,0.0,1
1,1.2636,0,-0.0962,8,0.3091,0.0,0
3,0.6844,-3,0.0479,8,0.6672,0.0,0
7,0.9095,1,0.0001,2,0.9293,0.0,0
6,0.9474,1,-0.0115,3,0.9943,0.0,0
4,1.1017,-2,0.0563,5,0.9986,0.0,0
3,0.9967,2,0.0589,3,0.9583,0.0,0
3,1.1445,1,0.0155,2,1.1182,0.0,0
8,0.836,2,0.008,3,0.7479,0.0005,1
1,1.1319,1,0.0,2,0.9601,0.0,0
2,0.9293,0,0.0553,7,0.9095,0.0,0
3,1.0687,-1,0.0572,4,0.8478,0.0,0
5,0.4719,2,-0.0103,17,0.06,0.0011,1
3,0.9877,1,-0.0724,5,0.6844,0.0,0
3,0.9583,1,0.0941,3,0.6467,0.0,0
1,0.8266,0,-0.0765,6,0.703,0.0,0
3,0.8566,0,0.1309,8,0.0665,0.0,0
2,1.068,1,-0.1478,3,1.0353,0.0,0
4,0.9503,-1,0.0464,3,0.8266,0.0,0
2,1.2336,0,0.0816,3,0.8266,0.0,0
2,1.0883,0,0.0,3,1.1086,0.0319,0
2,1.021,0,0.081,1,0.9943,0.0,0
1,1.3807,1,0.0,1,1.0012,0.0,0
6,0.6141,0,0.0291,11,0.4505,0.0001,1
2,1.0429,0,0.0635,3,0.9457,0.0052,0
3,0.7479,-1,0.0013,8,0.8315,0.0,0
2,0.7942,1,-0.0439,6,0.6844,0.0,0
1,1.1198,1,0.0,2,1.0883,0.0,0
1,1.1412,-1,0.1051,3,0.7479,0.0,0
1,1.0012,1,0.0,2,1.021,0.0,0
2,1.305,0,0.1061,3,1.0975,0.0,0
1,0.4896,0,0.0757,17,0.06,0.0,0
1,1.0675,0,-0.0961,3,1.1086,0.0,0
1,1.1565,-1,0.0171,5,1.0263,0.0,0
1,1.1519,0,-0.0864,2,1.305,0.0,0
1,0.971,-1,-0.1599,3,0.9816,0.0,0
1,1.0338,-2,-0.0395,4,0.9717,0.0,0
2,0.9601,2,0.0,3,0.993,0.0039,0
1,1.0044,-2,-0.0151,4,0.9503,0.0,0
1,1.1406,1,0.0,4,0.9302,0.0,0
1,1.0922,0,0.0157,3,0.9293,0.0,0
1,0.9071,-1,-0.0668,4,0.9378,0.0,0
1,0.4392,0,-0.2051,11,0.4505,0.0,0
1,0.9533,1,0.0,3,1.065,0.0,0
1,1.2627,-2,0.2307,3,0.8461,0.0,0
3,1.0181,2,0.0648,1,0.9151,0.0,0
2,1.1536,0,0.0653,4,0.9495,0.0,0
22,0.0939,2,0.0326,17,0.0616,0.0098,2
3,1.0246,-2,-0.0017,3,0.926,0.0,0
3,0.8188,0,0.1345,8,0.6155,0.0,0
1,0.9576,0,-0.0256,6,0.8622,0.0,0
3,0.8243,1,-0.1021,7,0.8138,0.0008,0
4,0.9742,0,0.0239,3,0.7501,0.0,0
3,0.8677,0,-0.0906,5,0.6247,0.0,0
5,0.8178,1,0.0643,8,0.6155,0.0,1
5,1.0612,2,-0.0458,1,0.9119,0.0024,0
4,0.78,-1,-0.0289,5,0.6358,0.0,1
17,0.0616,0,0.0016,22,0.0939,0.0,2
8,0.1005,0,0.034,22,0.0616,0.0009,2
4,1.0861,1,-0.0224,2,1.1536,0.0264,0
3,0.8622,0,0.016,6,0.9103,0.0004,0
1,0.6157,0,0.1261,17,0.0616,0.0,0
4,0.8776,-3,-0.0319,4,0.8955,0.0,1
6,0.9103,-1,-0.009,3,0.8622,0.0001,0
1,1.055,-2,-0.0137,5,0.8478,0.0,0
9,0.3085,1,-0.0006,22,0.0616,0.0,2
5,0.4597,-2,-0.0226,15,0.4358,0.0,1
2,0.6516,-2,-0.0187,15,0.4358,0.0,0
1,1.1406,0,0.0,5,0.9304,0.0,0
3,0.8077,0,-0.017,5,0.4597,0.0002,0
6,0.9861,0,0.0387,3,1.0313,0.0,0
5,0.889,2,0.0575,7,0.7393,0.0036,1
7,0.9934,5,0.0333,1,0.9427,0.025,0
4,1.0075,2,-0.0605,1,1.1481,0.0,0
15,0.4358,4,-0.0147,5,0.4597,0.0,2
1,0.9475,-1,0.0672,5,0.6358,0.0,0
2,1.1412,0,-0.0924,2,0.7501,0.0,0
2,1.219,-1,0.1215,6,0.9861,0.0,0
5,0.6488,-1,0.0347,15,0.4358,0.0,1
3,0.9848,-1,-0.0199,1,0.915,0.0,0
1,1.1653,0,0.0731,2,1.0704,0.0,0
2,1.1775,-1,0.033,2,1.0621,0.0,0
1,1.1407,1,0.0,3,1.0261,0.0,0
5,0.6247,2,-0.022,15,0.4358,0.0,1
5,0.8693,0,0.0971,22,0.0939,0.0,1
3,0.767,1,-0.0964,8,0.6155,0.0,0
4,0.967,1,-0.0297,3,0.8677,0.0,0
3,1.0313,2,0.037,6,0.9861,0.0,0
5,0.9304,1,-0.0074,2,0.8478,0.0594,0
1,1.1519,0,0.0,2,1.2384,0.0,0
8,0.6155,0,-0.0517,5,0.6568,0.0,1
3,0.6924,-1,-0.0458,8,0.6155,0.0,0
4,0.9172,1,-0.0705,5,0.7773,0.0,0
1,1.0711,1,0.0,3,0.915,0.0,0
1,1.2384,-1,-0.0667,2,1.1519,0.0,0
1,0.915,-1,-0.0637,3,0.9848,0.0,0
1,0.7393,-2,-0.0086,7,0.8138,0.0,0
1,0.8828,0,-0.0242,5,0.9304,0.0,0
3,0.6946,-1,-0.208,17,0.0616,0.0008,0
7,0.8138,-1,-0.0222,5,0.7393,0.0001,1
5,0.4877,0,0.0158,17,0.0616,0.0015,1
2,0.785,0,0.0529,15,0.4358,0.0,0
2,0.9654,-1,0.0577,5,0.6924,0.0,0
2,1.1146,1,0.143,2,0.9119,0.0002,0
2,1.0551,1,0.084,4,0.967,0.0,0
1,1.1641,0,-0.0986,5,0.8622,0.0,0
2,1.021,0,0.0,3,1.0012,0.0,0
3,0.8819,0,-0.0422,4,0.6358,0.0,0
6,1.0363,1,0.0377,2,1.0005,0.0,0
5,0.7773,3,-0.0169,4,0.6358,0.0,1
2,1.106,-1,0.1059,4,0.6358,0.0,0
1,1.0005,0,-0.2631,9,0.3085,0.0,0
1,0.9119,-1,-0.0339,5,1.0612,0.0,0
1,1.3807,0,0.0,1,1.0012,0.0,0
1,1.3075,0,0.0,1,0.915,0.0,0
2,1.0704,0,0.1411,4,0.8776,0.0,0
2,1.1147,1,-0.0035,2,1.1481,0.0,0
1,1.0778,-1,0.0348,5,0.9119,0.0,0
4,0.8955,2,-0.0641,5,0.8693,0.0,1
3,0.9351,0,0.0784,8,0.1005,0.0,0
3,0.9828,2,-0.0216,4,0.967,0.0,0
5,0.6568,1,-0.1292,8,0.6155,0.0,1
2,0.9368,-1,0.0067,5,0.8478,0.0001,0
1,0.7501,0,-0.0765,4,0.6358,0.0,0
1,1.2158,1,0.0,4,0.6946,0.0,0
2,1.3061,0,0.0,1,1.1519,0.0004,0
1,1.1481,1,0.0,4,1.0075,0.0,0
1,1.132,0,-0.0244,3,0.9495,0.0,0
1,1.163,0,0.0311,7,0.9934,0.0,0
1,0.8478,0,0.0,5,0.9304,0.0,0
2,1.0621,0,-0.1059,3,0.8243,0.0,0
3,1.0261,1,-0.0684,5,0.6568,0.0,0
2,1.209,0,-0.0749,2,1.0643,0.0003,0
2,1.1026,-2,0.0009,6,1.0363,0.0,0
3,0.6358,-3,-0.0672,5,0.7501,0.0,0
1,0.9427,-1,-0.0816,7,0.9368,0.0,0
2,0.926,0,-0.0817,8,0.6155,0.0,0
2,1.1968,2,0.0,2,1.0704,0.0,0
1,1.1257,1,0.0,5,0.8828,0.0,0
1,0.9495,1,0.0,3,1.0246,0.0,0
1,0.9151,-1,-0.15,6,0.9103,0.0,0
1,1.0012,1,0.0,2,1.021,0.0,0
1,1.0643,0,0.0304,3,0.9848,0.0,0
9,0.2169,0,-0.0916,22,0.0632,0.0,2
17,0.4315,2,-0.0043,5,0.501,0.0,2
4,1.0627,-3,0.0693,3,0.9093,0.0012,0
22,0.0897,0,-0.0043,17,0.0632,0.0029,2
5,0.7722,0,-0.005,4,0.7177,0.0,1
6,0.8902,2,-0.0054,5,0.653,0.0,1
4,1.0021,-2,0.016,5,0.959,0.0,0
17,0.0632,0,0.0016,22,0.0897,0.0,2
7,0.8592,4,0.0349,8,0.7894,0.0004,1
3,1.2547,2,0.1028,1,1.2925,0.0001,0
4,0.9178,0,0.0006,5,0.7722,0.0,0
8,0.7894,1,-0.0244,7,0.8592,0.0027,1
8,0.1207,0,0.0202,22,0.0632,0.0009,2
2,1.0987,2,0.0,1,1.0012,0.0,0
1,0.9658,1,0.0,4,0.9386,0.0,0
5,0.6945,0,0.0457,17,0.4315,0.0,1
1,1.2627,0,0.3051,4,0.8729,0.0,0
5,0.6103,0,-0.0144,17,0.4315,0.0,1
6,0.9941,1,-0.0671,1,1.171,0.004,0
3,1.0348,0,0.0167,5,0.9777,0.0,0
3,0.9093,3,0.0,4,1.0627,0.0,0
3,0.8568,0,-0.0109,5,0.6103,0.0,0
5,0.9777,4,0.0626,4,0.8729,0.0,0
4,0.7984,0,0.0184,5,0.7177,0.0,1
2,0.5357,-1,-0.1589,17,0.0632,0.0003,0
3,0.9334,-1,0.0558,6,0.8902,0.0,0
6,0.5297,1,0.042,17,0.0632,0.0014,1
5,0.959,2,-0.0723,4,1.0021,0.0,0
1,0.501,1,0.0,17,0.4315,0.0,0
6,0.7152,1,0.0584,10,0.6366,0.0,1
6,1.04,0,0.0037,2,0.9859,0.0,0
2,0.9718,0,0.3202,17,0.4315,0.0,0
4,0.6052,-1,0.1455,17,0.4315,0.0,1
4,0.7081,2,-0.0768,17,0.4315,0.0,1
3,1.0292,-1,0.055,5,0.8737,0.0,0
3,0.7372,0,-0.0298,10,0.6366,0.0,0
10,0.6366,2,0.0211,6,0.7152,0.0,1
3,1.2057,1,-0.0132,4,1.0021,0.0,0
2,0.972,-1,-0.0108,3,0.9386,0.0,0
1,0.9333,-2,0.1145,10,0.6366,0.0,0
5,0.653,0,-0.2164,22,0.0897,0.0,1
3,0.8507,-2,0.0329,10,0.6366,0.0,0
1,1.3807,1,0.0,1,0.9859,0.0,0
3,0.9517,2,-0.1125,3,1.0062,0.0393,0
4,0.8729,-2,-0.0374,5,0.9051,0.0414,1
3,1.0323,0,0.0474,3,0.9517,0.0,0
3,1.1438,1,0.0291,2,1.1481,0.0,0
1,0.8957,1,0.0,2,0.8954,0.0,0
1,1.1036,1,0.0,3,1.1095,0.0,0
1,1.2158,0,0.0,4,0.5357,0.0,0
1,1.3075,0,0.3925,3,1.0323,0.0,0
2,0.9051,-1,0.0429,4,0.8729,0.0005,0
3,0.8729,1,-0.0531,10,0.6366,0.0,0
1,0.9268,-1,-0.0386,5,0.7722,0.0,0
2,1.13,0,0.0154,3,0.9517,0.0328,0
2,1.1688,0,-0.0087,3,0.9722,0.0,0
4,1.014,0,0.0064,1,1.1481,0.0,0
2,1.0232,-1,-0.0029,6,0.7152,0.0,0
1,1.0062,-1,-0.2028,3,0.9517,0.0,0
2,1.1175,1,-0.0231,6,0.8954,0.0001,0
4,1.0037,1,-0.0209,3,0.8729,0.0,0
5,0.8737,2,-0.0082,3,0.7177,0.0,1
2,1.1439,0,0.0736,3,0.9334,0.0,0
4,1.0326,2,-0.0225,2,0.9386,0.0,0
1,0.9722,-1,-0.0899,7,0.8592,0.0,0
1,1.1115,-4,0.2225,8,0.7894,0.0,0
2,1.0352,1,0.0347,9,0.2169,0.0,0
6,0.9495,1,0.0191,2,0.8954,0.0608,0
3,0.7177,0,0.0818,5,0.7722,0.0,0
1,0.9859,-1,-0.1167,6,1.04,0.0,0
2,1.0148,1,0.0653,4,1.0037,0.0,0
4,0.8329,1,0.1405,10,0.6366,0.0,1
1,1.1481,1,0.0,4,1.014,0.0,0
2,1.0035,1,0.0608,4,0.8954,0.0311,0
3,1.1095,-1,0.0233,2,1.1036,0.0059,0
2,1.1808,0,0.0272,3,1.0148,0.031,0
1,1.3842,0,0.3064,6,0.9941,0.0,0
2,1.156,1,-0.0093,2,1.1439,0.0,0
3,1.1461,1,0.04,4,0.7177,0.0,0
1,1.0012,0,0.0,2,1.0987,0.0,0
1,1.163,1,0.0,1,1.1115,0.0,0
1,0.971,-1,-0.1702,4,0.9658,0.0,0
2,0.9386,-2,-0.0283,4,0.8568,0.0,0
1,1.2925,-1,-0.0136,3,1.2547,0.0,0
2,1.1512,1,0.0192,4,1.0037,0.0,0
2,0.8954,0,-0.0414,6,0.8957,0.0008,0
1,0.7859,-2,-0.0218,6,0.5297,0.0,0
1,0.9367,-2,0.0016,8,0.1207,0.0,0
1,1.171,1,0.0,6,0.9051,0.0,0
1,0.8907,0,-0.0567,5,0.7177,0.0,0
2,0.9293,-1,-0.0041,6,0.87,0.0,0
21,0.0597,-1,-0.03,16,0.0597,0.0025,2
6,0.8219,3,-0.0511,9,0.6171,0.0,1
4,0.8182,2,-0.1536,14,0.4085,0.0,1
9,0.6171,-1,-0.0194,6,0.7103,0.0,1
1,1.0883,-3,0.0743,5,1.0543,0.0,0
4,0.9532,-2,-0.0409,2,1.0456,0.1297,0
4,1.103,0,0.1008,6,0.9424,0.0,0
2,1.2186,1,-0.1655,4,0.9532,0.033,0
5,0.9126,0,0.0389,2,0.6875,0.0,0
1,0.7619,-2,0.0248,9,0.6171,0.0,0
9,0.1231,1,0.0024,21,0.0597,0.0015,2
1,0.9333,0,0.0,9,0.6171,0.0,0
16,0.0597,-1,-0.0035,21,0.0597,0.0,2
2,0.998,0,0.026,3,0.9658,0.0,0
14,0.4085,-3,-0.023,7,0.5137,0.0,2
5,0.9555,-1,0.006,3,0.8776,0.0826,0
9,0.134,0,-0.0829,21,0.0597,0.0,2
7,0.6191,2,0.0088,14,0.4085,0.0,1
6,0.7103,0,-0.005,9,0.6171,0.0,1
4,0.8384,0,0.04,6,0.6875,0.0,1
2,0.9612,-2,-0.0425,6,0.7639,0.0,0
6,0.4957,1,-0.1573,21,0.0597,0.0,1
8,0.8256,1,-0.0336,6,0.7908,0.0001,1
6,0.5137,2,-0.1945,14,0.4085,0.0,1
4,0.8813,-1,-0.0964,5,0.9616,0.0001,1
6,1.0083,6,0.0,2,0.9798,0.028,0
2,1.1928,-1,0.049,2,1.1147,0.0,0
6,0.7908,-2,0.0014,8,0.8256,0.0008,1
2,0.9798,-2,-0.0828,6,0.9847,0.0043,0
3,0.7544,2,-0.0314,4,0.146,0.0001,0
3,0.7405,-2,0.0461,14,0.146,0.0,0
2,0.3355,0,-0.2002,16,0.0597,0.0001,0
6,0.7365,1,-0.0357,4,0.6875,0.0,1
2,0.6875,-1,-0.0302,6,0.7365,0.0,0
4,0.6138,0,0.0086,14,0.4085,0.0,1
3,0.8297,-1,-0.0032,9,0.6171,0.0,0
5,1.039,2,0.0042,4,0.8813,0.0,0
3,1.0616,-3,0.0216,6,1.0068,0.0,0
4,0.9682,1,0.0165,1,0.8906,0.092,0
5,1.0543,4,-0.1614,2,0.3355,0.0,0
1,1.2384,-2,0.0326,4,1.103,0.0,0
4,1.15,2,0.006,2,0.9293,0.0,0
2,0.7639,0,-0.2593,6,0.7103,0.0,0
6,0.87,0,-0.0201,6,0.4957,0.0,1
1,1.3075,0,0.0,1,0.8906,0.0,0
1,1.1545,-1,-0.0142,2,0.913,0.0,0
3,1.0731,2,0.102,2,0.9658,0.0,0
1,0.8718,0,-0.0239,3,0.8776,0.0,0
2,1.3061,-1,0.0514,1,1.1519,0.0001,0
3,0.8744,0,0.0237,9,0.6171,0.0,0
6,0.9424,1,-0.0166,4,0.9662,0.0,0
6,1.0068,4,-0.0284,9,0.134,0.0,0
2,0.913,1,-0.0592,8,0.8256,0.0,0
2,1.126,-1,-0.0201,4,0.6875,0.0,0
1,0.146,1,0.0,16,0.0597,0.0,0
2,0.8321,-1,-0.0247,7,0.5137,0.0,0
5,0.9616,1,0.0887,4,0.8813,0.0049,0
3,1.0362,1,0.0214,2,0.9612,0.0,0
1,1.0889,-1,-0.0623,3,0.7639,0.0,0
2,1.0881,1,-0.0828,4,0.9532,0.0004,0
1,1.078,1,0.0,3,0.8776,0.0,0
1,1.3667,1,0.0,0,1.3667,0.0,0
1,1.1584,-1,0.0409,5,0.8776,0.0,0
2,0.8757,1,-0.0151,6,0.6875,0.0,0
1,1.1519,1,0.0,2,1.2384,0.0,0
1,1.1351,1,0.0,4,0.9682,0.0,0
1,1.0338,-1,-0.0962,4,0.9682,0.0,0
1,1.3807,0,0.0,1,1.0012,0.0,0
1,1.0456,1,0.0,4,0.9532,0.0,0
3,0.8776,1,-0.0178,5,0.8718,0.0183,0
2,0.9515,1,0.0247,6,0.7365,0.0,0
2,1.0987,1,0.0975,1,0.9662,0.0,0
1,1.0012,1,0.0,2,1.0987,0.0,0
3,1.0444,1,0.1058,2,0.8321,0.0,0
1,1.2925,0,0.0,2,1.3061,0.0,0
2,1.0349,-1,-0.0745,2,1.1448,0.031,0
2,1.009,-2,-0.0236,3,0.9658,0.0,0
1,1.052,0,-0.0594,6,0.7908,0.0,0
1,1.1319,0,-0.0311,6,1.0083,0.0,0
2,1.1448,0,-0.036,3,1.0349,0.0,0
1,0.9662,1,0.0,6,0.9424,0.0,0
2,1.038,2,0.0,2,0.7639,0.0,0
4,0.8489,0,-0.0689,6,0.7365,0.0,1
1,0.9658,0,0.0,3,0.998,0.0,0
1,0.9788,1,0.0,5,1.039,0.0,0
1,1.0044,-2,-0.0248,5,0.9126,0.0,0
1,0.8906,1,0.0,4,0.9682,0.0,0
1,1.1704,1,0.0,2,1.038,0.0,0
2,1.1147,2,0.0,2,1.0883,0.0,0
1,1.2293,0,0.1257,2,1.0349,0.0,0
4,0.5664,-2,0.0367,16,0.0597,0.0004,1
1,0.9847,-1,-0.0188,3,0.8718,0.0,0
1,0.8191,1,0.0,6,0.5137,0.0,0
1,1.171,-1,0.2659,5,0.9616,0.0,0
3,0.861,-3,-0.0091,9,0.5693,0.0,0
15,0.4395,1,0.031,6,0.482,0.0,2
3,0.8088,2,-0.1245,6,0.6623,0.0,0
6,0.9495,0,0.0071,3,1.0215,0.0,0
5,0.9258,2,0.0481,3,0.9158,0.0202,0
3,1.0215,2,0.0553,6,0.9495,0.0,0
8,0.828,0,0.0024,6,0.8335,0.0004,1
3,0.8476,1,-0.0281,5,0.7007,0.0,0
9,0.1437,0,0.0206,22,0.0601,0.001,2
9,0.1629,0,0.0289,22,0.0601,0.0,2
5,0.7007,-1,-0.0358,5,0.7501,0.0,1
3,0.9158,2,-0.0689,5,0.9258,0.0003,0
17,0.0601,1,0.0004,22,0.0686,0.0,2
2,1.1811,-2,0.0312,3,1.0934,0.0,0
2,1.129,2,0.0,2,1.1182,0.0,0
3,1.1918,-1,0.0889,6,0.9495,0.0,0
8,0.7219,2,0.0116,6,0.6623,0.0,1
3,1.1172,2,0.0283,4,0.7973,0.0,0
22,0.0686,1,0.009,17,0.0601,0.01,2
1,1.2925,0,0.0,0,1.2925,0.0,0
1,1.0891,-1,-0.1295,4,1.0456,0.0,0
3,1.0934,1,0.1642,3,0.861,0.0,0
3,0.9645,1,-0.1236,4,1.0947,0.0026,0
3,1.0585,2,0.0797,4,1.0366,0.0,0
6,1.0167,0,0.01,9,0.1629,0.0,0
6,1.0068,2,0.0386,1,1.3075,0.0368,0
3,0.6331,-1,0.0193,15,0.4395,0.0,0
2,0.9226,0,0.0096,8,0.828,0.0001,0
3,1.1931,2,0.0412,0,1.1931,0.0,0
7,1.0016,1,-0.0067,1,0.9427,0.0781,0
3,0.8074,-1,-0.0739,5,0.9283,0.0,0
2,1.1716,1,0.0006,5,0.9283,0.0,0
5,0.616,1,0.0496,17,0.0601,0.0161,1
6,0.8335,0,0.0427,8,0.828,0.0017,1
5,0.9677,1,0.1293,5,0.7007,0.0,0
2,1.2295,0,0.0367,2,1.0256,0.0,0
4,0.7341,-2,-0.0877,8,0.6623,0.0,1
9,0.5693,3,0.0736,22,0.0686,0.0135,2
3,0.7774,-1,-0.0715,5,0.7007,0.0,0
3,0.7475,2,-0.0144,6,0.6623,0.0,0
3,1.0087,0,-0.0275,3,0.9241,0.0,0
4,1.0212,-1,-0.0331,2,0.7156,0.0,0
1,1.2286,1,0.0,0,1.2286,0.0,0
2,0.7156,0,0.3801,17,0.0601,0.051,0
2,1.1227,0,0.0878,1,0.9241,0.0073,0
2,1.0714,-1,0.027,3,0.8854,0.0,0
1,1.0012,1,0.0,1,1.0218,0.0,0
6,0.5538,-1,-0.0653,15,0.4395,0.0,1
5,0.9283,0,-0.0332,3,0.8074,0.0768,0
2,0.9793,2,0.0,6,0.5538,0.0,0
4,0.7973,2,0.0334,8,0.7219,0.0,1
3,0.9189,0,0.0446,8,0.6623,0.0,0
6,0.6623,-3,0.0451,8,0.7219,0.0,1
2,0.846,-1,0.0916,5,0.173,0.0,0
2,1.0862,1,0.0082,5,0.9158,0.0303,0
3,1.0646,0,-0.0085,2,0.8854,0.0,0
2,1.0376,-1,-0.0239,6,1.0167,0.0,0
1,1.132,-1,-0.0127,3,0.9241,0.0,0
1,1.1756,0,0.1744,1,1.0012,0.0,0
3,0.8609,0,0.0312,6,0.6623,0.0,0
1,1.0511,-1,-0.0749,5,0.7501,0.0,0
2,0.9987,-3,0.0432,5,0.9258,0.0323,0
3,0.9285,1,0.0964,6,0.482,0.0,0
4,0.9441,-1,0.0315,3,0.7501,0.0,0
4,0.798,0,-0.0202,15,0.4395,0.0,1
1,0.8854,-1,-0.1236,3,0.9814,0.0,0
1,1.3807,1,0.0,2,1.0376,0.0,0
1,0.9427,-1,-0.0371,7,0.9158,0.0,0
4,1.0947,0,0.1416,3,0.9645,0.0945,0
6,0.482,0,-0.0317,15,0.4395,0.0,1
1,1.1182,0,0.0299,4,1.0212,0.0,0
1,0.173,0,0.027,17,0.0601,0.0,0
4,1.0366,-1,-0.0023,3,0.8074,0.0,0
1,0.8232,0,0.0041,6,0.482,0.0,0
3,0.9476,2,-0.0568,4,0.9441,0.0,0
1,1.3075,0,0.4169,6,1.0068,0.0,0
2,0.9814,1,0.0156,3,0.8854,0.0,0
2,0.7886,-1,0.048,15,0.173,0.0001,0
3,1.0295,1,0.0683,4,0.7341,0.0,0
1,1.1704,0,0.0,3,1.1172,0.0,0
1,1.0456,0,0.0,4,1.0891,0.0,0
1,1.3667,1,0.0,0,1.3667,0.0,0
1,1.0256,0,-0.1289,2,0.9226,0.0,0
1,0.7501,-1,0.0627,5,0.7007,0.0,0
1,1.194,0,0.0622,7,1.0016,0.0,0
1,1.0804,0,-0.149,2,1.1227,0.0,0
1,0.9241,1,0.0,3,1.0087,0.0,0
1,1.1734,-1,0.0587,2,1.1182,0.0,0
1,0.9191,-1,-0.0324,5,0.7007,0.0,0
1,1.0218,-1,-0.0769,3,1.0012,0.0,0
3,1.0909,0,0.0325,6,1.0101,0.0,0
5,0.9833,-1,0.0338,4,0.9753,0.0,0
4,1.027,1,-0.0376,3,0.9658,0.0,0
4,1.0584,2,-0.1132,4,0.9087,0.0021,0
1,0.9758,0,0.0567,4,0.6118,0.0,0
14,0.449,-1,0.0095,9,0.4713,0.0,2
2,0.9087,-1,-0.0558,4,1.0584,0.0031,0
8,0.7628,0,-0.0652,6,0.8759,0.0004,1
8,0.1438,-1,0.0001,25,0.0599,0.001,2
25,0.0864,3,0.0178,18,0.0599,0.0038,2
1,1.1215,0,-0.0105,3,0.985,0.0,0
2,0.8696,-1,-0.059,9,0.4775,0.0,0
18,0.0599,1,-0.0002,25,0.0864,0.0,2
9,0.4775,3,-0.0045,14,0.449,0.0,2
6,0.8759,4,-0.0468,8,0.7628,0.0001,1
2,1.1206,2,0.0,4,0.9087,0.0071,0
3,1.0187,-1,-0.0025,3,0.8936,0.0,0
1,1.1836,-3,0.0889,2,0.9087,0.0,0
1,1.1734,-1,0.0445,2,1.1147,0.0,0
4,0.7915,1,-0.0174,6,0.6118,0.0,1
3,0.8395,0,-0.0081,5,0.6118,0.0,0
2,0.9915,1,0.0488,6,0.8315,0.0,0
5,0.9405,1,-0.0036,3,0.7756,0.0,0
6,0.9799,-1,-0.0217,2,0.9915,0.0041,0
2,1.0806,-1,0.0511,8,0.7057,0.0,0
8,0.6915,0,-0.0304,8,0.7057,0.0,1
4,0.8111,0,0.0138,8,0.6915,0.0,1
4,0.9323,1,0.0133,8,0.6915,0.0,0
4,0.7725,1,-0.0049,4,0.6118,0.0,1
4,1.1274,1,0.034,3,0.8562,0.0,0
1,1.053,-2,-0.0642,4,0.8111,0.0,0
3,0.6118,-2,-0.0889,4,0.7725,0.0,0
2,0.8459,-1,0.0385,6,0.9518,0.0,0
1,1.1519,1,0.0,3,1.1328,0.0,0
1,1.3934,1,0.0,1,1.3667,0.0,0
2,0.972,-1,0.0244,5,0.9405,0.0,0
1,1.0256,0,0.0,6,0.8759,0.0,0
3,1.1328,0,-0.059,5,0.9833,0.0,0
7,0.6396,-2,0.0703,25,0.0864,0.0095,1
2,1.3061,-1,0.113,1,1.1519,0.0,0
1,0.9658,1,0.0,5,0.7756,0.0,0
6,0.95,1,0.0243,3,0.8315,0.0226,0
2,0.918,0,-0.1534,4,0.8696,0.0,0
2,0.8079,0,0.0193,14,0.449,0.0,0
6,1.0101,2,-0.0266,3,0.8459,0.0,0
8,0.7057,4,-0.0285,8,0.6669,0.0,1
3,0.8936,1,0.178,18,0.0599,0.0304,0
1,0.9554,-2,0.0945,6,0.6669,0.0,0
3,1.0548,2,0.1307,3,0.985,0.034,0
4,0.8966,2,-0.0827,4,0.4934,0.0,1
1,1.3667,0,0.0,1,1.3934,0.0,0
9,0.226,0,0.0631,25,0.0599,0.0,2
3,1.0452,1,-0.041,6,0.8315,0.0256,0
4,0.9753,1,-0.0462,5,0.9833,0.0,0
3,1.1361,1,0.0134,3,1.0548,0.0065,0
2,0.8315,-1,-0.0842,6,0.95,0.0025,0
1,1.2286,0,0.0,0,1.2286,0.0,0
3,1.0467,1,0.0653,4,0.918,0.0,0
6,0.7413,0,0.0791,8,0.6669,0.0,1
3,1.0346,-2,0.0669,4,0.6118,0.0,0
2,1.1147,1,-0.0035,3,1.0187,0.0,0
6,1.025,0,0.0083,9,0.226,0.0,0
4,0.9518,-1,0.0235,4,0.8459,0.0049,0
2,1.021,1,-0.1546,1,1.0012,0.0,0
1,1.3184,1,0.0,2,0.9321,0.0,0
3,0.8562,0,-0.0048,7,0.6396,0.0,0
1,0.9608,-1,-0.0768,6,1.025,0.0,0
2,0.6077,-1,-0.0254,14,0.449,0.0,0
2,0.6669,-1,-0.0806,8,0.7057,0.0,0
1,0.6636,1,0.0,8,0.1438,0.0,0
4,0.4796,-1,-0.1364,18,0.0599,0.0004,1
1,1.1351,1,0.0,3,0.9517,0.0,0
2,0.985,-1,-0.0238,3,1.053,0.0,0
3,0.9517,3,0.0,3,1.0456,0.0012,0
1,1.172,0,0.0829,3,0.9517,0.0,0
1,1.0012,1,0.0,2,1.021,0.0,0
1,1.2925,1,0.0,2,1.3061,0.0,0
1,1.0532,0,-0.1408,6,0.9799,0.0,0
2,0.8151,0,-0.0309,4,0.4796,0.0002,0
4,0.4934,-2,-0.0604,14,0.449,0.0,1
1,0.4713,1,0.0,14,0.449,0.0,0
3,1.0802,-3,0.0733,3,0.9517,0.1825,0
2,0.789,-2,-0.009,14,0.449,0.0,0
2,0.5284,1,0.3554,18,0.0599,0.001,0
1,1.1407,1,0.0,3,1.1215,0.0,0
2,0.9321,-4,0.0986,8,0.7628,0.0031,0
1,1.3807,0,0.0,1,0.9608,0.0,0
1,0.7756,0,0.0255,5,0.6118,0.0,0
1,1.0244,0,-0.0267,4,0.7756,0.0,0
1,1.0456,0,0.0,3,0.9517,0.0,0
1,1.2123,0,0.0388,2,1.1147,0.0,0
1,1.1371,0,-0.0333,1,1.053,0.0,0
1,1.2424,-1,0.0129,1,1.0256,0.0,0
1,0.913,0,0.0899,9,0.4775,0.0,0
3,0.9579,0,0.1017,7,0.5152,0.0,0
5,0.7387,1,-0.0724,9,0.6535,0.0,1
2,1.0939,1,-0.0431,2,0.8534,0.0,0
8,0.5275,-1,0.0501,16,0.4648,0.0,2
3,0.9131,-1,-0.0191,5,0.7442,0.0,0
5,0.9488,-1,-0.0012,2,0.8488,0.0356,0
1,0.3888,-1,-0.1396,19,0.0603,0.0,0
11,0.4067,2,0.1806,24,0.0603,0.0,2
3,0.9607,1,0.1456,3,0.3888,0.0028,0
24,0.0807,-1,-0.0057,19,0.0603,0.0061,2
5,0.8244,1,0.0519,4,0.6459,0.0,1
6,1.076,3,-0.0149,3,0.8575,0.0,0
19,0.0603,1,0.0003,24,0.0807,0.0,2
5,0.8869,2,-0.0067,19,0.0603,0.0263,1
3,1.1591,-1,0.0317,3,0.9579,0.0,0
3,0.7429,1,0.0759,9,0.6535,0.0,0
7,0.5152,0,-0.1245,24,0.0807,0.0,1
8,0.4648,4,-0.0286,16,0.4656,0.0,2
1,1.0883,-2,0.0696,5,0.8869,0.0,0
9,0.6535,1,-0.0521,5,0.7387,0.0,1
1,0.9507,-4,0.0102,7,0.8767,0.0,0
2,1.0987,2,0.0,1,1.0012,0.0,0
1,1.2286,0,0.0,0,1.2286,0.0,0
9,0.0975,1,-0.0463,24,0.0603,0.0009,2
7,0.8767,4,0.0372,4,0.6459,0.0,1
1,0.8905,1,0.0,2,0.8954,0.0,0
16,0.4656,2,0.0166,8,0.4648,0.0,2
5,1.0382,4,-0.015,3,0.9589,0.0045,0
3,1.1218,1,0.0012,4,0.8387,0.0004,0
3,0.4775,-1,-0.0021,19,0.0603,0.0002,0
4,0.769,0,-0.0225,5,0.6459,0.0,1
5,0.7442,-3,0.0527,9,0.6535,0.0,1
2,1.1088,1,-0.0748,3,0.8387,0.0061,0
4,0.6459,1,0.0341,7,0.769,0.0,1
9,0.83,1,0.0672,6,0.8634,0.0004,1
4,0.9682,-2,-0.0568,11,0.4067,0.0,0
2,1.0551,1,0.0307,3,0.984,0.0,0
4,0.9376,2,0.0917,3,0.8575,0.0002,0
4,1.0509,2,0.0659,3,0.763,0.0,0
3,0.9589,-3,-0.021,5,0.912,0.0038,0
3,1.0278,0,-0.027,4,1.0509,0.0004,0
2,1.0553,-1,0.0086,2,0.9594,0.0,0
2,0.972,0,0.0,2,0.9507,0.0,0
3,0.8575,-3,-0.1526,6,0.9064,0.0,0
2,0.7982,0,-0.0096,16,0.3888,0.0,0
2,1.0187,1,-0.007,6,0.8634,0.0,0
6,0.8634,0,-0.0124,9,0.83,0.0,1
1,0.9064,1,0.0,4,0.8575,0.0,0
1,0.8387,-1,-0.0699,4,0.9986,0.0,0
1,0.8699,-5,0.1285,9,0.6535,0.0,0
5,1.008,0,0.0247,5,0.9406,0.0,0
3,0.9432,-1,0.0465,8,0.4648,0.0,0
1,1.0889,0,-0.0326,4,1.0278,0.0,0
1,1.1719,1,0.0,3,0.912,0.0,0
5,1.0135,2,0.0618,2,1.099,0.0017,0
2,1.099,-1,0.0189,5,1.0135,0.0571,0
2,0.9811,-1,-0.0641,5,0.8488,0.0028,0
4,0.9986,0,-0.0598,3,0.8387,0.0024,0
3,0.763,1,-0.3176,9,0.6535,0.0,0
1,1.2031,-3,0.2513,4,0.9064,0.0,0
2,0.9372,1,-0.0181,4,0.7429,0.0,0
3,0.9986,0,-0.0361,5,0.6459,0.0,0
2,0.8488,0,0.0173,5,0.912,0.0542,0
2,1.026,1,0.0602,2,0.9507,0.0,0
1,1.2925,0,0.0,2,1.2137,0.0,0
3,1.1536,1,0.0389,1,1.0883,0.0,0
2,0.984,-2,-0.043,2,1.026,0.0,0
2,1.2137,0,-0.0924,1,1.1519,0.0,0
2,0.8954,0,0.0259,8,0.4648,0.0,0
2,0.912,0,-0.0795,3,0.8488,0.0024,0
2,0.8534,2,0.0,5,0.7387,0.0,0
1,1.1001,-2,-0.036,3,1.0278,0.0,0
1,1.3807,0,0.4198,4,0.9682,0.0,0
1,1.0021,1,0.0,3,0.9432,0.0,0
1,1.0224,1,0.0,5,0.9406,0.0,0
1,1.2384,-2,0.1055,5,1.008,0.0,0
1,1.3667,1,0.0,0,1.3667,0.0,0
1,1.0012,0,0.0,2,1.0987,0.0,0
2,0.8073,1,0.1437,9,0.0975,0.0,0
1,1.2251,0,-0.0933,5,1.0382,0.0,0
5,0.9406,1,-0.0348,5,1.008,0.0,0
1,0.6889,-1,0.0812,16,0.4656,0.0,0
1,0.7805,1,0.0,9,0.6535,0.0,0
1,0.9533,1,0.0,6,1.076,0.0,0
1,1.1407,0,0.0,2,1.0889,0.0,0
1,1.1565,1,0.0,1,1.1001,0.0,0
2,0.9594,0,0.0415,3,0.8905,0.0,0
1,1.1815,0,0.0081,3,1.1536,0.0,0
1,1.2424,0,0.0302,3,1.1536,0.0,0
1,1.1519,0,0.0,2,1.2137,0.0,0
1,1.3934,1,0.0,0,1.3934,0.0,0
2,0.4653,-1,-0.0122,20,0.0604,0.0001,0
20,0.0604,1,0.0002,24,0.0772,0.0,2
12,0.4211,1,0.0144,24,0.0604,0.0,2
10,0.6048,1,-0.0488,5,0.7331,0.0,1
9,0.4928,1,0.028,13,0.3703,0.0,2
8,0.522,0,-0.0055,13,0.4631,0.0,2
9,0.4503,2,-0.0648,24,0.0772,0.0,2
2,0.8659,0,-0.1152,5,0.9071,0.0019,0
3,1.0662,2,0.065,0,1.0662,0.0,0
24,0.0772,0,-0.0035,20,0.0604,0.0044,2
2,0.865,1,-0.0048,10,0.6048,0.0,0
2,1.0444,-1,0.0855,6,0.9507,0.0002,0
3,1.05,2,0.0967,4,1.0892,0.0,0
6,0.7948,1,-0.0921,20,0.0604,0.02,1
9,0.1201,0,0.0226,24,0.0604,0.0009,2
8,0.8284,2,-0.035,6,0.8177,0.0,1
2,0.9784,0,-0.0769,3,0.8652,0.0,0
6,0.9433,1,0.0027,3,1.0309,0.0,0
6,0.8177,-3,-0.0123,8,0.8284,0.0001,1
6,0.851,1,0.0266,6,0.6865,0.0,1
3,1.1452,0,0.1873,9,0.4503,0.0,0
2,0.6865,-2,0.0406,6,0.7234,0.0,0
3,1.0745,1,0.0194,3,0.9104,0.0,0
3,1.0309,2,0.0085,6,0.9433,0.0,0
5,0.9763,0,-0.0372,1,1.0643,0.0005,0
3,1.0655,1,0.0395,3,0.9104,0.0,0
2,0.8536,2,0.0,5,0.7331,0.0,0
1,1.0331,-1,0.1377,9,0.4928,0.0,0
4,1.0892,-2,0.0132,4,0.875,0.0,0
1,1.1976,-1,0.3993,13,0.4631,0.0,0
3,0.9478,2,-0.0029,4,0.9307,0.0,0
1,0.8652,-1,-0.0942,2,0.9422,0.0,0
3,1.1931,2,0.0412,1,1.2925,0.0,0
4,0.875,1,0.0175,4,0.8438,0.0,1
5,0.7331,0,-0.0056,10,0.6048,0.0,1
4,0.9307,-3,0.054,3,0.6865,0.0,0
4,0.9362,0,-0.0625,3,1.1403,0.0003,0
3,0.8306,3,0.0,6,0.6865,0.0,0
2,1.1273,-2,0.0764,4,0.842,0.0,0
2,1.1004,1,0.0122,6,0.7948,0.0,0
1,1.3807,0,0.0,2,1.0055,0.0,0
2,0.7621,1,0.0732,13,0.3703,0.0001,0
4,0.842,1,0.079,10,0.6048,0.0,1
6,0.7234,2,-0.0456,6,0.6865,0.0,1
2,1.1928,-1,0.0392,2,1.1004,0.0,0
2,0.9422,1,0.0517,1,0.8652,0.0,0
2,0.9883,0,-0.0303,8,0.8284,0.0,0
1,0.4968,0,0.1079,20,0.0604,0.0,0
2,0.9742,-1,0.031,9,0.4928,0.0,0
13,0.4631,-3,-0.0025,9,0.3703,0.0,2
4,0.8816,-1,0.1374,10,0.6048,0.0,1
2,1.1877,1,-0.0154,4,0.8438,0.0,0
3,1.1403,0,0.0185,4,0.9362,0.0006,0
2,1.083,1,0.0809,2,0.8652,0.0,0
1,1.093,0,-0.079,2,0.8659,0.0,0
3,0.7773,0,0.0345,10,0.6048,0.0,0
3,1.0087,0,-0.019,4,1.0332,0.0316,0
1,0.9071,-4,-0.0418,5,0.8659,0.0,0
2,1.0546,1,-0.0343,4,0.8536,0.0,0
1,1.0355,0,-0.1931,1,1.2286,0.0,0
1,1.1667,0,0.026,4,1.0332,0.0,0
2,1.0674,0,-0.0415,3,1.0643,0.0003,0
2,0.9507,0,0.0387,5,0.8659,0.0001,0
1,1.2925,-1,0.0788,3,1.1931,0.0,0
2,0.9931,0,0.1858,9,0.1201,0.0,0
5,0.9682,3,0.1194,2,0.8659,0.0302,0
6,0.9759,1,-0.0624,2,1.0444,0.0029,0
3,0.3703,3,0.0,13,0.4631,0.0,0
1,1.0511,-2,0.0525,6,0.6865,0.0,0
1,1.3184,1,0.0,6,0.8177,0.0,0
3,0.9646,0,0.0038,2,0.4653,0.0,0
4,1.0332,3,-0.0668,3,1.0087,0.0897,0
1,1.2424,0,0.0609,2,1.1324,0.0,0
1,1.0643,1,0.0,5,0.9763,0.0,0
2,1.0225,1,0.116,4,0.8438,0.0002,0
1,1.3934,1,0.0,0,1.3934,0.0,0
1,0.9104,-1,-0.0736,3,0.9784,0.0,0
2,0.8012,-1,-0.1119,6,0.7234,0.0,0
1,0.9475,-1,0.0102,6,0.7234,0.0,0
2,0.8438,-2,-0.0938,4,0.875,0.0,0
1,0.7931,0,0.0127,10,0.6048,0.0,0
1,1.3667,1,0.0,0,1.3667,0.0,0
3,1.1121,-2,0.1041,6,0.9433,0.0,0
1,1.1324,1,0.0,2,0.9883,0.0,0
1,0.8298,-1,-0.0236,5,0.7331,0.0,0
1,1.2286,1,0.0,1,1.0355,0.0,0
2,1.0055,-2,0.0373,12,0.4211,0.0,0
1,1.3075,-1,0.2085,5,0.9763,0.0,0
1,1.0532,1,0.0,6,0.9759,0.0,0
1,1.0741,-2,-0.085,3,1.1452,0.0,0
6,0.4891,-2,-0.0329,10,0.3961,0.0,1
24,0.0689,0,-0.0083,21,0.0606,0.0057,2
8,0.0904,-1,-0.0297,24,0.0606,0.0005,2
4,0.6863,-2,-0.0372,4,0.6991,0.0,1
4,0.8028,2,-0.0622,10,0.6632,0.0,1
3,0.4816,1,0.0164,21,0.0606,0.005,0
5,0.8911,-1,0.0735,8,0.7957,0.0003,1
1,1.0504,1,0.0,2,0.9068,0.0,0
5,0.825,1,-0.017,10,0.6632,0.0,1
1,0.9381,0,0.0728,4,0.475,0.0,0
10,0.4746,-3,0.0116,10,0.3414,0.0,2
12,0.3807,0,-0.0403,24,0.0606,0.0,2
10,0.4006,1,-0.0498,24,0.0689,0.0168,2
1,1.3934,1,0.0,1,1.3667,0.0,0
8,0.6878,3,-0.0453,10,0.6632,0.0,1
2,0.9947,1,-0.0696,3,0.9588,0.0003,0
10,0.6632,0,0.0584,8,0.6878,0.0,1
4,0.9035,0,0.0219,10,0.6632,0.0,0
6,0.994,0,0.0507,2,0.9068,0.0,0
21,0.0606,1,0.0002,24,0.0689,0.0,2
4,0.7922,2,-0.009,4,0.6863,0.0,1
4,0.6625,2,-0.3117,10,0.3961,0.0,1
3,0.9083,-3,-0.0676,4,1.051,0.0005,0
4,0.9936,2,0.0053,8,0.7957,0.0,0
2,0.7268,0,-0.0353,10,0.3414,0.0,0
2,0.8685,0,0.0026,4,0.8464,0.0067,0
1,1.2511,1,0.0,0,1.2511,0.0,0
4,0.9757,-1,0.0074,3,0.8464,0.0005,0
1,1.1519,1,0.0,2,1.1508,0.0,0
2,1.1109,0,-0.0164,5,0.825,0.0,0
10,0.3961,1,-0.0967,10,0.3414,0.0,2
8,0.7957,0,-0.0327,5,0.8911,0.0,1
3,0.915,1,-0.0634,3,0.9381,0.0,0
1,0.9377,1,0.0,5,0.6991,0.0,0
1,0.9717,1,0.0,4,0.9338,0.0,0
2,0.9586,0,-0.0345,8,0.0904,0.0,0
6,1.0489,2,0.0157,2,0.9998,0.0515,0
3,1.0145,0,-0.06,2,0.9377,0.0,0
3,1.1248,1,0.0243,5,0.5521,0.0,0
3,1.1061,2,-0.0914,10,0.4746,0.0002,0
7,0.8796,3,0.0046,4,1.0203,0.0005,1
2,1.3061,-1,0.113,1,1.1519,0.0,0
2,1.1624,-1,0.0221,4,0.9338,0.0003,0
2,1.0592,1,0.0081,3,0.6991,0.0,0
4,0.8829,2,0.0293,8,0.6878,0.0,1
2,1.0506,-1,0.0197,6,0.9068,0.0,0
1,1.1075,1,0.0,10,0.4746,0.0,0
4,1.0819,3,0.0287,3,0.9083,0.0002,0
1,0.6857,0,0.1889,21,0.0606,0.0,0
1,1.1324,0,0.0,4,0.9936,0.0,0
5,0.5521,-1,-0.2426,21,0.0606,0.0209,1
1,0.3414,-2,-0.0289,10,0.3961,0.0,0
2,0.9068,2,0.0,6,0.994,0.0,0
2,1.2295,0,0.0367,3,1.1248,0.0,0
3,1.1074,0,-0.0377,10,0.4006,0.0,0
1,1.171,-1,0.3271,7,0.8796,0.0,0
4,0.9338,0,-0.0024,2,0.9717,0.1621,0
3,1.0899,1,0.0069,4,0.6625,0.0,0
3,1.0754,3,0.0,1,1.2196,0.0,0
1,1.1048,1,0.0,3,0.9588,0.0,0
3,0.9588,-2,-0.0176,2,0.9947,0.034,0
2,1.1582,0,0.1528,12,0.3807,0.0,0
2,0.475,1,-0.5581,10,0.3961,0.0,0
3,1.051,1,0.0066,3,0.8464,0.0002,0
5,0.9173,1,-0.0134,3,0.6991,0.0,0
3,0.8464,1,-0.1044,4,0.8685,0.0005,0
1,0.8784,1,0.0,6,0.475,0.0,0
2,1.0321,0,0.0899,2,0.475,0.0,0
2,1.0987,-1,0.0325,1,1.0012,0.0,0
1,1.2925,0,0.0,2,1.3061,0.0,0
3,0.9806,-3,0.1296,4,0.6863,0.0,0
1,1.3075,1,0.0,3,0.9588,0.0,0
1,1.0325,0,0.0851,4,0.6863,0.0,0
1,1.0012,1,0.0,2,1.0987,0.0,0
2,0.972,-1,0.0242,5,0.9173,0.0,0
2,0.9998,-1,-0.0089,6,1.0489,0.0001,0
3,0.8052,0,-0.0254,5,0.6863,0.0,0
4,1.0203,0,-0.069,7,0.8796,0.0,0
1,1.058,-2,0.0934,3,0.4816,0.0,0
1,1.0804,-1,0.0258,6,0.8829,0.0,0
2,1.072,0,-0.1157,4,0.9338,0.0,0
1,1.2196,1,0.0,4,1.0203,0.0,0
1,0.6991,-1,0.0126,5,0.6863,0.0,0
1,1.1883,1,0.0,4,0.9338,0.0,0
1,1.0355,0,0.0,1,1.2286,0.0,0
1,0.9554,-2,0.1781,10,0.6632,0.0,0
1,1.1508,-2,0.0387,6,0.994,0.0,0
2,1.1266,-1,0.0611,3,0.915,0.0,0
1,1.2286,0,0.0,1,1.0355,0.0,0
1,1.3667,0,0.0,1,1.3934,0.0,0
1,1.093,0,0.0,3,0.8464,0.0,0
2,0.9435,0,-0.1674,4,0.8319,0.0,0
9,0.6526,1,-0.0352,8,0.6924,0.0,1
8,0.6924,-2,0.0292,9,0.6526,0.0,1
2,0.7554,2,0.0,9,0.6526,0.0,0
5,0.7881,1,-0.0147,8,0.6521,0.0,1
5,0.8159,1,0.0237,5,0.6521,0.0,1
2,0.8685,0,0.0,5,0.9297,0.0002,0
12,0.3907,2,-0.0099,24,0.0637,0.0197,2
24,0.0637,0,-0.0052,24,0.0607,0.0042,2
2,1.0186,0,0.1118,4,0.8789,0.0,0
3,0.9585,0,-0.0221,5,0.6521,0.0,0
16,0.4018,6,0.0057,6,0.4164,0.0,2
2,1.0084,1,-0.124,4,0.9187,0.0,0
3,1.1295,3,0.0,3,0.8656,0.0,0
24,0.0607,3,0.0001,24,0.0637,0.0,2
2,1.1113,-1,0.1525,4,0.9623,0.1264,0
3,1.0407,2,-0.0098,3,0.8789,0.0,0
10,0.7967,2,0.001,4,0.9187,0.0,1
2,0.9891,-3,0.0718,7,0.7501,0.0,0
2,0.9174,2,0.0,2,0.7554,0.0,0
3,0.8656,-1,-0.1546,5,0.9098,0.0,0
3,1.0365,0,-0.0534,3,0.6523,0.0,0
2,0.9636,0,-0.1084,3,0.9287,0.0,0
1,1.0218,-1,-0.0769,3,1.0407,0.0,0
10,0.3616,-2,-0.0191,24,0.0607,0.0,2
6,0.5274,-4,0.0527,16,0.4018,0.0,1
2,0.9915,2,0.0,2,0.9328,0.0,0
2,0.4387,1,0.0973,16,0.4018,0.0,0
5,0.9572,2,0.1108,3,0.8685,0.0048,0
4,0.4798,1,-0.0018,24,0.0607,0.0013,1
3,1.0745,1,0.0153,3,0.7501,0.0,0
3,0.6521,-1,-0.0342,7,0.7501,0.0,0
2,1.1394,1,-0.0315,5,0.9098,0.0,0
2,1.133,2,0.0,3,0.9078,0.0,0
3,1.2547,2,0.1028,1,1.2925,0.0,0
8,0.1049,0,0.0146,24,0.0607,0.0009,2
3,0.9829,0,0.0746,3,0.9078,0.0002,0
1,0.947,0,-0.0247,3,0.9287,0.0,0
2,1.0232,0,-0.1034,2,0.9104,0.0,0
4,1.0507,-2,0.0567,3,0.8789,0.0,0
1,1.172,-1,0.0096,3,0.9287,0.0,0
4,0.9623,2,-0.0324,2,1.1048,0.0018,0
2,0.7053,2,0.0,8,0.6924,0.0,0
3,0.9895,0,-0.0615,5,0.9297,0.0004,0
3,0.8537,-2,0.0287,9,0.6526,0.0,0
7,0.8574,4,0.0522,3,0.6521,0.0,1
4,1.0428,2,0.043,4,0.9435,0.0341,0
4,0.9187,0,-0.0749,10,0.7967,0.0,0
1,0.9424,0,-0.2771,3,0.8656,0.0,0
3,1.0585,0,-0.017,3,0.9424,0.0,0
1,1.0355,0,0.0,1,1.0312,0.0,0
5,0.9098,-2,0.0301,3,0.8656,0.0001,0
3,0.9287,-1,-0.005,2,0.947,0.0022,0
3,0.9032,-1,-0.0004,9,0.6526,0.0,0
1,0.7501,0,0.051,7,0.6521,0.0,0
1,0.9104,-2,-0.1042,3,1.0232,0.0,0
2,0.9328,-1,0.0177,3,0.9915,0.0,0
4,1.1395,1,0.0147,4,0.3666,0.0,0
1,0.9297,0,-0.1633,5,0.8685,0.0,0
1,1.0312,1,0.0,1,1.0355,0.0,0
3,0.8789,1,-0.1717,4,1.0186,0.0,0
1,1.3667,1,0.0,0,1.3667,0.0,0
1,1.0884,1,0.0,3,0.9078,0.0,0
4,0.3666,-1,-0.1856,24,0.0607,0.001,1
1,1.2925,-1,-0.0136,3,1.2547,0.0,0
2,1.1234,1,-0.0649,3,0.9287,0.0,0
1,1.1832,0,0.2452,3,0.6523,0.0,0
1,1.0593,-1,0.1006,8,0.1049,0.0,0
1,1.2251,-4,0.334,10,0.7967,0.0,0
1,1.0468,-2,-0.0606,12,0.3907,0.0,0
1,1.0296,1,0.0,3,0.9166,0.0,0
3,0.4164,-3,-0.0727,16,0.4018,0.0,0
3,0.6893,1,0.2143,16,0.4018,0.0,0
3,0.9078,-1,-0.174,3,0.9829,0.0005,0
1,0.9166,-1,-0.0554,2,0.9891,0.0,0
4,1.0679,-2,0.019,4,1.0428,0.0624,0
1,1.3807,-1,0.2224,10,0.3616,0.0,0
2,1.0884,1,0.0872,1,1.0218,0.0,0
3,1.0965,1,0.3697,6,0.4387,0.0001,0
2,1.0659,2,0.0,4,1.0679,0.03,0
1,1.1324,1,0.0,2,1.0084,0.0,0
3,0.6523,-1,-0.0102,16,0.4018,0.0,0
2,0.8319,-2,-0.051,9,0.6526,0.0,0
2,1.1318,1,0.0242,6,0.4164,0.0,0
2,0.7532,1,-0.1252,3,0.4164,0.0,0
1,1.2511,0,0.0,0,1.2511,0.0,0
1,1.1048,0,0.0,4,0.9623,0.0,0
1,1.2424,-1,0.0129,4,1.1324,0.0,0
2,1.0401,1,0.1023,3,0.7501,0.0,0
1,0.7936,0,0.1079,24,0.0607,0.0,0
1,1.2286,1,0.0,0,1.2286,0.0,0
1,1.3934,0,0.0,0,1.3934,0.0,0
1,1.2163,-2,0.1102,6,0.5274,0.0,0
24,0.0607,0,0.0,25,0.0635,0.0,2
4,0.6765,1,0.0242,17,0.3765,0.0,1
1,1.3667,0,0.0,1,1.3934,0.0,0
25,0.0635,1,-0.0002,24,0.0607,0.0116,2
8,0.0852,0,-0.0198,25,0.0607,0.0008,2
11,0.3611,1,-0.0005,25,0.0607,0.0,2
4,0.7768,-1,-0.0112,6,0.6466,0.0,1
5,0.7297,-3,0.0373,10,0.6618,0.0,1
1,0.947,-2,0.0183,6,0.9772,0.0,0
2,0.8367,2,0.0,5,0.6466,0.0,0
4,0.7455,1,-0.1082,10,0.6618,0.0,1
7,0.7933,-3,-0.0034,6,0.8488,0.0,1
1,1.1238,1,0.0,5,0.957,0.0,0
17,0.3765,1,-0.0253,5,0.3582,0.0,2
3,0.7219,1,-0.0336,10,0.6618,0.0,0
4,0.6466,1,-0.0055,6,0.7768,0.0,1
6,0.8488,2,-0.0699,7,0.7933,0.0,1
3,1.1221,1,-0.0097,5,0.3582,0.0001,0
3,1.1012,2,0.0716,2,0.8415,0.0,0
2,0.7707,0,-0.0612,10,0.6618,0.0,0
5,1.1345,2,0.076,1,0.9533,0.0,0
1,1.1722,-1,0.0328,6,0.9032,0.0,0
5,0.8754,-2,0.0179,4,0.6466,0.0,1
3,0.8888,1,-0.0286,3,0.7219,0.0,0
1,0.9475,1,0.0,5,0.7297,0.0,0
5,0.957,2,0.0781,2,0.9789,0.0,0
5,0.9032,0,-0.0066,4,0.9372,0.0001,0
5,0.6535,-1,0.1261,17,0.3582,0.0,1
3,1.0424,0,0.0595,3,0.8905,0.0001,0
5,0.9757,1,-0.0922,3,1.0235,0.1153,0
11,0.3972,-1,0.0065,25,0.0635,0.0165,2
1,0.4425,0,-0.6168,8,0.0852,0.0,0
2,1.0987,0,0.0103,1,1.0012,0.0,0
1,1.1519,1,0.0,2,1.0647,0.0,0
2,1.168,-2,0.0285,7,0.5847,0.0,0
3,0.3979,-1,-0.0819,24,0.0607,0.0006,0
2,1.0647,-2,0.0141,5,0.957,0.0,0
6,0.9303,1,-0.0269,3,0.8828,0.0003,0
3,1.1284,1,-0.0046,3,0.8905,0.0,0
1,0.9104,0,0.0,3,0.9962,0.0,0
4,0.9259,0,-0.0363,2,1.0703,0.0026,0
1,1.0235,1,0.0,5,0.7707,0.0,0
1,1.1324,1,0.0,3,1.0625,0.0,0
3,0.8337,0,-0.0695,10,0.6618,0.0,0
1,0.8828,-1,0.0144,6,0.9303,0.0,0
3,0.8905,0,-0.0173,3,0.9424,0.0004,0
10,0.6618,1,0.0091,5,0.7219,0.0,1
1,1.0912,-1,-0.0323,6,0.947,0.0,0
4,0.9372,1,0.0715,5,0.9032,0.0,0
3,1.0625,1,0.0541,6,0.8488,0.0,0
3,1.0587,1,-0.0072,5,0.9757,0.0267,0
2,0.9756,0,-0.0134,5,0.8754,0.0,0
1,0.8415,-1,-0.0913,3,0.8924,0.0,0
1,1.1842,0,0.0794,4,0.9259,0.0,0
1,0.9411,0,0.0245,3,0.9756,0.0,0
1,1.057,1,0.0,0,1.057,0.0,0
2,1.2037,-2,0.1609,5,0.9757,0.0389,0
6,0.9772,4,0.0136,1,0.947,0.0002,0
2,0.9962,0,-0.027,3,0.8415,0.0,0
1,0.8852,1,0.0,3,0.3979,0.0,0
7,0.5847,3,0.2181,24,0.0607,0.0441,1
3,0.9728,0,-0.0167,6,0.9303,0.0003,0
3,1.0628,1,0.0228,3,0.9104,0.0,0
3,1.0546,1,0.0631,1,0.8415,0.0,0
6,0.8585,1,0.0426,4,0.6466,0.0,1
3,0.3582,0,-0.0582,17,0.3765,0.0,0
1,1.2511,1,0.0,0,1.2511,0.0,0
1,0.971,-2,0.0126,6,0.6466,0.0,0
1,1.0312,0,-0.0043,1,1.0355,0.0,0
1,1.0094,0,-0.2069,5,0.4425,0.0,0
1,0.965,1,0.0,5,0.6252,0.0,0
1,0.9533,1,0.0,5,1.1345,0.0,0
5,0.6252,2,-0.0641,17,0.3582,0.0,1
1,0.9972,-2,-0.1323,5,0.9372,0.0,0
2,1.0877,-1,-0.0089,5,0.445,0.0,0
3,1.0734,0,-0.0011,3,0.9104,0.0,0
1,1.0012,1,0.0,2,1.0987,0.0,0
2,1.0703,2,0.0,4,0.9259,0.0,0
3,0.9899,1,0.0464,4,0.7455,0.0,0
1,1.172,0,0.0,2,0.947,0.0,0
2,1.2137,-1,-0.041,1,1.1519,0.0,0
1,1.2286,0,0.0,1,1.0355,0.0,0
1,1.0224,0,0.0006,2,0.9789,0.0,0
1,1.2925,0,0.0,2,1.2137,0.0,0
2,1.0213,0,0.0027,5,0.957,0.0,0
2,0.445,0,0.0063,17,0.3765,0.0,0
1,0.8924,-2,-0.1441,4,0.6765,0.0,0
1,0.9789,-2,-0.0617,5,0.957,0.0,0
1,0.9424,0,-0.146,3,0.8905,0.0,0
1,1.0355,1,0.0,1,1.0312,0.0,0
1,1.3934,1,0.0,1,1.3667,0.0,0
1,1.1319,0,-0.0933,7,0.7933,0.0,0
26,0.0644,1,0.0009,24,0.0607,0.0053,2
6,0.6123,-1,0.0276,24,0.0607,0.0329,1
7,0.5486,2,-0.0766,16,0.3966,0.0,1
11,0.2155,0,-0.1456,26,0.0607,0.0,2
2,0.9445,0,-0.0311,5,0.8802,0.0,0
24,0.0607,0,-0.0,26,0.0644,0.0,2
3,1.1344,0,0.0921,3,0.8417,0.0001,0
2,1.1259,-1,0.0631,3,0.94,0.0,0
3,1.1,0,-0.0012,2,0.8177,0.0,0
3,1.2254,2,0.0735,1,1.1216,0.0,0
7,0.8897,3,-0.0475,3,1.0723,0.0001,1
6,0.9352,0,0.0049,3,0.8722,0.105,0
16,0.3966,-1,0.0201,7,0.5486,0.0,2
3,1.0723,-2,0.1691,7,0.8897,0.0,0
4,1.0374,1,0.0475,8,0.6831,0.0,0
1,0.989,-2,-0.0697,4,1.0233,0.0,0
7,0.812,1,-0.0368,6,0.8346,0.0,1
3,0.9765,0,-0.0969,2,0.9658,0.0,0
8,0.3767,-3,-0.0205,26,0.0644,0.0151,2
2,1.1141,-1,0.0595,1,0.8046,0.0,0
5,0.9874,1,0.0615,2,1.0703,0.0378,0
8,0.6656,-2,0.0038,8,0.6471,0.0,1
2,0.7321,-2,-0.0447,6,0.6638,0.0,0
1,1.2511,0,0.0,0,1.2511,0.0,0
4,1.1055,-1,-0.029,3,1.05,0.0,0
7,0.6867,2,0.0332,16,0.3966,0.0,1
5,0.8802,0,0.0048,4,0.6638,0.0,1
2,0.8417,1,-0.1007,5,0.9427,0.0,0
10,0.0864,2,0.0012,26,0.0607,0.0009,2
4,0.6638,0,0.0173,6,0.7321,0.0,1
4,0.931,3,-0.048,3,0.9789,0.0,0
1,1.2287,1,0.0,3,0.9758,0.0,0
4,0.8044,1,-0.0292,8,0.6656,0.0,1
6,0.867,0,0.0085,4,0.6638,0.0,1
5,0.6199,2,0.2617,16,0.3966,0.0,1
1,1.1324,1,0.0,1,1.2287,0.0,0
1,0.9381,1,0.0,2,0.8177,0.0,0
8,0.6831,4,-0.0624,8,0.6349,0.0,1
2,1.0884,1,0.0872,1,0.9495,0.0,0
4,0.2327,1,-0.1652,24,0.0607,0.0005,1
3,0.9758,0,-0.0867,7,0.812,0.0,0
1,0.9807,-1,-0.0406,4,0.931,0.0,0
3,0.8285,-1,0.152,16,0.3966,0.0,0
1,1.0364,0,0.027,7,0.6828,0.0,0
3,0.8247,-2,0.095,8,0.6349,0.0,0
2,1.0535,1,0.1065,5,1.0185,0.1605,0
1,0.6471,-2,-0.0747,8,0.6656,0.0,0
3,1.05,2,0.0967,4,1.1055,0.0,0
6,0.8346,-1,0.0413,7,0.812,0.0,1
3,0.7973,1,-0.0394,5,0.6638,0.0,0
1,0.9427,-2,0.0522,5,0.8417,0.0,0
1,0.8046,1,0.0,7,0.5486,0.0,0
1,1.3934,0,0.0,0,1.3934,0.0,0
2,0.9607,1,0.0756,4,0.2327,0.0001,0
1,1.2925,-1,0.0788,3,1.2254,0.0,0
5,1.0465,2,-0.0819,2,0.8417,0.0,0
1,1.0312,0,0.0,1,1.0355,0.0,0
3,0.9335,2,-0.09,4,0.7712,0.0,0
3,0.8722,0,-0.1006,6,0.9352,0.0812,0
5,1.0185,-1,0.0413,2,1.0046,0.043,0
4,1.0233,-1,0.0476,3,0.9335,0.0337,0
3,0.9974,-2,0.0405,4,0.931,0.0,0
1,1.3667,1,0.0,0,1.3667,0.0,0
4,0.7712,2,0.0005,8,0.6471,0.0,1
1,0.6828,0,0.2403,10,0.0864,0.0,0
2,1.0046,1,-0.1676,5,1.0185,0.0,0
2,0.884,1,-0.0084,3,0.8046,0.0,0
2,1.0592,1,0.0881,6,0.6638,0.0,0
2,1.0282,1,0.0058,4,0.931,0.0,0
2,1.0703,0,0.0,5,0.9874,0.0,0
2,0.94,0,-0.0562,3,0.8177,0.0,0
1,0.8177,0,-0.0238,3,0.8046,0.0,0
1,1.2424,-1,0.0744,6,0.6123,0.0,0
1,0.9495,-1,-0.1492,2,1.0282,0.0,0
1,1.2687,-2,0.1466,7,0.6199,0.0,0
1,1.2286,1,0.0,0,1.2286,0.0,0
1,0.9789,0,-0.1448,4,0.931,0.0,0
1,0.9658,1,0.0,5,0.6638,0.0,0
1,1.0355,0,0.0,1,1.0312,0.0,0
1,0.965,0,0.0,7,0.5486,0.0,0
1,0.6349,1,0.0,8,0.6831,0.0,0
1,0.909,-2,0.0203,4,0.6471,0.0,0
1,1.1336,-1,-0.0702,4,0.9335,0.0,0
1,1.1216,-1,0.0569,3,0.9807,0.0,0
1,1.057,0,0.0,0,1.057,0.0,0
3,1.2254,0,0.0,1,1.2925,0.0,0
16,0.3913,0,-0.0053,6,0.4343,0.0,2
7,0.9504,4,0.0781,1,0.8828,0.0023,0
8,0.8346,4,0.0302,6,0.6296,0.0,1
4,0.2709,0,0.0382,25,0.0604,0.0005,1
1,1.057,1,0.0,0,1.057,0.0,0
25,0.0604,1,-0.0003,26,0.0662,0.0,2
3,1.0213,2,0.0555,4,0.7113,0.0,0
1,0.9166,-1,-0.028,3,0.8854,0.0,0
6,0.4343,-1,-0.1143,16,0.3913,0.0,1
3,1.0662,1,-0.0222,0,1.0662,0.0,0
1,1.1401,-2,0.0678,7,0.9239,0.0,0
1,0.8885,1,0.0,7,0.9193,0.0,0
10,0.6663,2,-0.0167,6,0.7029,0.0,1
7,0.4583,1,-0.154,25,0.0604,0.0208,1
3,1.0675,2,-0.0661,4,0.8755,0.0,0
1,1.1324,0,0.0,2,0.9994,0.0,0
6,0.6884,-1,0.0017,16,0.3913,0.0,1
3,1.1079,3,0.0,4,0.8696,0.0,0
2,0.9348,-3,0.0546,5,0.7113,0.0,0
4,0.6477,-1,0.0278,16,0.3913,0.0,1
3,0.9921,-2,-0.0264,3,0.9788,0.003,0
3,0.9898,1,0.1058,2,0.6902,0.0,0
7,0.2704,-1,-0.1063,26,0.0662,0.0199,1
4,0.9159,-1,-0.1306,3,0.9517,0.0001,0
1,0.4464,1,0.0,16,0.3913,0.0,0
5,0.9181,1,-0.0129,3,0.9485,0.0,0
11,0.09,1,0.0036,26,0.0604,0.0009,2
6,0.7199,-2,0.0543,10,0.6663,0.0,1
3,0.8696,-3,0.035,8,0.8117,0.0001,0
3,1.0164,-1,-0.0069,4,0.9624,0.002,0
2,0.815,1,-0.1501,6,0.4343,0.0,0
26,0.0662,0,0.0018,25,0.0604,0.0054,2
1,0.6902,-2,-0.1383,16,0.3913,0.0,0
3,1.0858,-1,-0.0197,4,0.8885,0.0,0
2,0.9756,1,0.171,6,0.4343,0.0,0
2,0.9517,1,0.009,4,0.9159,0.0,0
3,0.9788,1,-0.0258,3,0.9921,0.0,0
1,0.816,-1,-0.1447,4,0.2709,0.0,0
6,0.7029,2,-0.0683,10,0.6663,0.0,1
2,0.6296,0,-0.1026,8,0.7113,0.0,0
2,0.9505,0,0.0105,3,0.8854,0.0,0
2,0.8755,-2,-0.1619,10,0.6663,0.0,0
1,1.0312,0,-0.0043,1,1.0355,0.0,0
10,0.1598,-1,-0.0557,26,0.0604,0.0,2
8,0.8117,1,-0.0003,3,0.8614,0.0,1
3,1.0821,0,0.0846,5,0.9181,0.0,0
2,1.166,1,-0.1026,6,0.6477,0.0,0
1,0.8668,0,-0.0422,6,0.7029,0.0,0
4,0.9624,1,0.0289,6,0.7029,0.0315,0
5,0.8428,2,0.0455,4,0.6296,0.0,1
1,1.0358,1,0.0,4,1.0137,0.0,0
1,0.9193,1,0.0,7,0.8885,0.0,0
3,0.8541,0,0.0294,10,0.6296,0.0,0
4,1.082,1,0.0321,3,1.0858,0.0,0
1,0.9604,-2,-0.0161,3,0.8854,0.0,0
2,1.0674,0,0.0138,3,0.9921,0.0029,0
1,0.9485,0,-0.0304,5,0.9181,0.0,0
1,1.1883,1,0.0,3,0.9788,0.0,0
1,1.2286,0,0.0,1,1.0355,0.0,0
2,1.0164,-1,-0.0836,3,0.9505,0.0,0
2,0.9994,1,-0.2293,3,0.8614,0.0,0
3,1.054,1,-0.0051,4,0.7113,0.0,0
2,1.0692,2,0.0,2,0.8854,0.0,0
4,1.0137,2,-0.0566,1,0.9395,0.0047,0
3,0.8614,0,-0.1144,8,0.8117,0.0,0
2,0.8997,-4,0.0327,8,0.6296,0.0,0
1,0.8828,1,0.0,7,0.9044,0.0,0
4,0.7113,0,0.0474,5,0.6296,0.0,1
1,1.3934,1,0.0,1,1.3667,0.0,0
7,0.9239,0,0.0341,1,0.8885,0.0001,0
1,1.1093,-1,0.2676,4,0.9159,0.0,0
1,1.1911,-2,0.0567,7,0.9504,0.0,0
1,1.0355,1,0.0,1,1.0312,0.0,0
1,0.7366,0,0.0895,6,0.7029,0.0,0
1,1.2925,0,0.0,3,1.2254,0.0,0
3,1.0108,1,-0.0173,5,0.9181,0.0,0
1,0.9044,-5,-0.0308,7,0.8828,0.0,0
1,0.9395,-4,-0.0479,4,1.0137,0.0,0
1,1.2287,1,0.0,3,0.8614,0.0,0
1,0.9472,0,0.2644,11,0.09,0.0,0
1,1.2511,1,0.0,0,1.2511,0.0,0
1,1.1048,1,0.0,4,1.0137,0.0,0
1,1.053,0,0.0639,3,1.0164,0.0,0
3,1.0228,2,0.0848,2,0.9505,0.0,0
1,1.2764,0,0.24,6,0.6884,0.0,0
1,0.8854,-1,-0.2405,3,0.9166,0.0,0
1,1.3667,0,0.0,1,1.3934,0.0,0
2,1.0987,-1,0.0325,1,1.0012,0.0,0
11,0.0587,0,-0.0313,26,0.0604,0.0006,2
10,0.1396,0,-0.0202,26,0.0604,0.0,2
5,0.9718,0,0.0537,3,0.9946,0.0,0
17,0.407,1,0.0156,5,0.4215,0.0,2
7,0.9229,0,-0.0275,3,1.0033,0.0191,0
3,0.8015,-3,0.1131,17,0.407,0.0,0
5,0.9908,1,-0.0229,1,1.0358,0.0046,0
2,1.2198,2,0.0,1,1.0924,0.0,0
26,0.0673,0,0.0011,25,0.0587,0.0055,2
7,0.3543,0,-0.104,25,0.0604,0.0048,1
3,1.0308,0,0.0079,1,0.8415,0.0,0
5,1.1007,1,0.0187,1,0.9698,0.0,0
5,0.8086,0,-0.0342,5,0.6736,0.0,1
2,0.9057,0,0.0302,10,0.61,0.0,0
25,0.0604,0,0.0,26,0.0587,0.0,2
5,0.7203,3,0.0907,7,0.6736,0.0,1
4,0.3178,0,0.0469,25,0.0604,0.0015,1
9,0.8324,1,0.0206,5,0.8464,0.0,1
1,1.057,0,0.0,0,1.057,0.0,0
2,0.9636,1,-0.1764,6,0.9349,0.0,0
2,0.9752,0,0.0755,7,0.6736,0.0,0
1,0.9166,0,0.0,3,0.9488,0.0,0
3,1.0174,0,0.0276,3,0.55,0.0,0
3,0.9001,-1,-0.0158,4,1.0125,0.0001,0
2,0.9833,2,0.0,5,0.4215,0.0,0
2,0.9488,0,0.014,5,0.6736,0.0,0
3,1.0423,0,0.0209,2,0.6736,0.0,0
1,1.0355,0,0.0,1,1.0312,0.0,0
3,1.1104,1,0.0411,2,0.8415,0.0,0
2,0.4635,1,0.0171,17,0.407,0.0,0
3,0.9713,2,0.0828,6,0.8171,0.0,0
1,1.0358,0,0.0,5,0.9908,0.0,0
7,0.8328,-1,-0.0018,5,0.7203,0.0,1
1,1.0012,1,0.0,10,0.1396,0.0,0
1,0.9625,0,0.1465,4,0.3178,0.0,0
2,1.0131,1,-0.0962,3,0.9001,0.0049,0
1,0.9355,-3,-0.0269,5,0.61,0.0,0
5,0.8464,2,-0.015,9,0.8324,0.0,1
5,0.4215,-1,-0.0128,17,0.407,0.0,1
6,0.2118,-1,-0.0586,26,0.0673,0.0113,1
3,1.0098,0,-0.0066,3,0.9355,0.028,0
5,0.8167,2,-0.0374,10,0.6567,0.0,1
2,0.8436,0,-0.132,5,0.4215,0.0,0
3,0.55,2,-0.1402,17,0.407,0.0,0
3,0.9548,0,-0.024,3,0.9636,0.0001,0
1,0.9354,0,-0.025,3,0.9932,0.0,0
6,0.9349,-1,0.011,3,0.8171,0.0,0
5,0.61,-1,-0.0929,10,0.6567,0.0,1
10,0.6567,0,-0.0096,5,0.61,0.0,1
2,0.8091,1,-0.1381,11,0.0587,0.0,0
2,0.7905,0,-0.0245,5,0.4215,0.0,0
2,1.0381,-1,-0.016,3,0.6736,0.0,0
2,0.9932,1,0.1079,3,0.8415,0.0,0
3,1.0169,0,0.006,5,0.9718,0.0,0
1,1.1883,0,0.0,3,0.9548,0.0,0
2,0.9946,1,0.0461,5,0.9718,0.0,0
2,1.1892,1,0.1362,3,1.0098,0.0019,0
1,1.3934,0,0.0,0,1.3934,0.0,0
3,0.5901,-1,-0.0576,17,0.407,0.0,0
1,0.9698,-2,-0.116,5,0.8171,0.0,0
1,1.1921,-1,0.1927,5,0.8464,0.0,0
1,0.7558,0,0.0192,5,0.61,0.0,0
1,1.2286,1,0.0,0,1.2286,0.0,0
3,1.0033,2,-0.1879,7,0.9229,0.0053,0
1,1.0125,-1,0.0608,3,0.9001,0.0,0
4,1.0816,1,-0.0262,3,0.9001,0.0,0
4,0.814,3,-0.0528,5,0.61,0.0,1
3,1.0517,0,0.0596,3,0.9548,0.003,0
1,1.1291,1,0.0,6,0.2118,0.0,0
1,1.1048,0,0.0,5,0.9908,0.0,0
4,0.7489,-2,0.029,10,0.61,0.0,1
1,0.8415,-1,-0.109,3,0.9401,0.0,0
1,1.1552,-2,-0.0702,2,1.2198,0.0,0
3,1.0873,0,0.0198,3,0.9057,0.0,0
1,1.0785,1,0.0,3,1.0169,0.0,0
1,1.2925,0,0.0,1,1.1552,0.0,0
1,1.2615,0,0.1291,1,0.8793,0.0,0
1,1.1324,1,0.0,7,0.3543,0.0,0
1,1.2764,1,0.0,3,0.4635,0.0,0
1,0.8793,0,-0.3493,5,0.8464,0.0,0
1,1.1095,1,0.0,3,0.7905,0.0,0
1,1.0312,0,0.0,1,1.0355,0.0,0
1,0.6736,-3,-0.0377,5,0.7203,0.0,0
1,0.8171,0,-0.1021,6,0.9349,0.0,0
1,1.3667,1,0.0,0,1.3667,0.0,0
1,1.2511,0,0.0,0,1.2511,0.0,0
1,1.0924,-2,0.0103,5,0.9718,0.0,0
1,0.9401,-1,-0.0763,3,0.8415,0.0,0
15,0.0584,4,-0.0003,24,0.0603,0.0001,2
24,0.0603,-1,-0.0001,21,0.0584,0.0,2
7,0.8302,-2,-0.0022,5,0.804,0.0321,1
4,1.0333,1,-0.054,4,0.7842,0.0242,0
5,0.9553,2,-0.0616,3,1.0051,0.0,0
2,1.0674,-1,0.0157,4,0.9612,0.0001,0
4,0.9337,1,0.0336,3,1.0125,0.0648,0
3,0.9939,1,-0.0441,2,0.9445,0.0,0
4,0.7615,0,0.0127,10,0.647,0.0,1
6,0.7465,-4,0.0898,10,0.647,0.0,1
3,1.0287,2,0.0886,3,0.794,0.0,0
7,0.213,0,-0.1413,24,0.0603,0.001,1
3,1.0893,2,0.0108,5,0.9495,0.0,0
21,0.064,-5,-0.0033,24,0.0584,0.0442,2
5,0.804,5,0.0,7,0.8302,0.0065,1
2,0.9093,-1,-0.0939,4,0.9029,0.014,0
4,0.9446,1,-0.0652,4,0.9583,0.0237,0
3,1.0757,2,-0.1164,5,0.804,0.0561,0
21,0.4093,4,0.0023,7,0.4599,0.0,2
5,0.9021,4,0.0849,3,0.8658,0.0534,0
1,0.871,1,0.0,8,0.7249,0.0,0
2,0.9445,0,-0.0043,3,0.7983,0.0,0
10,0.647,5,0.037,6,0.7169,0.0,1
3,1.2254,1,0.0056,1,1.2925,0.0,0
8,0.7249,3,0.0046,6,0.7315,0.0,1
3,1.0603,3,0.0,7,0.1512,0.0015,0
6,0.8731,-1,0.0403,8,0.7249,0.0,1
3,0.4599,0,-0.0901,21,0.4093,0.0,0
7,0.566,2,0.1445,21,0.4093,0.0,1
1,0.0638,1,0.0,24,0.0584,0.0,0
4,0.8121,0,-0.0019,10,0.647,0.0,1
3,0.9029,-4,-0.0199,4,0.9093,0.0188,0
10,0.0616,0,-0.078,24,0.0603,0.0,2
1,0.794,0,-0.0475,3,0.9422,0.0,0
3,0.9929,2,-0.0429,2,0.9395,0.0373,0
3,0.7983,-2,-0.0103,8,0.7249,0.0,0
1,1.3934,1,0.0,1,1.3667,0.0,0
4,1.1358,-1,0.035,3,0.9708,0.0214,0
4,0.9566,4,0.0,3,0.9029,0.0027,0
2,1.1641,2,0.0,7,0.8302,0.0001,0
3,0.9708,2,0.0009,5,0.9021,0.0022,0
2,1.0051,0,0.0105,5,0.9553,0.0,0
1,1.0193,1,0.0,2,0.7114,0.0,0
7,0.1512,1,-0.0605,21,0.064,0.0036,1
2,0.7315,-3,-0.0853,8,0.7249,0.0,0
2,0.9814,0,-0.0118,3,0.794,0.0,0
3,0.8092,1,-0.0345,7,0.4599,0.0,0
4,0.3712,0,0.0534,24,0.0603,0.0003,1
1,1.2286,0,0.0,1,1.0355,0.0,0
2,1.0216,-3,0.0498,5,0.9553,0.0,0
3,1.0475,1,0.0839,4,0.8658,0.0545,0
1,1.0017,1,0.0,1,1.057,0.0,0
1,1.1324,0,0.0,7,0.213,0.0,0
1,1.1053,-2,0.063,3,0.9445,0.0,0
2,0.9381,-1,-0.0793,3,0.4599,0.0,0
2,0.9954,1,0.3218,8,0.7249,0.0,0
4,0.9612,1,0.0063,3,1.0475,0.019,0
2,1.1252,1,-0.1363,3,1.0757,0.0226,0
3,0.7842,1,-0.1215,10,0.647,0.0,0
2,0.7114,-1,0.1212,21,0.4093,0.0,0
1,1.0355,1,0.0,1,1.2286,0.0,0
3,1.036,-1,-0.0456,4,0.9337,0.0441,0
3,1.1104,0,0.0,3,0.794,0.0,0
2,0.9422,-1,-0.0886,1,0.794,0.0,0
1,1.2925,0,0.1374,3,1.2254,0.0,0
1,1.1401,1,0.0,5,0.8658,0.0,0
1,1.0358,1,0.0,2,0.0638,0.0,0
1,0.9395,1,0.0,3,0.9929,0.0,0
1,1.0579,1,0.0,3,0.794,0.0,0
1,1.3667,1,0.0,1,1.3934,0.0,0
1,1.0312,0,0.0,0,1.0312,0.0,0
1,1.2511,1,0.0,0,1.2511,0.0,0
1,1.1958,1,0.0,3,0.9929,0.0,0
2,0.9567,-1,0.1551,21,0.4093,0.0,0
1,1.1542,-1,0.3451,15,0.0584,0.0,0
2,1.0884,1,0.0872,10,0.0616,0.0,0
1,0.7169,0,-0.039,10,0.647,0.0,0
1,1.1095,0,0.0,3,0.8092,0.0,0
1,0.9583,0,0.0229,10,0.647,0.0,0
2,0.9445,0,-0.0307,8,0.7249,0.0,0
1,1.057,0,0.0,1,1.0017,0.0,0
2,1.0392,-3,0.0485,3,0.9395,0.0066,0
1,0.8658,-5,-0.0691,5,0.9021,0.0,0
1,1.2892,-1,0.2762,4,0.9093,0.0,0
1,1.0125,0,0.0,4,0.9093,0.0,0
1,1.1033,-1,-0.0859,4,0.9446,0.0,0
1,1.1532,1,0.0,2,0.794,0.0,0
1,0.9495,-1,-0.1492,3,1.0884,0.0,0
4,0.9839,1,-0.0089,2,0.915,0.0015,0
22,0.0601,-2,-0.0002,20,0.0583,0.0,2
2,1.2605,2,0.0,1,0.9756,0.0,0
10,0.8369,5,0.0328,4,0.911,0.0001,1
1,1.2511,0,0.0,0,1.2511,0.0,0
5,1.0126,2,-0.0349,4,0.9891,0.0058,0
10,0.0616,0,0.0,22,0.0601,0.0,2
4,0.7229,-2,-0.0236,10,0.6362,0.0,1
7,0.7241,-1,-0.0008,4,0.7616,0.0,1
2,1.0699,1,0.1116,10,0.6362,0.0288,0
2,1.0563,-1,0.0276,2,0.998,0.0,0
7,0.9749,2,0.0197,2,0.9756,0.0,0
20,0.0631,-1,-0.0009,22,0.0583,0.0356,2
18,0.4105,-3,0.0012,7,0.4214,0.0,2
1,1.1383,-1,0.1961,3,0.9265,0.0,0
3,1.0046,2,-0.1486,2,0.9209,0.0,0
7,0.4214,4,-0.0385,18,0.4105,0.0,1
8,0.8269,4,0.0653,10,0.6362,0.0,1
3,0.0626,2,-0.0012,22,0.0583,0.0,0
7,0.1528,0,-0.0602,22,0.0601,0.0039,1
7,0.9448,3,0.0003,2,0.9305,0.0504,0
2,1.0434,0,0.1053,7,0.4214,0.0,0
4,1.0123,2,0.0678,7,0.7241,0.0,0
16,0.0583,1,-0.0001,22,0.0601,0.0007,2
1,1.3667,1,0.0,0,1.3667,0.0,0
10,0.6362,0,-0.0108,8,0.6849,0.0,1
2,0.7453,-1,-0.0639,7,0.4214,0.0,0
4,0.911,1,-0.1647,10,0.8369,0.0003,0
1,0.9575,-1,0.0482,5,0.8889,0.0,0
6,1.1211,3,0.0608,7,0.1068,0.0474,0
1,0.9354,-2,-0.0586,4,0.8854,0.0,0
5,1.0238,1,0.0901,3,0.8882,0.0201,0
1,1.2615,1,0.0,2,1.0523,0.0,0
1,1.0892,1,0.0,6,0.5569,0.0,0
4,0.9891,0,0.028,5,1.0126,0.0214,0
6,0.869,1,-0.0331,3,0.954,0.0001,1
2,0.9265,1,-0.1829,2,0.7453,0.0,0
5,0.9503,1,-0.0062,2,0.8889,0.0,0
2,1.1196,0,-0.0056,4,0.911,0.0001,0
2,0.9057,-1,0.0028,5,0.9503,0.0,0
3,1.0219,1,0.0264,7,0.7241,0.0,0
1,1.0358,1,0.0,1,0.8043,0.0,0
2,0.9974,-2,-0.0359,7,0.7133,0.0385,0
2,1.1639,1,0.1446,1,0.7936,0.0,0
6,0.5569,-1,-0.0091,18,0.4105,0.0,1
1,0.915,0,-0.0245,4,0.9839,0.0,0
1,1.1066,0,0.1571,3,1.0351,0.0,0
1,1.1192,1,0.0,3,0.8882,0.0,0
4,0.7133,1,-0.0709,10,0.6362,0.0,1
3,0.3476,-1,-0.0236,22,0.0601,0.0011,0
1,0.9305,1,0.0,7,0.7244,0.0,0
3,0.7244,-1,-0.0877,10,0.6362,0.0,0
1,1.057,1,0.0,0,1.057,0.0,0
2,0.998,-1,-0.1124,2,0.9209,0.0,0
1,0.9756,-1,-0.046,7,0.9749,0.0,0
2,0.9209,0,-0.0605,3,0.8854,0.0,0
4,0.8358,1,0.0374,7,0.7241,0.0,1
3,0.8882,0,-0.1478,5,1.0238,0.0098,0
1,1.2286,1,0.0,0,1.2286,0.0,0
2,1.083,2,0.0,2,0.8854,0.0,0
1,0.8921,-1,-0.0525,4,0.8358,0.0,0
2,1.0351,-1,-0.0542,7,0.9749,0.0,0
1,0.8889,0,-0.1236,5,0.9503,0.0,0
3,0.7616,-3,-0.1114,8,0.7241,0.0,0
1,0.6849,0,-0.0319,10,0.6362,0.0,0
1,1.0355,0,0.0,1,1.0312,0.0,0
1,1.0056,-1,0.0489,18,0.4105,0.0,0
7,0.1068,0,-0.0444,20,0.0631,0.0004,1
1,1.2925,0,0.0,1,1.1552,0.0,0
3,0.954,0,-0.0167,6,0.869,0.0001,0
1,0.8043,1,0.0,3,0.0626,0.0,0
1,1.0895,0,0.0317,2,0.7453,0.0,0
1,0.8854,0,-0.2199,3,0.8921,0.0,0
1,1.1018,1,0.0,0,1.1018,0.0,0
1,1.1552,-2,-0.0702,2,1.2605,0.0,0
2,1.0855,1,-0.1103,4,0.9839,0.0451,0
1,1.0092,-1,0.0041,7,0.9749,0.0,0
2,1.1803,0,0.0162,3,0.8882,0.0,0
3,1.0421,1,-0.0463,10,0.0616,0.0,0
1,0.7936,-1,0.0822,18,0.4105,0.0,0
1,1.0312,1,0.0,1,1.0355,0.0,0
1,1.0435,0,-0.0966,6,0.869,0.0,0
2,0.8098,1,-0.0612,7,0.7241,0.0,0
1,0.9972,-3,-0.1385,6,0.954,0.0,0
1,1.3934,0,0.0,0,1.3934,0.0,0
1,1.0523,0,-0.0801,7,0.1528,0.0,0
1,1.0017,0,0.0,0,1.0017,0.0,0
8,0.6489,-2,0.0127,9,0.6569,0.0,1
3,0.7496,-1,0.0267,9,0.6489,0.0,0
17,0.0583,1,-0.0001,21,0.0587,0.0007,2
2,0.9662,-2,-0.0461,4,0.6751,0.0,0
2,0.8346,1,0.0303,4,0.0622,0.0004,0
4,0.9229,1,0.0347,4,1.0644,0.0002,0
20,0.0587,0,-0.0044,21,0.0583,0.0379,2
2,0.972,2,0.0,6,0.0687,0.0004,0
6,0.136,-1,-0.0168,21,0.0601,0.0003,1
3,1.0143,1,-0.0208,7,0.9624,0.0,0
3,1.1003,1,0.0173,2,0.8686,0.0,0
3,0.7503,0,0.026,8,0.6489,0.0,0
21,0.0601,-1,-0.0,20,0.0583,0.0,2
5,0.9874,1,0.0034,2,1.0855,0.0009,0
3,1.0226,0,0.0179,1,0.889,0.0,0
6,0.9823,1,-0.0303,2,0.9919,0.0006,0
6,0.9379,1,-0.0124,2,0.9071,0.0,0
5,0.4742,-1,-0.0827,15,0.4106,0.0,1
6,0.0687,-1,-0.0381,20,0.0587,0.0004,1
4,1.0644,-1,0.0406,4,0.9093,0.001,0
6,0.8239,2,-0.0871,7,0.8396,0.0002,1
4,0.6751,-3,-0.049,4,0.7488,0.0,1
9,0.8375,1,0.0106,8,0.6489,0.0,1
1,1.3084,-1,0.1446,2,0.8795,0.0,0
4,1.0653,2,0.009,2,0.8686,0.0,0
2,0.8536,-2,0.0178,4,0.6751,0.0,0
12,0.2327,2,0.1711,21,0.0587,0.0,2
15,0.4425,-3,0.032,10,0.4106,0.0,2
7,0.9624,0,-0.0126,3,1.0143,0.0,0
7,0.9399,0,-0.005,3,0.8123,0.0351,0
2,0.9919,-2,0.0028,6,0.9823,0.0002,0
10,0.4106,3,-0.0108,15,0.4425,0.0,2
3,1.0232,0,0.0014,4,0.6751,0.0,0
5,1.0936,-1,-0.0275,6,0.0687,0.0214,0
1,1.1192,-1,-0.0612,4,0.9229,0.0,0
2,0.8985,2,0.0,5,0.4742,0.0,0
1,1.0017,1,0.0,1,1.057,0.0,0
6,0.9251,0,0.0562,4,0.9312,0.0022,0
2,0.8098,2,0.0,9,0.6751,0.0,0
4,0.0622,1,-0.0005,21,0.0583,0.0,1
4,0.7488,1,-0.0129,9,0.6751,0.0,1
3,0.8123,1,-0.2576,8,0.6489,0.0343,0
7,0.6997,3,-0.0135,8,0.6489,0.0,1
4,0.9312,1,-0.0228,6,0.9251,0.0,0
2,1.0717,1,-0.0349,3,0.9495,0.0,0
3,1.1053,1,-0.0142,6,0.8239,0.0002,0
1,0.9495,-2,-0.0926,12,0.2327,0.0,0
1,1.1018,1,0.0,1,1.3423,0.0,0
2,1.0855,0,0.0,5,0.9874,0.0021,0
1,0.9071,-1,0.0013,6,0.9379,0.0,0
1,1.2511,1,0.0,0,1.2511,0.0,0
7,0.8396,-3,0.0027,6,0.8239,0.0002,1
2,0.9829,1,-0.1066,4,0.5418,0.0,0
1,1.0358,0,0.0302,15,0.4425,0.0,0
2,0.9695,1,0.0842,3,0.889,0.0,0
1,1.2615,0,0.0,3,0.8921,0.0,0
1,0.9411,0,0.049,3,0.8536,0.0,0
1,1.0312,0,0.0,1,1.0355,0.0,0
1,0.6569,0,-0.0281,9,0.6489,0.0,0
1,1.0355,0,0.0,1,1.0312,0.0,0
2,0.9388,0,0.0122,2,0.5418,0.0,0
1,1.3423,0,0.2405,1,1.1018,0.0,0
2,0.9093,1,0.0204,6,0.9379,0.0001,0
1,0.9104,0,-0.025,3,0.9662,0.0,0
1,1.057,0,0.0,1,1.0017,0.0,0
2,0.8795,1,0.0859,15,0.4425,0.0,0
2,1.2121,2,0.0,1,1.1552,0.0,0
1,1.2925,0,0.1374,2,1.1552,0.0,0
2,0.5418,0,-0.2034,10,0.4106,0.0,0
3,0.186,0,-0.1616,21,0.0601,0.0001,0
3,0.8286,1,0.0188,4,0.6751,0.0,0
2,1.0257,0,0.0283,7,0.6997,0.0003,0
1,1.2286,0,0.0,0,1.2286,0.0,0
1,1.1383,0,0.0,3,0.9388,0.0,0
2,1.1803,2,0.0,7,0.8396,0.0,0
1,1.004,0,-0.0395,6,0.9251,0.0,0
1,0.8921,1,0.0,6,0.136,0.0,0
1,1.3667,1,0.0,1,1.3934,0.0,0
1,0.8686,-1,-0.1295,4,0.889,0.0,0
1,0.9584,0,0.0279,7,0.7503,0.0,0
1,0.889,-1,-0.0319,3,0.8686,0.0,0
1,1.3934,1,0.0,1,1.3667,0.0,0
1,1.1552,-1,-0.1054,2,1.2121,0.0,0
1,1.1832,1,0.0,2,0.8652,0.0,0
12,0.1679,0,-0.0648,21,0.0583,0.0,2
1,1.2511,0,0.0,0,1.2511,0.0,0
2,1.0042,0,0.0123,4,0.9682,0.0002,0
2,0.6376,0,0.0958,11,0.3802,0.0,0
6,0.0648,0,-0.0039,20,0.0583,0.0004,1
4,0.7116,1,-0.038,6,0.5968,0.0,1
7,0.9383,5,0.029,2,0.93,0.0026,0
5,0.7896,1,0.1146,6,0.6758,0.0,1
6,0.1163,0,-0.0197,21,0.0601,0.0003,1
20,0.0583,0,-0.0004,21,0.0583,0.0361,2
1,1.1552,-1,-0.0569,2,1.2605,0.0,0
17,0.0583,0,0.0,21,0.0583,0.0008,2
5,1.0134,2,-0.001,4,0.9417,0.0,0
2,1.0728,-3,-0.0208,6,0.0648,0.0176,0
12,0.4675,-3,0.025,11,0.3802,0.0,2
4,0.9417,-3,-0.0206,5,1.0134,0.0,0
5,0.9091,3,-0.0629,6,0.0648,0.0111,0
21,0.0601,0,0.0,20,0.0583,0.0,2
5,0.948,-2,0.0081,6,0.6817,0.0468,0
5,0.8693,1,-0.062,3,0.9431,0.0028,1
2,1.0932,1,0.2011,6,0.1163,0.0004,0
7,0.4122,2,-0.062,12,0.3802,0.0,1
2,0.9169,-3,-0.0705,3,1.0218,0.0027,0
6,0.7625,4,-0.0473,5,0.6758,0.0,1
3,0.9567,1,-0.0095,5,0.7653,0.0,0
3,0.8074,0,0.057,6,0.5968,0.0,0
11,0.3802,1,-0.0304,12,0.4122,0.0,2
1,0.716,1,0.0,11,0.3802,0.0,0
3,1.0218,1,-0.0637,2,0.9169,0.0009,0
4,0.0622,0,0.0,21,0.0583,0.0,1
6,0.7135,-1,0.0138,6,0.5968,0.0,1
2,1.0434,-2,-0.0219,3,0.716,0.0,0
2,1.2605,2,0.0,4,0.9417,0.0,0
6,0.6817,3,-0.1306,6,0.5968,0.02,1
2,1.0997,2,0.0,3,1.0042,0.0082,0
7,0.8029,0,-0.0367,6,0.8239,0.0015,1
3,0.7653,-1,0.0165,6,0.7625,0.0,0
1,0.9258,1,0.0,5,0.948,0.0,0
3,1.081,1,0.0093,5,0.9495,0.0,0
1,1.1985,-2,0.0932,6,0.8239,0.0,0
1,1.3084,0,0.0,1,1.0193,0.0,0
6,0.8239,0,0.0,7,0.8029,0.0021,1
1,1.0312,0,0.0,0,1.0312,0.0,0
2,0.9293,0,0.0757,5,0.6758,0.0,0
1,1.1695,-2,0.1463,5,0.7896,0.0,0
6,0.5968,-2,-0.0522,6,0.6817,0.0,1
1,1.0193,-1,0.1398,12,0.4122,0.0,0
2,1.0666,-1,-0.0337,3,0.8652,0.0,0
2,1.2221,1,0.1202,0,1.2221,0.0014,0
2,0.6758,-1,-0.1527,6,0.7625,0.0,0
2,0.9303,-1,-0.0922,1,0.8652,0.0,0
4,0.9682,-2,-0.014,3,1.0042,0.0004,0
1,1.3368,1,0.0,0,1.3368,0.0,0
2,1.0313,-4,0.1061,5,0.8693,0.0039,0
2,0.9132,0,0.0147,7,0.4122,0.0,0
1,1.0358,0,0.0,12,0.4675,0.0,0
1,0.8652,0,-0.0238,3,0.9303,0.0,0
3,0.186,0,0.0,21,0.0601,0.0007,0
1,1.057,0,0.0,1,1.0017,0.0,0
2,1.0879,-2,0.0235,7,0.9383,0.0011,0
3,1.1696,1,-0.0107,7,0.8029,0.0021,0
1,0.9288,-1,-0.0542,2,0.6376,0.0,0
1,1.3934,0,0.0,0,1.3934,0.0,0
1,1.2925,0,0.0,1,1.1552,0.0,0
3,1.02,2,0.1514,2,0.8652,0.0,0
1,1.3667,1,0.0,2,0.9169,0.0,0
1,1.1676,0,0.2266,2,0.9293,0.0,0
5,0.8072,-4,-0.0303,6,0.5968,0.0,1
2,0.9664,2,0.0,4,0.9464,0.0,0
2,0.9143,0,-0.0245,2,0.6376,0.0,0
2,0.9021,1,0.2452,6,0.5968,0.0,0
2,0.9695,0,0.0,2,0.8652,0.0,0
4,0.9464,0,0.0235,2,0.9664,0.0017,0
1,1.0355,1,0.0,0,1.0355,0.0,0
3,1.017,2,0.013,4,0.9682,0.0007,0
2,1.1978,1,-0.0637,2,1.0932,0.0005,0
1,1.1212,1,0.0,3,0.8652,0.0,0
2,0.93,-4,-0.008,7,0.9383,0.0,0
3,0.9431,3,0.0,5,0.8693,0.0001,0
1,1.2286,1,0.0,0,1.2286,0.0,0
2,0.8403,0,-0.1853,6,0.6817,0.0325,0
1,0.8513,-1,0.0167,4,0.0622,0.0,0
1,1.0017,0,0.0,1,1.057,0.0,0
1,1.1095,0,-0.0289,2,0.9143,0.0,0
1,1.2474,1,0.0,4,0.0622,0.0,0
1,0.9495,0,0.0,12,0.1679,0.0,0
4,0.6904,-2,-0.0231,9,0.6345,0.0,1
15,0.3719,4,-0.0082,7,0.3537,0.0,2
2,1.1158,1,0.0965,7,0.3537,0.0,0
5,0.3537,-2,-0.0585,15,0.3719,0.0,1
23,0.0606,2,0.0005,21,0.058,0.0,2
17,0.0583,0,-0.0,23,0.058,0.0008,2
8,0.9667,3,-0.0467,2,1.034,0.0,0
6,0.9379,-1,-0.0004,2,0.9313,0.0016,0
21,0.058,1,-0.0002,23,0.0583,0.0363,2
6,0.9021,1,-0.007,5,0.0601,0.0013,0
1,0.9354,-2,-0.0214,5,0.8651,0.0,0
9,0.6345,3,0.0377,7,0.656,0.0,1
1,1.3368,1,0.0,0,1.3368,0.0,0
4,0.9495,-1,0.1598,7,0.715,0.0,0
2,0.94,0,0.0379,9,0.6345,0.0,0
7,0.656,1,-0.0256,9,0.6345,0.0262,1
3,1.1782,1,-0.0197,1,0.812,0.0027,0
7,0.464,-5,-0.0034,15,0.3537,0.0,1
2,0.9804,2,0.0,5,0.8425,0.0,0
7,0.715,1,-0.0475,5,0.7044,0.0,1
3,0.7512,-2,-0.056,9,0.6345,0.0,0
5,0.0948,-1,-0.0215,23,0.0606,0.0002,1
3,1.1205,2,-0.0471,2,0.8186,0.0,0
5,1.029,2,0.012,3,0.9909,0.0001,0
11,0.2133,-1,0.0454,23,0.058,0.0,2
3,1.0021,0,0.059,7,0.9381,0.0,0
5,1.0301,1,0.0836,2,0.8425,0.004,0
2,0.9962,1,-0.1734,4,0.8186,0.0,0
7,0.9381,2,0.0688,3,1.0021,0.0001,0
5,0.8651,2,0.0998,7,0.715,0.0,1
2,1.2221,0,0.0,0,1.2221,0.0,0
4,1.0064,1,-0.0136,1,1.1212,0.0,0
5,0.8922,-2,0.0893,9,0.8299,0.0001,1
1,1.0017,0,0.0,0,1.0017,0.0,0
2,0.9371,0,-0.1508,6,0.9379,0.0029,0
2,0.756,-1,-0.0514,9,0.6345,0.0,0
3,0.7394,1,0.0635,7,0.715,0.0,0
1,1.0217,0,-0.1768,9,0.8299,0.0,0
1,1.0312,1,0.0,1,1.0355,0.0,0
1,1.1383,-1,0.208,3,0.9513,0.0,0
1,0.889,-1,-0.0805,3,0.9962,0.0,0
3,1.0046,2,-0.1786,1,0.889,0.0,0
4,0.0622,0,0.0,23,0.0583,0.0,1
9,0.8299,3,0.006,5,0.8922,0.0011,1
2,0.7044,-2,-0.0071,9,0.6345,0.0,0
1,1.1677,0,0.2419,5,0.8951,0.0,0
5,0.0601,-1,-0.0047,21,0.058,0.0004,1
1,1.2925,0,0.1374,2,1.1568,0.0,0
4,0.2208,1,0.0348,23,0.0606,0.0007,1
1,0.8441,1,0.0,7,0.7044,0.0,0
1,0.812,-1,-0.2812,5,0.0948,0.0,0
3,0.7401,1,-0.1003,7,0.656,0.0259,0
1,1.0358,0,0.0,7,0.464,0.0,0
6,0.6588,4,0.0211,15,0.3537,0.0,1
5,0.8951,0,-0.0528,7,0.656,0.0599,1
4,1.0154,1,-0.0064,2,0.915,0.0022,0
1,0.8425,-1,-0.1239,5,0.9804,0.0,0
1,1.2511,1,0.0,0,1.2511,0.0,0
2,1.1006,0,0.0009,4,1.0154,0.0082,0
1,1.1192,-2,-0.0504,5,0.8425,0.0,0
2,0.9513,1,-0.1581,1,0.9288,0.0,0
1,0.9288,0,0.0,6,0.6588,0.0,0
1,0.8186,-1,-0.1108,4,0.7394,0.0,0
1,1.1066,0,0.1571,11,0.2133,0.0,0
1,1.3667,0,0.0,1,0.915,0.0,0
2,1.066,-1,-0.015,8,0.9667,0.0,0
1,0.9313,-1,0.0013,6,0.9379,0.0,0
1,0.7466,0,0.0306,15,0.3719,0.0,0
1,1.0539,0,0.2026,4,0.0622,0.0,0
1,1.057,1,0.0,0,1.057,0.0,0
1,1.034,-3,0.0923,8,0.9667,0.0,0
1,0.9396,-1,0.0264,6,0.3537,0.0,0
1,1.2286,0,0.0,0,1.2286,0.0,0
3,0.9909,-1,0.0227,5,1.029,0.0009,0
1,1.2615,1,0.0,3,0.812,0.0,0
1,0.9424,-1,-0.1304,6,0.0601,0.0,0
1,1.2723,1,0.0,2,1.034,0.0,0
1,1.1829,-1,0.1395,4,0.7466,0.0,0
1,1.3934,1,0.0,1,1.3667,0.0,0
1,1.0355,0,0.0,1,1.0312,0.0,0
1,0.915,-1,-0.0018,4,1.0154,0.0,0
2,1.1568,0,-0.1038,1,1.034,0.0,0
1,1.004,-1,-0.0273,7,0.9381,0.0,0
1,1.1212,0,0.0,4,0.9288,0.0,0
1,1.3424,1,0.0,1,1.0358,0.0,0
1,1.0017,1,0.0,1,1.057,0.0,0
2,0.9941,1,-0.125,3,0.867,0.0,0
2,0.8402,-1,0.1008,9,0.6946,0.0,0
11,0.6042,4,-0.0518,9,0.7009,0.0257,1
9,0.7362,0,0.1016,11,0.6042,0.0,1
21,0.0595,0,0.0015,24,0.0583,0.0363,2
4,0.8833,3,-0.1384,9,0.7794,0.0001,1
17,0.0583,0,0.0,24,0.0595,0.001,2
2,0.958,-1,-0.0441,5,0.9017,0.0,0
1,1.3368,0,0.0,1,1.0254,0.0,0
3,1.0488,-2,0.0187,3,0.867,0.0,0
1,1.2511,0,0.0,0,1.2511,0.0,0
3,0.9115,-1,-0.1039,3,1.0867,0.0002,0
7,0.9508,-1,-0.0158,3,1.0339,0.0,0
9,0.7794,0,-0.0505,4,0.8833,0.0001,1
9,0.2038,-2,-0.0095,24,0.0595,0.0,2
9,0.6946,2,-0.0204,4,0.8239,0.0,1
4,0.3871,-1,0.0335,18,0.3931,0.0,1
5,0.9017,-2,-0.0363,3,0.958,0.0003,0
1,1.2248,0,0.4128,6,0.0936,0.0,0
1,1.1025,0,0.1737,5,0.5304,0.0,0
5,0.5304,-1,-0.1284,18,0.3871,0.0,1
3,0.7034,-1,0.013,11,0.6042,0.0,0
2,1.0411,2,0.0,3,0.889,0.0,0
1,1.1552,-1,-0.0016,2,1.2121,0.0,0
5,0.0612,1,-0.0009,24,0.0583,0.0,1
2,0.9948,2,0.0,5,0.5304,0.0,0
2,1.025,1,-0.0962,3,0.9513,0.0,0
3,1.1362,-2,0.244,9,0.7794,0.0003,0
3,1.0867,1,-0.0139,3,0.9115,0.0005,0
24,0.0609,1,0.0003,21,0.0583,0.0,2
4,0.7328,1,-0.0073,11,0.6042,0.0238,1
5,0.0672,0,0.007,21,0.0595,0.0004,1
1,1.0355,0,0.0,1,1.0312,0.0,0
3,0.9212,-1,-0.0282,9,0.6946,0.0,0
3,1.0553,1,0.0591,3,0.8431,0.0,0
2,0.9303,-1,-0.0743,1,0.889,0.0,0
1,1.2286,1,0.0,0,1.2286,0.0,0
18,0.3931,3,0.0212,5,0.3871,0.0,2
4,0.0936,-1,-0.0013,24,0.0609,0.0001,1
1,1.2159,-1,0.1001,5,0.3871,0.0,0
2,0.9513,0,0.0,2,0.9948,0.0,0
3,1.0507,-1,0.0443,2,1.025,0.0,0
4,0.8251,1,0.0739,9,0.6946,0.0,1
7,0.8392,1,-0.0629,5,0.0672,0.001,1
2,1.0028,-1,0.0119,4,0.9682,0.0,0
2,1.2121,1,0.1781,7,0.9508,0.0,0
2,0.8239,0,0.1195,9,0.6946,0.0,0
1,1.3424,0,0.3066,5,0.5197,0.0,0
3,0.9654,1,0.0283,6,0.9308,0.0,0
4,0.8817,-1,-0.0134,11,0.6042,0.0355,1
4,0.9682,-1,-0.0608,3,1.0028,0.0001,0
5,0.5197,-2,0.0556,18,0.3871,0.0,1
2,1.074,-1,-0.1041,4,0.8833,0.0,0
2,1.0818,-1,-0.0387,3,0.8431,0.0,0
6,0.3537,2,0.1328,24,0.0609,0.0009,1
6,0.9308,0,-0.0072,3,0.9654,0.0015,0
1,1.1832,1,0.0,3,0.889,0.0,0
1,0.9104,0,-0.025,3,0.9212,0.0,0
3,1.0339,1,-0.0321,7,0.9508,0.0,0
2,1.132,1,0.0254,9,0.2038,0.0,0
3,0.9733,2,0.0309,7,0.0672,0.0,0
1,0.8431,0,0.0245,3,0.8402,0.0,0
1,0.867,-1,-0.1134,3,0.9941,0.0,0
2,0.7009,0,-0.0551,11,0.6042,0.0,0
2,0.924,-3,0.059,9,0.6946,0.0,0
1,0.7556,-1,-0.1844,9,0.7009,0.0,0
1,1.2925,0,0.0,1,1.1552,0.0,0
1,1.1654,1,0.0,3,1.0028,0.0,0
2,1.0285,1,0.186,3,0.867,0.0003,0
2,1.2221,2,0.0,0,1.2221,0.0295,0
3,1.0385,2,0.0345,5,0.9017,0.0001,0
1,1.057,0,0.0,1,1.0017,0.0,0
1,0.889,0,0.0,3,0.9303,0.0,0
1,1.0499,0,-0.1178,4,0.8817,0.0,0
1,1.1095,0,-0.0289,2,0.9303,0.0,0
1,1.0312,0,0.0,1,1.0355,0.0,0
1,0.8383,0,0.0917,18,0.3931,0.0,0
1,1.0254,1,0.0,1,1.3368,0.0,0
1,1.2276,1,0.0,5,0.0612,0.0,0
1,0.8991,1,0.0,4,0.3871,0.0,0
1,1.2615,1,0.0,6,0.3537,0.0,0
1,1.3667,0,0.4517,3,0.9115,0.0,0
1,1.3934,0,0.0267,1,1.3667,0.0,0
25,0.061,1,0.0001,20,0.0581,0.0,2
18,0.0581,1,-0.0001,25,0.0585,0.0009,2
3,0.9997,1,0.0693,1,0.8415,0.0,0
8,0.8286,-1,0.0492,5,0.8088,0.0005,1
6,0.9418,4,-0.0162,3,0.8414,0.0003,0
2,1.0136,0,0.0623,3,0.9812,0.0,0
3,1.1112,1,-0.0208,8,0.1873,0.0,0
6,0.8802,4,-0.0439,8,0.6698,0.0,1
20,0.0585,-1,-0.0011,25,0.0581,0.0352,2
3,0.9242,1,-0.07,3,1.0002,0.0002,0
19,0.3909,1,-0.0022,6,0.4111,0.0,2
1,0.8186,-2,-0.1026,8,0.6698,0.0,0
3,0.7003,-4,-0.1389,5,0.0826,0.0006,0
4,0.4111,-1,-0.1193,19,0.3909,0.0,1
5,0.0826,0,0.0154,20,0.0585,0.0004,1
4,0.8466,2,0.0227,8,0.6698,0.0,1
6,0.5903,2,0.2032,19,0.3909,0.0,1
1,0.6476,1,0.0,7,0.0612,0.0,0
8,0.6698,-1,-0.0248,6,0.79,0.0,1
7,0.7241,-2,-0.012,11,0.5723,0.0,1
1,0.915,-2,0.0036,4,1.0021,0.0,0
2,0.6777,-1,-0.0257,11,0.5723,0.0,0
5,1.0194,2,-0.0144,4,0.9142,0.0,0
3,1.1542,2,-0.1073,7,0.1514,0.0001,0
2,1.0564,-1,-0.0798,8,0.8286,0.0,0
4,1.0021,1,-0.0846,2,0.915,0.0002,0
5,0.8088,1,-0.0745,8,0.8286,0.0,1
5,0.7103,1,-0.0225,11,0.5723,0.0204,1
1,1.0312,0,-0.0043,1,1.0355,0.0,0
3,1.0324,0,0.059,6,0.0826,0.0147,0
3,1.1845,1,-0.0276,4,0.9142,0.0,0
4,0.7512,0,-0.1305,11,0.5723,0.042,1
7,0.946,4,-0.0194,2,0.8936,0.0004,0
3,0.9561,-1,-0.0121,6,1.0112,0.0001,0
8,0.1873,-1,-0.0165,25,0.0585,0.0,2
3,1.0273,1,0.0326,4,0.4111,0.0,0
4,1.1304,4,0.0,3,0.7003,0.0003,0
1,1.3424,0,0.0,3,0.5759,0.0,0
4,1.0549,1,-0.0004,1,0.8186,0.0,0
3,0.79,-1,-0.0351,8,0.6698,0.0,0
6,1.0112,3,-0.0274,3,0.8414,0.0002,0
4,0.9142,-3,-0.0366,5,1.0194,0.0,0
7,0.1514,1,-0.2023,25,0.061,0.0004,1
1,0.9812,-1,-0.0438,2,1.0136,0.0,0
3,1.0401,1,0.0117,3,0.9242,0.0,0
3,0.5759,-2,0.0562,19,0.3909,0.0,0
2,0.7356,1,-0.02,7,0.7094,0.0,0
2,0.8936,-4,-0.0372,7,0.946,0.0,0
2,1.0855,1,-0.08,4,1.0021,0.0004,0
11,0.5723,0,-0.0319,7,0.6777,0.0257,2
2,1.0613,-1,0.0106,3,0.9812,0.0,0
3,0.7094,1,0.0085,11,0.5723,0.0,0
1,1.057,1,0.0,0,1.057,0.0,0
1,0.8415,0,-0.0475,4,0.9997,0.0,0
1,1.1212,1,0.0,3,0.8415,0.0,0
5,0.0612,0,0.0,25,0.0581,0.0,1
1,1.0017,0,0.0,0,1.0017,0.0,0
1,1.0355,1,0.0,1,1.0312,0.0,0
1,1.1988,0,0.3558,4,0.8186,0.0,0
3,1.02,1,-0.0211,2,0.8415,0.0,0
1,1.0254,0,-0.3114,1,1.3368,0.0,0
1,1.2286,0,0.0,0,1.2286,0.0,0
1,1.2276,1,0.0,1,0.6476,0.0,0
1,1.3368,1,0.0,1,1.0254,0.0,0
2,1.1829,1,-0.0419,7,0.1348,0.0,0
1,1.1799,1,0.0,0,1.1799,0.0,0
1,0.992,-1,-0.082,5,0.8088,0.0,0
1,0.1348,-3,0.0412,25,0.061,0.0,0
2,1.0002,1,0.1332,3,0.9242,0.0,0
1,1.2925,0,0.1374,3,1.1845,0.0,0
1,1.1532,0,-0.03,4,0.8415,0.0,0
1,1.3667,0,0.0,1,0.915,0.0,0
2,0.6927,1,-0.1456,19,0.3909,0.0,0
1,1.2511,1,0.0,0,1.2511,0.0,0
1,1.3423,-1,0.1202,1,1.1018,0.0,0
1,1.1018,1,0.0,1,1.3423,0.0,0
1,1.3934,0,0.0,1,1.3667,0.0,0
1,0.8414,-4,-0.0604,6,0.9418,0.0,0
1,1.1684,0,0.066,4,0.4111,0.0,0
26,0.0609,1,-0.0001,22,0.0578,0.0,2
20,0.3833,1,-0.0077,6,0.4323,0.0,2
6,0.5824,0,-0.008,20,0.3833,0.0,1
6,1.0876,2,-0.0428,2,0.8999,0.0002,0
5,0.975,-1,-0.0362,2,1.0304,0.0001,0
7,0.6775,3,-0.0737,8,0.514,0.0511,1
2,0.9693,-1,0.3934,20,0.3833,0.0,0
4,0.9639,1,0.0398,3,1.0291,0.0001,0
8,0.514,-3,-0.0583,7,0.6388,0.0117,2
2,1.0635,1,0.2222,6,0.8948,0.0,0
2,0.0944,-3,0.0118,22,0.0696,0.0005,0
19,0.0578,1,-0.0004,26,0.0609,0.0009,2
5,0.9444,-2,-0.0016,2,0.9424,0.0,0
22,0.0696,2,0.0111,26,0.0578,0.0323,2
6,0.9354,1,-0.084,3,1.0657,0.0,0
2,0.963,2,0.0,5,0.9444,0.0003,0
8,0.1523,1,0.001,26,0.0609,0.0004,2
6,0.839,-2,0.0104,7,0.8131,0.0,1
3,1.0046,2,-0.1486,1,0.8617,0.0,0
2,1.1348,2,0.0,2,0.9941,0.0,0
2,1.1107,1,-0.0882,2,0.7696,0.0,0
2,1.1193,-2,0.2051,6,0.9354,0.0,0
3,1.0401,1,0.0399,4,0.963,0.0,0
1,1.0355,0,0.0,1,1.0312,0.0,0
3,1.0657,0,-0.0456,9,0.3419,0.0,0
6,0.8066,3,0.0166,9,0.7047,0.0,1
1,0.9397,-1,-0.1216,4,1.041,0.0,0
2,1.0331,-1,0.0058,4,0.4323,0.0,0
9,0.7461,1,0.0763,6,0.7696,0.0,1
2,1.0348,-1,-0.1194,8,0.1523,0.0,0
5,0.8271,1,-0.0195,9,0.6755,0.0,1
4,1.041,1,0.021,1,0.8652,0.0,0
7,0.8131,2,0.0043,6,0.839,0.016,1
9,0.3419,1,0.1546,26,0.0609,0.0,2
5,0.7642,2,0.0548,8,0.514,0.0,1
1,1.1266,-1,0.113,2,0.9636,0.0,0
2,1.1373,1,0.3188,9,0.7461,0.0,0
1,1.2286,1,0.0,0,1.2286,0.0,0
1,1.3934,1,0.0,1,1.3667,0.0,0
3,0.9702,0,-0.0622,6,0.0944,0.021,0
1,1.0312,0,0.0,1,1.0355,0.0,0
1,0.7696,1,0.0,9,0.7461,0.0,0
6,0.6388,1,-0.0715,8,0.514,0.0176,1
6,0.7047,-1,-0.0194,8,0.514,0.0,1
4,0.4323,0,0.0211,20,0.3833,0.0,1
1,0.9104,-5,0.0302,9,0.7461,0.0,0
1,1.057,0,0.0,0,1.057,0.0,0
3,0.8953,-1,-0.1068,3,1.0772,0.0002,0
2,0.9941,1,0.0021,7,0.8131,0.0038,0
1,1.3667,0,0.4517,3,0.8953,0.0,0
6,0.8948,0,-0.047,3,0.9702,0.0003,1
5,0.0612,0,0.0,26,0.0578,0.0,1
1,0.6755,-1,-0.0023,8,0.514,0.0,0
2,1.2221,1,0.1202,0,1.2221,0.0001,0
1,1.2053,1,0.0,2,0.4682,0.0,0
1,1.0254,0,0.0,1,1.2977,0.0,0
2,0.9636,2,0.0,2,1.0782,0.0,0
2,0.4682,0,-0.2245,20,0.3833,0.0,0
2,1.1568,-1,-0.0277,2,1.1193,0.0,0
2,1.0782,1,0.097,2,0.9397,0.0,0
2,1.0291,0,-0.0273,6,0.839,0.0,0
1,0.8617,-3,-0.1932,3,0.8652,0.0,0
1,1.2977,1,0.0,1,1.0254,0.0,0
1,1.3368,0,0.0,1,1.0254,0.0,0
1,1.1095,-2,0.1098,3,0.8652,0.0,0
2,0.8999,-1,0.1996,6,0.0944,0.0077,0
2,0.9424,0,0.0488,5,0.9444,0.0,0
2,1.0304,-1,0.0743,5,0.975,0.0,0
1,1.2943,1,0.0,2,0.7582,0.0,0
1,1.2511,0,0.0,0,1.2511,0.0,0
1,1.2276,0,-0.1148,2,0.9693,0.0,0
1,0.7582,0,0.1106,8,0.0612,0.0,0
1,1.0017,0,0.0,0,1.0017,0.0,0
1,1.2925,1,0.0,2,1.1568,0.0,0
3,1.0772,1,-0.0082,3,0.8953,0.0,0
1,1.1654,1,0.0,3,1.0304,0.0,0
1,0.8652,0,0.0238,4,0.8617,0.0,0
1,1.1212,0,0.0,4,0.8652,0.0,0
1,1.1799,0,0.0,0,1.1799,0.0,0
23,0.0644,1,-0.0052,27,0.0578,0.0317,2
2,1.0016,2,0.0,3,0.8415,0.0,0
4,0.7879,-2,0.0832,10,0.5227,0.0,1
2,1.1616,1,0.1362,0,1.1616,0.0,0
2,1.0969,0,-0.0138,3,0.7941,0.0,0
27,0.061,1,0.0001,23,0.0578,0.0,2
19,0.0578,0,0.0,27,0.061,0.001,2
10,0.5227,2,0.0088,10,0.5953,0.0096,2
6,0.7978,-3,0.0518,5,0.7237,0.0,1
10,0.5953,3,-0.0822,10,0.5227,0.0405,2
2,0.9049,-1,0.0097,4,1.0315,0.0,0
8,0.268,-1,-0.0739,27,0.061,0.0,2
6,0.9977,2,0.0337,2,0.9941,0.0,0
5,0.7593,0,-0.0678,6,0.7237,0.0,1
4,1.0315,1,-0.0457,2,0.9049,0.0,0
19,0.3798,-1,-0.0034,4,0.3453,0.0,2
5,0.0612,0,0.0,27,0.0578,0.0,1
5,0.7237,-1,-0.0829,6,0.7593,0.0,1
2,1.1735,2,0.0,4,1.0651,0.0001,0
7,0.9351,4,-0.0351,2,0.0657,0.02,0
7,0.8002,0,-0.0129,5,0.8913,0.0182,1
3,0.3453,-1,-0.087,19,0.3527,0.0,0
1,1.1845,0,0.3193,3,0.8415,0.0,0
6,0.9243,0,-0.0111,4,1.0702,0.0,0
5,0.9141,-1,0.0751,7,0.8002,0.0001,0
2,0.9513,0,-0.0122,3,1.0074,0.0,0
4,1.0651,-2,-0.0225,2,0.9026,0.0,0
3,0.878,2,0.1197,7,0.0612,0.0004,0
2,1.3416,1,0.0473,3,0.878,0.0,0
2,0.7399,1,0.0644,10,0.5227,0.0,0
4,0.3527,-2,-0.2296,19,0.3453,0.0,1
1,1.2276,0,0.0,2,0.8694,0.0,0
4,0.6191,-2,-0.0196,10,0.5227,0.0001,1
4,0.8827,-1,-0.0617,4,0.9739,0.0001,1
1,0.7941,0,0.0245,6,0.7517,0.0,0
2,0.9061,-1,-0.0985,1,0.8415,0.0,0
4,0.7382,-1,-0.026,10,0.5227,0.0,1
1,0.7812,1,0.0,10,0.5953,0.0,0
3,1.0257,1,-0.1116,6,0.7941,0.0,0
2,0.9026,0,0.0027,7,0.0657,0.0009,0
7,0.1157,-1,-0.0366,27,0.061,0.0002,1
2,1.2239,0,0.0671,2,1.1552,0.0,0
4,0.8913,2,-0.1028,7,0.8002,0.0039,1
4,0.9739,2,0.011,4,0.8827,0.0,0
2,1.1552,0,0.0359,6,0.9243,0.0,0
2,0.8694,0,-0.0999,19,0.3527,0.0,0
3,1.0829,2,-0.0437,2,0.7828,0.0,0
1,0.7828,1,0.0,3,0.3453,0.0,0
5,1.0183,0,0.0433,3,0.947,0.0,0
1,0.8854,0,-0.025,6,0.7237,0.0,0
3,0.4732,1,0.0049,19,0.3453,0.0,0
1,0.0657,-1,-0.0287,23,0.0644,0.0,0
3,1.061,-1,0.02,2,1.0016,0.0,0
3,1.0458,1,-0.0177,5,0.8193,0.0,0
1,1.2511,0,0.0,0,1.2511,0.0,0
1,1.0355,1,0.0,0,1.0355,0.0,0
2,0.9992,2,0.0,4,0.3453,0.0,0
1,0.7517,1,0.0,6,0.7593,0.0,0
1,1.2286,0,0.0,0,1.2286,0.0,0
1,0.8644,1,0.0,5,0.7237,0.0,0
2,0.9941,0,-0.035,6,0.9141,0.0,0
4,1.0702,1,0.0045,8,0.268,0.0,0
1,1.3934,0,0.0,1,1.3667,0.0,0
1,1.1654,0,0.0,4,0.947,0.0,0
1,1.3368,1,0.0,0,1.3368,0.0,0
1,1.0312,0,0.0,0,1.0312,0.0,0
2,0.8193,-4,-0.0755,7,0.9351,0.0,0
1,1.0806,0,-0.0289,2,0.9061,0.0,0
1,1.1532,1,0.0,3,0.8415,0.0,0
1,1.057,0,0.0,1,1.0017,0.0,0
1,1.0074,0,-0.1138,3,0.9513,0.0,0
1,1.2014,-1,0.1232,3,0.7828,0.0,0
2,1.2221,0,0.0,0,1.2221,0.0,0
1,0.947,-1,-0.0834,5,1.0183,0.0,0
1,1.2053,0,0.0,3,0.4732,0.0,0
1,1.0728,1,0.0,0,1.0728,0.0,0
1,1.0017,1,0.0,1,1.057,0.0,0
1,1.3667,0,0.0,2,0.9049,0.0,0
2,1.1732,0,0.1384,7,0.1157,0.0,0
1,0.8415,0,-0.0202,3,0.9061,0.0,0
1,1.1799,1,0.0,0,1.1799,0.0,0
1,0.979,1,0.0,4,0.8827,0.0,0
1,1.2925,-1,0.0687,2,1.1432,0.0,0
23,0.0681,0,0.0036,28,0.0578,0.0263,2
28,0.0613,1,0.0003,23,0.0578,0.0,2
17,0.3816,-2,0.0018,6,0.3401,0.0,2
3,0.7162,-1,-0.022,14,0.5644,0.0,0
11,0.5724,1,-0.0228,14,0.5644,0.0256,2
19,0.0578,0,0.0,28,0.0612,0.001,2
8,0.825,1,0.0248,5,0.814,0.0161,1
3,0.9937,1,-0.0079,2,0.8177,0.0,0
7,0.099,0,-0.0167,28,0.0612,0.0002,1
4,1.0629,0,-0.0073,8,0.2719,0.0,0
4,1.1622,2,-0.0114,3,1.0147,0.0,0
1,1.0811,1,0.0,7,0.099,0.0,0
8,0.2719,0,0.0039,28,0.0613,0.0,2
3,0.8638,1,-0.0389,7,0.0657,0.0009,0
5,0.814,1,-0.0773,8,0.825,0.0038,1
4,0.9961,0,-0.0354,1,0.9395,0.0,0
14,0.5644,4,0.0417,11,0.5724,0.0147,2
1,0.8956,0,-0.0834,4,0.8944,0.0,0
4,0.58,0,-0.0391,14,0.5644,0.0001,1
3,0.9397,-2,-0.0786,4,0.9902,0.0,0
1,1.1731,1,0.0,5,0.0612,0.0,0
6,0.6588,1,-0.1005,6,0.794,0.0,1
3,1.0147,-1,-0.0504,4,0.8638,0.0001,0
1,1.1799,0,0.0,0,1.1799,0.0,0
1,1.0017,0,0.0,0,1.0017,0.0,0
4,0.3401,0,-0.0126,17,0.3816,0.0,1
1,0.0657,0,0.0,23,0.0681,0.0,0
2,1.0793,0,0.2099,17,0.3401,0.0,0
2,1.1348,0,-0.0383,7,0.099,0.0,0
5,0.0612,0,0.0,28,0.0578,0.0,1
2,0.9118,-2,0.1239,14,0.5644,0.0,0
6,0.806,1,0.0823,6,0.6588,0.0,1
1,1.1845,0,0.0,3,0.8177,0.0,0
1,0.9395,-1,0.0346,4,0.9961,0.0,0
1,1.1364,0,0.3424,3,0.794,0.0,0
3,0.9818,1,0.0757,1,0.8177,0.0,0
6,0.4318,3,-0.0414,17,0.3816,0.0,1
1,1.1532,0,0.0,3,0.8177,0.0,0
4,1.0138,-2,0.0161,4,0.9406,0.0,0
1,1.057,1,0.0,0,1.057,0.0,0
1,1.0355,0,0.0,1,1.0312,0.0,0
3,1.0918,0,0.0089,2,0.9159,0.0,0
1,1.2014,0,0.0,3,0.9159,0.0,0
1,1.0728,1,0.0,0,1.0728,0.0,0
2,1.0588,-1,-0.0022,3,0.9812,0.0,0
4,0.5234,1,0.1782,17,0.3401,0.0,1
2,0.794,-4,-0.0039,6,0.6588,0.0,0
1,1.297,1,0.0,2,0.9812,0.0,0
4,0.99,0,0.0161,3,0.8944,0.0,0
7,0.9088,0,-0.0263,3,0.0657,0.0206,0
6,0.9405,0,0.0162,4,1.0629,0.0,0
1,1.3929,1,0.0,1,1.2903,0.0,0
2,1.1432,0,-0.012,6,0.9405,0.0,0
1,1.3934,1,0.0,1,1.27,0.0,0
1,1.2286,0,0.0,0,1.2286,0.0,0
2,0.877,-1,-0.0009,7,0.0612,0.0001,0
2,1.0406,-3,0.1264,8,0.825,0.0,0
2,1.0222,0,0.2029,7,0.9088,0.0,0
1,1.0254,1,0.0,1,1.2977,0.0,0
1,0.9159,0,0.1331,6,0.4318,0.0,0
1,0.9812,0,-0.0262,2,0.9265,0.0,0
4,0.8312,2,0.0913,14,0.5644,0.0,1
4,0.9773,2,-0.0168,4,1.0138,0.0,0
1,0.9406,1,0.0,4,0.8956,0.0,0
3,0.8944,-1,0.0117,4,0.8956,0.0,0
3,1.0447,0,0.019,2,0.794,0.0,0
1,0.959,0,0.0737,6,0.794,0.0,0
1,1.2977,-1,0.1362,1,1.0254,0.0,0
1,0.9042,0,0.0399,6,0.7162,0.0,0
4,0.9902,1,-0.0556,3,0.9397,0.0,0
1,1.1958,0,0.2488,3,0.9397,0.0,0
2,1.2221,2,0.0,0,1.2221,0.0,0
1,0.8511,-1,-0.1481,4,0.3401,0.0,0
1,1.0643,0,-0.1012,4,0.9961,0.0,0
2,0.9265,0,-0.0248,3,0.9812,0.0,0
1,1.2511,1,0.0,0,1.2511,0.0,0
1,1.0312,1,0.0,1,1.0355,0.0,0
1,0.8077,0,0.056,6,0.6588,0.0,0
1,1.27,1,0.0,4,0.9395,0.0,0
1,0.8177,0,-0.0238,3,0.9818,0.0,0
1,1.3368,0,0.0,1,1.0254,0.0,0
1,1.2903,-1,-0.0513,2,0.877,0.0,0
27,0.0613,-1,-0.0,23,0.0578,0.0,2
1,1.1232,0,0.1642,4,0.8232,0.0,0
10,0.3545,2,0.0826,27,0.0613,0.0,2
2,0.9762,1,0.1585,4,0.8854,0.0,0
6,0.8648,-1,-0.0439,3,0.093,0.0191,1
14,0.51,0,-0.0544,10,0.516,0.0286,2
6,0.0614,1,0.0002,27,0.0578,0.0,1
2,1.0818,1,-0.0547,3,0.8854,0.0,0
23,0.0681,0,0.0001,27,0.0578,0.024,2
2,1.1078,1,0.1266,2,0.9265,0.0,0
19,0.0578,0,0.0,27,0.0613,0.001,2
7,0.1053,0,0.0063,27,0.0613,0.0002,1
4,1.0039,1,0.0102,2,0.9762,0.0,0
9,0.4083,3,-0.0235,15,0.4042,0.0,2
3,0.9561,0,0.0164,4,0.9757,0.0,0
2,1.1898,1,-0.006,3,0.9561,0.0,0
2,1.0994,2,0.0,3,0.9606,0.0,0
6,0.8112,-2,-0.0137,7,0.7901,0.0001,1
2,0.3366,-2,-0.0036,15,0.4042,0.0,0
1,1.0312,0,0.0,0,1.0312,0.0,0
1,1.1095,-2,0.1276,2,0.9265,0.0,0
4,0.9809,3,0.0403,3,0.9168,0.0,0
8,0.6991,2,0.0402,4,0.7993,0.0,1
1,0.9292,0,0.0336,4,0.9168,0.0,0
3,0.9632,1,0.1692,8,0.6991,0.0,0
1,1.2511,1,0.0,0,1.2511,0.0,0
4,0.9757,0,-0.0144,3,0.9561,0.0,0
1,1.3423,1,0.0,1,1.1018,0.0,0
1,1.057,0,0.0,0,1.057,0.0,0
1,1.0262,0,-0.0549,7,0.1053,0.0,0
15,0.4042,-2,0.0226,9,0.3366,0.0,2
3,0.7993,1,-0.1125,14,0.51,0.0,0
3,0.9168,-1,-0.0732,4,0.9292,0.0,0
1,1.0355,1,0.0,0,1.0355,0.0,0
1,1.1018,1,0.0,1,1.3423,0.0,0
10,0.5609,-1,-0.0115,14,0.51,0.019,2
3,0.516,-1,-0.064,14,0.51,0.0001,0
1,1.0017,0,0.0,0,1.0017,0.0,0
2,1.1616,1,0.1362,1,1.1723,0.0001,0
1,1.3929,0,0.0,3,1.0994,0.0,0
1,0.9691,0,0.0532,9,0.4083,0.0,0
5,1.0209,1,0.0437,2,0.9767,0.0,0
4,0.9909,-2,0.0505,5,0.9841,0.0,0
2,1.1041,-1,0.0122,1,0.9691,0.0,0
4,0.8585,0,0.0273,14,0.51,0.0,1
2,1.0094,-1,-0.0053,6,0.8466,0.0002,0
6,0.4497,2,-0.0737,15,0.3366,0.0,1
1,0.093,0,0.0273,23,0.0681,0.0,0
5,0.9841,1,-0.0788,10,0.3545,0.0,0
1,1.2286,1,0.0,0,1.2286,0.0,0
7,0.7901,2,-0.0239,6,0.8112,0.0041,1
3,0.9115,-1,-0.0846,2,1.1122,0.0,0
2,1.2678,0,0.1246,4,0.9909,0.0,0
4,0.7908,1,0.0746,14,0.51,0.0,1
2,1.0661,0,0.0439,6,0.8648,0.0,0
1,0.8854,-2,-0.1594,3,0.9422,0.0,0
3,1.2443,2,-0.0461,2,0.9606,0.0,0
2,0.9422,1,-0.211,2,0.8854,0.0,0
1,0.9606,-1,0.0835,7,0.0614,0.0,0
6,1.1054,2,-0.0567,2,1.0094,0.0,0
1,1.0728,0,0.0,0,1.0728,0.0,0
1,1.0895,0,-0.095,4,0.9265,0.0,0
1,1.1408,-1,0.0615,15,0.3366,0.0,0
1,1.1723,0,-0.1255,2,1.1616,0.0,0
4,0.8232,-2,0.0172,8,0.6991,0.0,1
1,1.0616,1,0.0,6,0.4497,0.0,0
2,1.0274,0,-0.0131,6,0.8112,0.0,0
2,0.9265,2,0.0,2,1.0895,0.0,0
2,0.9767,-2,-0.0371,5,0.9809,0.0,0
2,1.1122,1,0.048,3,0.9115,0.0,0
1,1.156,-1,0.2294,2,0.9265,0.0,0
1,1.1799,1,0.0,0,1.1799,0.0,0
1,1.3934,0,0.0,1,1.27,0.0,0
1,1.27,0,0.0,3,0.9115,0.0,0
3,0.8466,0,-0.0172,6,0.093,0.0001,0
1,1.0811,1,0.0,7,0.7901,0.0,0
1,1.3368,1,0.0,0,1.3368,0.0,0
1,0.8844,0,-0.0198,4,0.7908,0.0,0
1,1.297,0,0.0,2,1.1078,0.0,0
1,0.9556,-2,0.0612,3,0.9168,0.0,0
27,0.0607,0,-0.0006,23,0.0578,0.0,2
9,0.707,1,0.008,6,0.7424,0.0,1
4,0.7424,1,-0.057,12,0.524,0.0,1
2,1.0117,-4,-0.0938,4,1.1382,0.0,0
23,0.0596,0,-0.0085,27,0.0578,0.024,2
9,0.3649,-1,0.0104,27,0.0596,0.0,2
1,1.0017,1,0.0,1,1.057,0.0,0
11,0.3918,2,-0.0165,13,0.3569,0.0,2
12,0.524,-2,0.014,12,0.513,0.0303,2
3,0.9818,1,0.0396,1,0.8415,0.0,0
1,1.2286,1,0.0,0,1.2286,0.0,0
5,0.9959,0,-0.0251,3,1.014,0.0,0
3,0.5704,0,0.0544,12,0.513,0.027,0
5,0.7839,2,-0.0627,6,0.0578,0.0038,1
19,0.0578,0,-0.0,27,0.0596,0.0011,2
2,1.0562,-1,0.1001,2,0.9883,0.0,0
12,0.513,2,-0.0479,12,0.524,0.0106,2
1,1.2576,0,-0.1353,2,0.9989,0.0,0
2,0.7883,-2,-0.0349,9,0.707,0.0,0
7,0.1182,0,0.0129,27,0.0607,0.0002,1
6,0.9421,1,-0.042,9,0.3649,0.0,0
2,1.1188,-1,-0.1254,1,0.9989,0.0,0
3,0.768,-1,-0.0227,12,0.524,0.0,0
1,1.3368,0,0.0,1,1.0254,0.0,0
4,1.1615,4,0.0,2,1.0117,0.0,0
6,0.951,3,-0.0122,9,0.707,0.0,0
1,1.1702,1,0.0,7,0.1182,0.0,0
2,0.9752,1,-0.0864,6,0.3569,0.0,0
6,0.8063,0,-0.0049,6,0.8228,0.0214,1
13,0.4525,-2,0.0483,11,0.3569,0.0,2
2,0.7884,1,-0.2378,7,0.1182,0.0,0
3,1.0428,0,0.1313,3,1.0416,0.0,0
2,0.9513,0,0.0248,3,0.9812,0.0,0
1,1.3934,0,0.1234,3,1.0428,0.0,0
1,1.1795,1,0.0,0,1.1795,0.0,0
1,1.1799,0,0.0,0,1.1799,0.0,0
2,1.0135,2,0.0,3,0.8415,0.0,0
1,0.9812,0,-0.1083,3,0.9513,0.0,0
3,1.014,1,-0.0134,6,0.8063,0.0,0
8,0.061,2,-0.0004,27,0.0578,0.0,2
3,0.8191,-1,-0.0394,12,0.524,0.0,0
1,1.0355,0,0.0,0,1.0355,0.0,0
1,0.9989,-1,-0.1005,2,1.0889,0.0,0
3,1.1116,2,-0.0444,2,0.9425,0.0,0
4,0.907,1,-0.0098,3,0.9769,0.0,0
3,1.0204,-1,0.0395,4,0.907,0.0,0
4,1.018,2,-0.048,6,0.8891,0.0,0
6,0.3569,0,-0.0929,13,0.3918,0.0,1
3,1.0318,-1,0.0279,2,0.9812,0.0,0
6,0.8891,0,0.0243,5,0.0578,0.023,1
2,0.9769,2,0.0,4,0.907,0.0,0
1,0.0578,0,-0.0352,23,0.0596,0.0,0
3,1.0416,1,-0.0706,3,1.0428,0.0,0
2,1.1382,0,0.1287,5,0.7839,0.0002,0
1,1.0889,1,0.0,8,0.061,0.0,0
3,1.1139,-1,0.1229,6,0.9421,0.0,0
1,1.2344,-1,0.1266,3,0.9425,0.0,0
1,1.0895,-1,0.1133,3,0.8415,0.0,0
1,0.9425,1,0.0,3,0.458,0.0,0
1,0.8415,0,-0.0439,6,0.951,0.0,0
1,1.0728,0,0.0,0,1.0728,0.0,0
6,0.8228,-1,0.0327,6,0.7884,0.003,1
1,1.057,0,0.0,1,1.0017,0.0,0
1,1.0643,-1,-0.1255,3,1.0416,0.0,0
1,0.6605,1,0.0,11,0.3918,0.0,0
1,1.0254,1,0.0,1,1.2977,0.0,0
1,1.2977,-1,0.1362,1,1.0254,0.0,0
1,1.0312,0,0.0,0,1.0312,0.0,0
2,1.2221,1,-0.1202,0,1.2221,0.0,0
2,0.9883,-2,0.0126,4,1.018,0.0,0
1,0.6512,1,0.0,12,0.513,0.0,0
1,0.458,0,-0.5112,11,0.3569,0.0,0
1,1.2943,1,0.0,1,1.2576,0.0,0
1,1.297,1,0.0,3,0.9812,0.0,0
1,1.1723,0,0.0,1,1.2977,0.0,0
1,1.2925,-1,0.0247,3,1.1139,0.0,0
1,0.9963,0,-0.0848,6,0.7884,0.0,0
1,1.1731,1,0.0,1,0.9989,0.0,0
1,1.2511,0,0.0,0,1.2511,0.0,0
1,1.1232,0,0.0,6,0.7883,0.0,0
27,0.0607,0,-0.0,22,0.0582,0.0,2
7,0.7131,2,-0.0709,4,0.0578,0.0095,1
2,0.7393,1,0.0788,14,0.3608,0.0,0
7,0.7015,3,-0.0408,7,0.536,0.0,1
7,0.7408,-2,0.0338,7,0.7015,0.0,1
20,0.0582,1,0.0004,27,0.0585,0.0002,2
2,1.0439,1,0.045,2,1.0071,0.0,0
7,0.1352,0,0.0171,27,0.0607,0.0002,1
3,0.9458,1,-0.0425,4,1.0041,0.0,0
10,0.3149,1,-0.05,27,0.0585,0.0,2
1,1.1795,1,0.0,0,1.1795,0.0,0
9,0.7957,3,-0.0271,3,0.775,0.0039,1
9,0.4356,-4,-0.0169,14,0.3608,0.0,2
2,1.0887,-1,0.0459,2,0.9097,0.0531,0
2,0.996,-4,0.1896,9,0.7957,0.0,0
1,1.0071,-1,-0.1117,2,1.0439,0.0,0
1,1.0579,0,-0.0317,3,0.9397,0.0,0
3,0.9572,1,0.0059,2,1.0617,0.0,0
3,0.9581,-2,-0.0378,5,0.9809,0.0,0
8,0.061,0,0.0,27,0.0582,0.0,2
16,0.4942,4,-0.0187,7,0.536,0.05,2
7,0.536,-5,0.012,16,0.4942,0.0135,1
22,0.0585,-1,-0.0011,27,0.0578,0.0477,2
1,1.0312,1,0.0,1,1.0355,0.0,0
5,1.0255,2,0.0115,3,0.9581,0.0,0
3,1.0084,-3,0.0574,7,0.7408,0.0,0
4,0.6866,3,0.0355,16,0.4942,0.02,1
14,0.3608,3,-0.031,9,0.373,0.0,2
1,1.1799,1,0.0,0,1.1799,0.0,0
1,1.0017,0,0.0,0,1.0017,0.0,0
2,1.1041,-1,-0.0075,3,0.9572,0.0,0
2,0.8972,0,0.1089,7,0.7015,0.0,0
5,1.1602,1,-0.0014,2,1.0036,0.0,0
2,0.4299,1,-0.028,14,0.3608,0.0,0
1,1.3423,1,0.0,1,1.1018,0.0,0
1,0.827,-1,-0.1481,5,0.373,0.0,0
2,0.9303,-2,0.0232,3,0.9161,0.0,0
2,0.6125,2,0.0,16,0.4942,0.0,0
4,0.9809,4,0.0,3,0.9161,0.0,0
3,0.775,1,-0.0134,9,0.1352,0.0,0
5,0.373,-1,0.0162,14,0.3608,0.0,1
3,1.1351,0,0.0212,6,0.9124,0.0,0
3,0.9995,1,-0.014,2,0.9397,0.0,0
3,0.99,0,0.0082,2,0.9762,0.0,0
2,1.0617,1,0.0805,3,0.9397,0.0,0
4,0.9085,-2,0.0193,7,0.0578,0.0272,0
6,0.9124,0,-0.0297,10,0.3149,0.0,0
1,1.1288,0,0.1863,2,0.4299,0.0,0
1,1.1723,0,0.0,0,1.1723,0.0,0
2,0.9097,-1,-0.1319,3,1.0867,0.0,0
2,1.2601,1,0.0025,2,1.0071,0.0,0
1,1.0355,0,0.0,1,1.0312,0.0,0
1,1.185,1,0.0,2,0.4299,0.0,0
1,1.0728,1,0.0,0,1.0728,0.0,0
1,0.0578,0,0.0,22,0.0585,0.0,0
4,1.0041,0,-0.0139,4,0.9085,0.0,0
3,0.9161,0,-0.1043,4,0.9303,0.0,0
1,1.1958,-1,0.1396,3,0.9458,0.0,0
1,1.1018,-1,-0.1202,1,1.3423,0.0,0
2,0.9762,1,0.1347,3,0.99,0.0,0
2,1.1616,1,0.1362,0,1.1616,0.0,0
2,1.0036,0,-0.0081,5,1.1602,0.0,0
1,1.2511,0,0.0,0,1.2511,0.0,0
1,1.057,1,0.0,0,1.057,0.0,0
1,1.3934,0,0.0,2,1.0887,0.0,0
3,0.8254,0,0.255,16,0.4942,0.0,0
1,1.297,0,0.0,2,0.9397,0.0,0
1,1.1731,0,0.0,2,1.0439,0.0,0
2,1.1427,1,-0.0275,7,0.1352,0.0,0
2,0.7495,-1,-0.0696,7,0.536,0.0,0
3,1.0867,2,0.0224,2,0.9097,0.0,0
1,1.1532,0,0.03,3,0.8972,0.0,0
1,0.9397,-2,-0.0921,3,0.9995,0.0,0
1,1.2286,0,0.0,0,1.2286,0.0,0
1,1.3368,1,0.0,0,1.3368,0.0,0
1,1.2627,-1,0.1245,7,0.7131,0.0,0
1,1.2943,0,0.0,2,1.2601,0.0,0
2,0.7894,-1,0.0214,7,0.536,0.0,0
9,0.0602,1,-0.0008,26,0.0578,0.0,2
5,0.6929,3,-0.0566,8,0.5359,0.0,1
1,1.057,0,0.0,1,1.0017,0.0,0
5,0.8175,2,0.0425,7,0.1483,0.0,1
3,1.1848,3,0.0,3,1.0455,0.0,0
7,0.5359,0,-0.0001,15,0.4364,0.0242,1
1,1.3423,0,0.0,1,1.1018,0.0,0
12,0.2795,2,-0.0354,26,0.0585,0.0,2
2,0.9664,0,-0.0295,7,0.8232,0.0,0
20,0.0585,-2,0.0,26,0.0578,0.0249,2
18,0.3834,4,0.0227,5,0.3843,0.0,2
26,0.0609,-1,0.0002,21,0.0578,0.0,2
7,0.6577,0,-0.0554,5,0.0578,0.0006,1
6,0.9425,0,0.03,12,0.2795,0.0,0
7,0.8232,-2,0.0275,5,0.7897,0.004,1
1,1.0312,0,0.0,0,1.0312,0.0,0
2,0.8497,0,0.0603,8,0.5359,0.0,0
5,1.0232,0,-0.0024,2,0.9427,0.0,0
2,1.171,0,0.1675,3,0.6607,0.0,0
21,0.0578,1,-0.0004,26,0.0585,0.0009,2
3,1.0349,1,0.0587,3,0.8617,0.0,0
7,0.1483,0,0.0131,26,0.0602,0.0003,1
4,0.9992,2,0.0895,2,1.1276,0.0028,0
3,1.0455,-2,-0.1146,3,1.171,0.0,0
1,1.2925,-2,0.1575,6,0.9425,0.0,0
2,0.6607,1,-0.6021,7,0.0666,0.0,0
5,0.4553,-4,0.0197,18,0.3834,0.0,1
2,0.9391,2,0.0,3,0.9655,0.0,0
2,1.0416,0,0.1444,8,0.6958,0.0,0
1,0.947,-2,0.0012,3,0.9658,0.0,0
2,0.4857,0,0.0558,18,0.3834,0.0,0
1,1.1731,1,0.0,5,0.4553,0.0,0
3,0.9658,-1,-0.0383,5,0.947,0.0,0
4,0.7567,1,-0.0686,15,0.4364,0.0022,1
15,0.4364,-1,-0.0578,7,0.5359,0.0339,2
2,0.9303,1,-0.2229,3,0.8617,0.0,0
2,0.6266,0,0.014,15,0.4364,0.0,0
2,1.0617,0,0.0,3,0.9391,0.0,0
4,0.9195,1,0.0033,5,0.9801,0.0,0
2,0.8297,0,0.0904,18,0.3834,0.0,0
3,1.0185,0,0.019,3,0.9655,0.0,0
2,1.1616,0,0.0,1,1.1723,0.0,0
8,0.6958,1,-0.0058,7,0.5359,0.0,1
1,1.3368,1,0.0,0,1.3368,0.0,0
3,0.8935,-4,0.1527,8,0.6929,0.0,0
1,1.1723,1,0.0,2,1.1616,0.0,0
1,1.3934,-1,0.3048,4,0.9992,0.0,0
2,1.1732,0,-0.0869,1,1.0256,0.0,0
1,1.0256,1,0.0,2,1.0889,0.0,0
5,0.9852,1,0.0767,7,0.0578,0.0275,0
1,1.0355,1,0.0,0,1.0355,0.0,0
2,0.7897,2,0.0,7,0.8175,0.0,0
3,1.1116,0,0.1544,2,0.9391,0.0,0
5,0.3843,0,0.0112,18,0.3834,0.0,1
5,0.9801,1,-0.0008,4,0.9195,0.0,0
1,0.8991,0,0.0721,5,0.3843,0.0,0
1,1.2286,0,0.0,0,1.2286,0.0,0
1,1.1288,0,0.0,2,0.4857,0.0,0
1,1.1018,0,0.0,1,1.3423,0.0,0
1,1.2576,0,-0.0368,2,1.0256,0.0,0
1,1.0262,-1,-0.1165,7,0.1483,0.0,0
1,0.8617,-2,-0.1467,3,0.8935,0.0,0
1,1.0017,1,0.0,1,1.057,0.0,0
1,0.9655,0,-0.0924,3,0.9391,0.0,0
2,1.1276,-1,0.0409,4,0.9992,0.0,0
1,0.0666,1,0.0,21,0.0578,0.0,0
1,0.0578,0,0.0,20,0.0585,0.0,0
1,1.1702,0,0.1631,2,1.0262,0.0,0
1,0.9427,-2,-0.0154,5,0.9801,0.0,0
1,1.185,0,0.0,2,0.4857,0.0,0
1,1.3929,1,0.0,1,1.2576,0.0,0
1,1.1799,0,0.0,0,1.1799,0.0,0
1,1.1685,1,0.0,1,1.1795,0.0,0
1,1.1795,0,0.0,1,1.1685,0.0,0
1,1.0021,1,0.0,3,0.8617,0.0,0
1,1.0889,0,-0.0842,1,1.0256,0.0,0
1,1.0728,0,0.0,0,1.0728,0.0,0
1,1.1095,-2,0.1194,3,0.9303,0.0,0
1,1.2511,1,0.0,0,1.2511,0.0,0
2,1.0997,1,-0.0961,2,0.947,0.0,0
1,1.297,0,0.3574,3,0.9655,0.0,0
3,1.041,0,-0.0045,4,1.1544,0.0,0
14,0.3269,2,0.0474,27,0.0586,0.0,2
20,0.3931,2,0.0096,5,0.3734,0.0,2
1,1.057,1,0.0,0,1.057,0.0,0
1,0.0578,0,0.0,19,0.0586,0.0,0
1,1.2949,0,-0.0986,2,1.0725,0.0,0
2,1.1616,2,0.0,0,1.1616,0.0,0
19,0.0586,-1,0.0001,27,0.0578,0.0231,2
7,0.5619,0,0.026,15,0.4887,0.0288,1
3,0.99,1,0.0597,4,0.9818,0.0,0
4,0.9818,1,-0.0532,3,0.9717,0.0,0
1,1.1288,1,0.0,3,1.1018,0.0,0
1,1.0312,0,0.0,0,1.0312,0.0,0
1,1.3942,-1,0.2232,3,0.8844,0.0,0
7,0.6014,0,-0.0563,5,0.0578,0.0009,1
1,1.0889,0,0.0,1,0.9989,0.0,0
1,1.1658,1,0.0,4,0.9717,0.0,0
3,0.9388,0,-0.027,5,0.9647,0.0,0
3,0.996,1,0.0296,6,0.7877,0.0,0
4,1.0676,-2,0.1251,14,0.3269,0.0,0
2,1.0725,-2,0.0734,2,0.9216,0.0039,0
15,0.5117,0,0.0753,7,0.4887,0.0236,2
27,0.0608,1,-0.0001,22,0.0578,0.0,2
2,0.9388,0,-0.0003,3,1.0782,0.0,0
4,0.995,-1,0.0148,2,0.8239,0.0,0
7,0.6777,-1,-0.018,7,0.5619,0.0,1
5,0.8698,2,-0.0237,7,0.6776,0.0,1
22,0.0578,1,-0.0001,27,0.0586,0.0009,2
2,0.99,1,-0.0362,7,0.1599,0.0,0
5,0.3734,0,-0.0109,20,0.3931,0.0,1
2,1.0782,1,0.1127,4,0.9388,0.0,0
2,0.5379,0,0.0522,20,0.3734,0.0,0
1,1.0491,1,0.0,0,1.0491,0.0,0
5,0.7902,3,0.0005,6,0.7877,0.0,1
7,0.1599,0,0.0115,27,0.0602,0.0003,1
4,0.6809,0,-0.0759,15,0.5117,0.0022,1
1,0.0666,0,0.0,22,0.0578,0.0,0
9,0.0602,0,0.0,27,0.0578,0.0,2
4,1.1544,1,-0.0305,3,1.041,0.0,0
1,0.8239,1,0.0,4,0.9672,0.0,0
1,0.9989,0,-0.0267,2,1.0838,0.0,0
5,0.9647,0,-0.0205,7,0.0578,0.0149,0
2,1.2221,2,0.0,0,1.2221,0.0666,0
3,0.8844,1,0.2238,7,0.0666,0.0001,0
2,0.9073,0,0.0776,20,0.3931,0.0,0
1,1.3929,0,0.0,2,1.3736,0.0,0
1,1.2286,1,0.0,0,1.2286,0.0,0
5,0.9841,0,-0.039,3,0.9769,0.0,0
1,1.3368,0,0.0,0,1.3368,0.0,0
1,1.1731,0,0.0,3,0.4916,0.0,0
1,1.0355,0,0.0,0,1.0355,0.0,0
2,0.9769,1,0.0342,5,0.9841,0.0,0
1,1.1799,1,0.0,0,1.1799,0.0,0
3,0.4916,-2,0.0364,20,0.3734,0.0,0
2,1.3736,1,0.116,1,0.9989,0.0,0
2,0.9672,-2,0.0478,4,0.8239,0.0,0
2,0.9717,-1,-0.0468,4,0.9818,0.0,0
2,1.0225,0,-0.0191,7,0.6777,0.0,0
6,0.7877,-1,-0.0356,5,0.7902,0.0005,1
1,1.1958,0,0.2488,3,0.9388,0.0,0
1,1.0728,0,0.0,0,1.0728,0.0,0
3,1.1444,1,0.0447,2,0.9216,0.0,0
2,1.0695,1,-0.1155,2,0.5379,0.0,0
1,0.7752,-1,-0.0745,7,0.4887,0.0,0
1,1.1795,1,0.0,0,1.1795,0.0,0
2,0.8901,-3,0.0726,7,0.1599,0.0007,0
5,0.6776,0,-0.0154,7,0.5619,0.0,1
1,1.1702,0,0.0,2,0.99,0.0,0
1,1.1723,0,0.0,0,1.1723,0.0,0
3,1.1018,0,-0.0098,2,0.9388,0.0,0
1,1.2511,0,0.0,0,1.2511,0.0,0
1,1.0017,0,0.0,0,1.0017,0.0,0
2,0.9216,0,-0.206,3,1.0725,0.0,0
1,1.1685,0,0.0,0,1.1685,0.0,0
1,0.4887,-1,-0.1379,15,0.5117,0.0,0
1,1.297,0,0.0,2,0.9717,0.0,0
1,1.0838,-1,-0.0894,2,0.9989,0.0,0
7,0.6932,2,0.0156,9,0.3417,0.0,1
2,1.0947,0,0.0165,3,0.9397,0.0,0
3,1.0481,-1,-0.0195,15,0.2558,0.0,0
16,0.0578,-3,-0.0009,26,0.0581,0.0244,2
2,0.9949,1,-0.1709,2,0.9397,0.0,0
23,0.0581,1,0.0003,26,0.0578,0.0007,2
2,1.1122,-1,-0.0322,4,0.999,0.0,0
10,0.0602,1,-0.0,26,0.0581,0.0,2
5,0.6938,-2,0.0161,9,0.5256,0.0,1
7,0.208,0,0.0482,26,0.0602,0.0003,1
26,0.0609,-1,0.0,23,0.0578,0.0,2
7,0.5366,0,-0.0648,4,0.0623,0.0012,1
20,0.404,0,0.011,4,0.3495,0.0,2
17,0.504,2,-0.0077,9,0.3417,0.0243,2
15,0.2558,1,-0.0712,26,0.0578,0.0,2
2,0.7336,0,-0.1736,20,0.3495,0.0,0
3,0.9539,0,0.0152,4,0.9541,0.0,0
1,1.1685,1,0.0,1,1.1795,0.0,0
1,1.1795,0,0.0,1,1.1685,0.0,0
2,1.1715,1,0.0877,1,0.9989,0.0,0
1,0.9989,0,0.0,2,1.0889,0.0,0
5,1.1477,1,-0.0066,3,1.1782,0.0,0
4,0.9405,-1,-0.0437,4,1.009,0.0,0
3,0.99,0,0.0,2,0.9918,0.0,0
4,0.3922,-1,0.0188,20,0.3495,0.0,1
1,1.3423,1,0.0,1,1.1018,0.0,0
1,1.3368,1,0.0,0,1.3368,0.0,0
4,0.9541,-1,-0.0106,7,0.5366,0.001,0
5,0.8436,3,-0.1464,7,0.208,0.0002,1
9,0.5256,2,-0.0363,17,0.3417,0.0289,2
1,1.25,1,0.0,2,0.7336,0.0,0
2,0.9918,2,0.0,4,0.892,0.0,0
1,1.0312,1,0.0,0,1.0312,0.0,0
3,0.7994,1,-0.0907,7,0.208,0.0005,0
3,0.8273,-2,0.0371,5,0.7983,0.0001,0
4,1.009,2,0.0321,4,0.9376,0.0,0
4,0.8643,1,-0.0202,7,0.0623,0.0001,1
1,1.3929,1,0.0,1,1.3885,0.0,0
1,1.2949,-1,0.2223,4,0.999,0.0,0
2,1.0337,-2,0.0519,3,0.9397,0.0,0
1,1.3885,0,-0.0043,1,1.2626,0.0,0
4,1.0434,1,0.0474,4,0.7983,0.0167,0
4,0.999,2,0.0773,2,1.1122,0.0003,0
2,1.1616,0,0.0,1,1.1723,0.0,0
4,0.9376,0,-0.0574,4,0.9556,0.0,0
1,1.0491,0,0.0,0,1.0491,0.0,0
3,1.1782,0,0.1372,5,1.1477,0.0,0
1,1.057,0,0.0,0,1.057,0.0,0
1,1.3084,1,0.0,2,0.7649,0.0,0
2,1.0761,-1,-0.0258,3,0.9932,0.0,0
3,0.6667,0,0.1751,20,0.3922,0.0,0
1,1.056,0,-0.1142,5,0.8436,0.0,0
1,1.1018,-1,-0.1202,1,1.3423,0.0,0
4,0.892,-1,0.0222,7,0.6932,0.0,1
1,1.0355,1,0.0,0,1.0355,0.0,0
3,0.7983,-3,0.0106,4,0.7994,0.0001,0
2,0.3495,0,-0.1884,20,0.3922,0.0,0
1,1.0193,-1,-0.0502,2,0.3495,0.0,0
2,1.1281,1,-0.0676,3,0.9539,0.0,0
1,1.2511,1,0.0,0,1.2511,0.0,0
3,0.9932,1,0.0545,2,1.0761,0.0,0
1,1.0017,0,0.0,0,1.0017,0.0,0
1,0.7649,1,0.0,2,0.3495,0.0,0
4,0.0623,3,-0.0043,23,0.0578,0.0011,1
1,1.1232,1,0.0,5,0.6938,0.0,0
1,1.1723,1,0.0,2,1.1616,0.0,0
4,0.3417,0,-0.3392,17,0.504,0.0022,1
1,1.2286,0,0.0,0,1.2286,0.0,0
1,1.2626,-1,-0.111,2,0.9989,0.0,0
1,1.0889,0,-0.0842,3,0.6667,0.0,0
1,0.9397,-1,-0.032,2,0.9949,0.0,0
1,1.297,0,0.0,2,0.9397,0.0,0
1,1.1799,0,0.0,0,1.1799,0.0,0
1,1.1288,0,0.0,2,0.7649,0.0,0
1,1.0728,1,0.0,0,1.0728,0.0,0
1,0.9556,0,0.1317,4,0.9376,0.0,0
27,0.0605,1,-0.0004,23,0.0572,0.0,2
19,0.469,2,-0.035,9,0.3341,0.0178,2
6,0.0622,2,-0.0,23,0.0572,0.0007,1
9,0.5506,0,0.025,19,0.3341,0.0256,2
14,0.0572,-2,-0.0006,27,0.0581,0.0201,2
1,1.0071,0,-0.2555,2,1.0523,0.0,0
22,0.4024,2,-0.0016,4,0.3738,0.0,2
1,1.0625,-2,0.3958,22,0.3922,0.0,0
16,0.2711,1,0.0153,27,0.0572,0.0,2
8,0.8414,3,-0.0022,6,0.0645,0.0,1
1,1.1156,0,0.0596,8,0.7037,0.0,0
2,1.0104,0,-0.1018,4,1.1222,0.0,0
2,1.1954,0,0.0672,2,1.0104,0.0,0
23,0.0581,0,0.0,27,0.0572,0.0005,2
2,0.3738,0,0.0243,22,0.3922,0.0,0
4,0.3922,0,0.0,22,0.3738,0.0,1
1,1.1799,1,0.0,0,1.1799,0.0,0
2,0.9221,0,-0.0729,4,0.9397,0.0,0
2,1.2368,-1,0.0586,3,1.037,0.0,0
3,0.9486,0,0.1504,6,0.8081,0.0008,0
3,1.0732,0,0.0799,2,0.9143,0.0,0
1,0.7854,1,0.0,9,0.5506,0.0,0
4,0.9203,0,-0.0173,5,0.9805,0.0,0
10,0.0602,0,0.0,27,0.0581,0.0,2
5,1.0001,1,-0.0434,3,0.9486,0.0,0
3,0.7237,-1,-0.1406,9,0.0622,0.0,0
1,1.2977,1,0.0,1,1.0254,0.0,0
5,0.0645,-2,-0.1435,27,0.0602,0.0,1
1,1.1795,1,0.0,0,1.1795,0.0,0
6,0.8081,3,0.0087,8,0.0645,0.0005,1
9,0.631,2,0.0944,6,0.0622,0.0049,1
4,0.3341,0,-0.0076,19,0.469,0.022,1
1,1.3084,0,0.0,1,0.9881,0.0,0
1,1.3368,0,0.0,0,1.3368,0.0,0
2,1.0486,0,-0.0461,3,0.9143,0.0,0
2,1.0136,-1,0.0596,3,0.9485,0.0,0
1,0.4199,-1,-0.3138,22,0.3738,0.0,0
1,1.0193,0,0.0,2,0.3738,0.0,0
2,0.9143,2,0.0,3,0.9397,0.0,0
1,1.1095,-2,0.1194,4,0.9143,0.0,0
1,1.1288,1,0.0,3,1.0486,0.0,0
1,1.0254,-1,-0.1362,1,1.1723,0.0,0
2,1.2601,1,-0.1285,1,1.0071,0.0,0
1,1.057,0,0.0,1,1.0017,0.0,0
1,1.2511,0,0.0,0,1.2511,0.0,0
8,0.7591,1,0.0659,9,0.3341,0.0,1
3,1.044,-2,-0.1037,3,1.1849,0.0,0
5,0.9805,1,-0.0285,4,0.9203,0.0,0
2,1.2441,1,-0.0059,1,0.4199,0.0,0
1,1.0889,0,0.0,1,1.0523,0.0,0
3,1.1849,3,0.0,3,1.044,0.0,0
4,1.0484,2,0.0566,2,0.8144,0.0,0
1,1.0487,-2,0.0006,16,0.2711,0.0,0
3,0.9485,-1,-0.0057,9,0.631,0.0173,0
2,0.9303,2,0.0,4,0.8144,0.0,0
1,0.9881,0,0.2232,2,0.3738,0.0,0
2,0.7037,2,0.0,10,0.0602,0.0,0
1,1.0728,0,0.0,0,1.0728,0.0,0
1,1.1685,0,0.0,0,1.1685,0.0,0
1,1.0017,1,0.0,1,1.057,0.0,0
2,1.037,2,0.0,3,0.7237,0.0,0
4,1.1222,0,0.1233,2,1.0104,0.0017,0
1,1.0491,1,0.0,1,1.0269,0.0,0
1,1.1018,0,-0.2405,1,1.3423,0.0,0
1,1.3929,0,0.0,2,1.2601,0.0,0
1,0.8144,-3,-0.0777,8,0.7591,0.0,0
1,1.0312,0,0.0,0,1.0312,0.0,0
3,0.8638,-2,0.17,9,0.5506,0.0,0
1,1.3423,1,0.0,1,1.1018,0.0,0
1,1.0269,1,0.0,1,1.0491,0.0,0
1,1.1723,0,0.0,1,1.0254,0.0,0
1,1.0355,0,0.0,0,1.0355,0.0,0
1,0.9397,-1,-0.094,4,0.9143,0.0,0
1,1.297,0,0.3574,2,0.9221,0.0,0
1,1.2286,1,0.0,0,1.2286,0.0,0
1,1.0523,1,0.0,2,1.0071,0.0,0
1,1.2593,-1,0.0877,1,1.0071,0.0,0
1,0.9989,0,-0.0534,2,0.9518,0.0,0
27,0.0605,0,0.0,23,0.0581,0.0,2
10,0.0602,0,0.0,27,0.0581,0.0,2
1,1.3368,1,0.0,0,1.3368,0.0,0
16,0.4025,-6,0.0001,7,0.3997,0.0,2
7,0.4365,3,0.1024,12,0.4752,0.029,1
5,0.7302,-3,-0.0289,9,0.4365,0.0,1
4,0.9841,1,0.0355,6,0.7609,0.0008,0
6,0.7609,6,0.0,7,0.8331,0.0001,1
2,0.9759,2,0.0,4,0.9605,0.0,0
23,0.0581,0,-0.0,27,0.0581,0.0005,2
12,0.5183,-7,0.0493,9,0.4365,0.0269,2
3,1.0245,1,0.0141,2,1.0968,0.0,0
3,0.9737,1,0.0594,2,1.0611,0.0,0
17,0.2529,1,-0.0182,27,0.0581,0.0,2
10,0.0593,4,-0.0029,23,0.0581,0.001,2
2,1.0611,-1,-0.0121,3,0.9737,0.0,0
3,0.6628,0,-0.0609,10,0.0593,0.0,0
2,0.7931,0,0.0893,10,0.0602,0.0,0
7,0.4283,6,0.0084,16,0.4025,0.0,1
9,0.4752,0,-0.0754,12,0.4365,0.0198,2
2,1.0968,0,-0.0985,3,1.0245,0.0,0
5,1.1793,2,-0.0056,3,1.1782,0.0,0
1,1.0254,1,0.0,1,1.1723,0.0,0
5,0.0858,0,0.0213,27,0.0602,0.0,1
1,1.0017,0,0.0,0,1.0017,0.0,0
9,0.6326,0,0.0016,10,0.0593,0.0008,1
1,1.0889,0,0.0,1,0.9518,0.0,0
3,0.99,1,0.0597,5,0.7447,0.0,0
1,0.9139,-1,-0.0082,5,0.9539,0.0,0
10,0.0581,-4,0.0009,27,0.0581,0.0111,2
2,0.7447,-1,-0.1191,9,0.4752,0.0,0
3,1.1782,0,0.1342,5,1.1793,0.0,0
1,1.1753,0,-0.084,2,0.9538,0.0,0
2,1.038,1,-0.0111,0,1.038,0.0009,0
1,1.1723,0,0.1469,1,1.0254,0.0,0
1,1.057,1,0.0,0,1.057,0.0,0
2,1.1665,-2,0.0442,3,1.0245,0.0001,0
4,0.9732,1,0.0248,9,0.6326,0.0208,0
4,0.9605,-1,-0.0396,4,0.9759,0.0,0
4,0.9883,-1,0.0077,3,0.9514,0.0,0
1,1.0719,0,0.0837,7,0.4225,0.0,0
7,0.8331,-1,-0.0083,6,0.0858,0.0,1
1,1.2511,1,0.0,0,1.2511,0.0,0
1,1.1799,0,0.0,0,1.1799,0.0,0
1,0.9538,0,-0.1619,7,0.7931,0.0,0
3,0.4225,1,0.0487,16,0.3997,0.0,0
2,1.1715,1,0.1644,1,0.9989,0.0,0
5,0.9539,1,-0.0945,3,0.9139,0.0,0
1,1.1795,0,0.0,1,1.1685,0.0,0
3,0.3997,-1,0.0075,16,0.4025,0.0,0
1,1.3423,1,0.0,1,1.1018,0.0,0
1,1.2903,0,-0.1025,1,1.2626,0.0,0
3,0.9514,-1,0.0311,4,0.9883,0.0,0
3,1.0309,1,-0.0061,3,0.6628,0.0,0
1,1.0312,1,0.0,0,1.0312,0.0,0
2,0.9293,1,0.1439,9,0.4752,0.0,0
1,1.2977,0,0.0,1,1.0254,0.0,0
1,1.2053,0,-0.0917,2,0.9139,0.0,0
2,1.0782,1,0.1385,5,0.9139,0.0,0
1,1.0355,1,0.0,0,1.0355,0.0,0
1,1.2065,-1,0.193,4,0.9732,0.0,0
1,0.9472,0,-0.3612,1,1.0719,0.0,0
1,1.3324,-1,0.0883,7,0.4283,0.0,0
1,1.3929,1,0.0,1,1.2903,0.0,0
1,1.1658,0,0.3515,5,0.7302,0.0,0
1,1.1685,1,0.0,1,1.1795,0.0,0
1,1.25,1,0.0,1,1.049,0.0,0
1,1.3084,1,0.0,2,0.9472,0.0,0
1,1.049,0,-0.0798,2,1.0611,0.0,0
1,0.9518,0,-0.1106,16,0.3997,0.0,0
1,1.2555,1,0.0,0,1.2555,0.0,0
1,1.0728,1,0.0,0,1.0728,0.0,0
1,1.2286,0,0.0,0,1.2286,0.0,0
1,1.1018,0,-0.2405,1,1.3423,0.0,0
1,1.2626,-1,0.0025,2,0.9989,0.0,0
1,0.713,1,0.0,12,0.5183,0.0,0
28,0.0606,1,0.0002,23,0.0581,0.0,2
1,1.3084,0,0.0,1,1.0031,0.0,0
23,0.0581,0,0.0,28,0.0584,0.0005,2
16,0.1843,-1,-0.0686,28,0.0591,0.0,2
7,0.9994,3,0.0153,3,0.7397,0.0048,0
5,0.0854,0,-0.0005,28,0.0602,0.0,1
5,1.0453,2,0.0208,1,1.0138,0.0001,0
12,0.5436,0,0.0253,10,0.4763,0.0286,2
12,0.0584,2,-0.0009,23,0.0581,0.0003,2
9,0.4157,2,-0.0126,15,0.3855,0.0,2
4,1.106,1,0.0751,5,0.5475,0.0,0
3,1.1853,3,0.0,2,1.107,0.0,0
10,0.4763,1,0.001,12,0.509,0.0104,2
1,1.1213,1,0.0,2,0.9102,0.0,0
8,0.0591,-2,0.001,28,0.0581,0.0059,2
5,0.9971,3,0.0212,3,0.9168,0.0,0
2,1.1527,1,-0.0538,4,0.9617,0.0,0
15,0.4147,-1,0.0122,9,0.3855,0.0,2
7,0.8216,0,-0.0115,5,0.0854,0.0002,1
4,0.7351,-1,0.0049,10,0.4763,0.0,1
2,1.2912,1,0.0412,1,1.049,0.0,0
2,1.038,0,0.0,1,1.0407,0.0018,0
7,0.509,0,0.0724,12,0.4763,0.0001,1
1,0.9397,0,0.0258,3,0.9102,0.0,0
4,0.9061,3,-0.0477,7,0.8216,0.0,0
1,1.2555,1,0.0,1,1.1685,0.0,0
1,1.2511,1,0.0,0,1.2511,0.0,0
2,0.9102,-3,-0.0438,5,0.9397,0.0,0
1,1.0523,1,0.0,15,0.4147,0.0,0
1,1.0998,1,0.0,2,1.0193,0.0,0
2,1.107,-3,-0.0723,3,1.1853,0.0,0
6,0.3855,3,-0.037,15,0.4147,0.0,1
1,1.0254,0,0.0,1,1.1723,0.0,0
10,0.0602,0,-0.0,28,0.0581,0.0,2
1,1.1795,0,0.0,1,1.1685,0.0,0
1,0.767,-1,0.0223,10,0.4763,0.0,0
3,0.94,-1,-0.0482,5,0.9313,0.0,0
3,0.7397,-3,-0.0213,7,0.8216,0.0,0
1,0.9431,-1,0.0138,10,0.4763,0.0,0
4,0.9964,1,0.0228,3,1.0031,0.0,0
5,0.5475,2,-0.1153,12,0.0584,0.0002,1
1,1.0312,0,0.0,0,1.0312,0.0,0
6,0.5147,-3,-0.1179,12,0.0584,0.0007,1
1,1.0889,0,0.1371,15,0.4147,0.0,0
3,1.2121,0,0.034,2,1.107,0.0,0
5,0.9644,2,-0.0256,2,0.767,0.0,0
1,1.0355,0,0.0,0,1.0355,0.0,0
1,1.1723,0,0.0,1,1.0254,0.0,0
3,1.1016,1,0.0234,4,0.9102,0.0,0
4,0.9617,0,-0.0115,6,0.5147,0.0208,0
2,1.2221,1,-0.1202,0,1.2221,0.0001,0
1,1.0193,0,0.0721,1,1.0998,0.0,0
1,1.057,1,0.0,0,1.057,0.0,0
1,1.0138,-1,-0.083,5,1.0453,0.0,0
2,1.1715,0,0.0,1,1.1753,0.0,0
1,1.0407,1,0.0,2,1.038,0.0,0
1,1.2286,1,0.0,1,0.9313,0.0,0
1,1.2903,0,0.0,1,1.0523,0.0,0
1,1.12,1,0.0,10,0.0602,0.0,0
1,1.1347,0,-0.0312,5,0.7351,0.0,0
1,1.1685,0,0.0,1,1.1795,0.0,0
1,1.3929,0,0.0,1,1.2903,0.0,0
1,1.0728,0,0.0,0,1.0728,0.0,0
1,1.1753,0,0.0,4,0.9061,0.0,0
1,1.0031,-1,-0.058,4,0.9964,0.0,0
1,1.049,0,0.0,2,1.0031,0.0,0
1,1.2626,0,0.0,2,1.0523,0.0,0
1,0.9168,-3,-0.0437,7,0.9971,0.0,0
1,0.9313,-2,-0.0201,3,0.94,0.0,0
1,1.2977,1,0.0,1,1.0254,0.0,0
1,1.3368,0,0.0,0,1.3368,0.0,0
1,1.1799,1,0.0,0,1.1799,0.0,0
1,1.0017,0,0.0,0,1.0017,0.0,0
1,0.9495,-1,0.1564,10,0.0602,0.0,0
16,0.145,0,-0.0393,28,0.0603,0.0,2
24,0.0582,1,0.0001,28,0.0579,0.0006,2
13,0.4048,4,-0.0109,11,0.3833,0.0,2
28,0.0606,0,0.0,24,0.0582,0.0,2
13,0.0579,1,-0.0005,24,0.0582,0.0003,2
6,0.0603,-2,0.0012,28,0.0579,0.0,1
1,0.4953,1,0.0,13,0.3833,0.0,0
1,0.9397,-1,0.0295,3,0.8863,0.0,0
2,1.0338,0,-0.0042,1,1.0491,0.0009,0
7,0.6063,1,0.0916,13,0.0579,0.0016,1
10,0.0602,0,0.0,28,0.0582,0.0,2
2,1.1287,0,-0.0239,3,1.0254,0.0,0
1,1.0223,1,0.0,3,0.9288,0.0,0
3,1.0254,-1,0.0637,7,0.6063,0.0252,0
5,0.3833,-1,-0.0022,13,0.3934,0.0,1
1,1.3084,0,0.3053,3,1.0223,0.0,0
4,0.933,1,-0.0071,5,0.9923,0.0,0
2,1.1602,2,0.0,2,1.0841,0.0,0
10,0.5054,0,0.0292,11,0.5023,0.0118,2
4,0.9324,4,0.0,7,0.0931,0.0003,0
1,1.0256,0,-0.0267,11,0.3934,0.0,0
1,1.0728,0,0.0,0,1.0728,0.0,0
3,1.0399,-2,-0.0054,2,1.0653,0.0,0
6,0.685,1,0.1376,13,0.0579,0.0003,1
11,0.3934,-4,-0.0213,13,0.3833,0.0,2
7,0.7843,0,-0.0373,7,0.0931,0.0,1
1,1.057,1,0.0,0,1.057,0.0,0
11,0.5023,-1,-0.0413,10,0.5054,0.0274,2
1,1.1685,0,-0.011,1,1.1795,0.0,0
1,1.2647,0,0.0895,7,0.8721,0.0,0
1,1.1723,0,0.0,1,1.0254,0.0,0
4,0.9538,-3,-0.0456,4,0.9324,0.0002,0
1,1.1441,0,0.2044,2,0.8863,0.0,0
3,0.99,3,0.0,1,0.6724,0.0,0
2,1.0841,-2,-0.0219,6,0.685,0.0,0
1,1.3368,1,0.0,1,1.0312,0.0,0
4,1.1379,2,0.0309,4,1.1703,0.0,0
7,0.8721,3,-0.034,7,0.7843,0.0,1
3,1.0436,-1,0.0472,3,0.9288,0.0,0
1,1.0491,1,0.0,2,1.0338,0.0,0
1,1.2421,1,0.0,1,1.2555,0.0,0
1,1.3423,1,0.0,1,1.1018,0.0,0
1,1.1018,-1,-0.1202,1,1.3423,0.0,0
7,0.571,0,0.0621,11,0.5023,0.0149,1
5,0.9923,0,-0.0048,4,0.933,0.0,0
2,0.8863,1,-0.235,2,0.9397,0.0,0
2,0.9576,1,-0.177,3,0.6724,0.0,0
3,0.8015,-1,0.0665,10,0.5054,0.0,0
1,1.0889,0,0.0,11,0.3934,0.0,0
1,1.0193,0,0.0,1,0.4953,0.0,0
4,1.1703,1,-0.0151,4,1.1379,0.0,0
1,1.2977,1,0.0,0,1.2977,0.0,0
1,1.25,1,0.0,1,1.0223,0.0,0
1,1.0355,0,0.0,1,1.0312,0.0,0
1,1.2555,1,0.0,1,1.2421,0.0,0
5,0.0931,0,0.0077,28,0.0602,0.0003,1
1,1.0254,0,0.0,1,1.1723,0.0,0
1,1.1795,1,0.0,1,1.1685,0.0,0
1,1.1799,0,0.0,0,1.1799,0.0,0
3,0.9907,3,0.0,3,0.9288,0.0,0
2,1.0653,1,0.0515,3,1.0399,0.0,0
1,1.2286,1,0.0,0,1.2286,0.0,0
1,1.2424,0,0.1225,10,0.0602,0.0,0
1,0.6724,0,-0.0947,10,0.5054,0.0,0
1,1.2593,-1,0.0877,1,1.0071,0.0,0
1,1.0312,1,0.0,1,1.0355,0.0,0
1,1.0017,1,0.0,0,1.0017,0.0,0
1,1.0071,0,-0.2555,1,1.0256,0.0,0
1,1.0262,-4,0.0618,3,0.6724,0.0,0
1,1.2305,0,-0.0598,2,1.0071,0.0,0
2,1.3907,1,-0.0022,1,1.2305,0.0,0
1,1.3045,1,0.0,7,0.8721,0.0,0
1,0.8536,1,0.0,11,0.5023,0.0,0
1,1.3324,-1,0.0412,1,1.1835,0.0,0
1,0.9288,-2,-0.1729,3,0.9397,0.0,0
1,1.2511,0,0.0,0,1.2511,0.0,0
1,1.1835,0,0.0837,1,0.4953,0.0,0
4,1.0156,3,0.3432,11,0.5082,0.0,0
30,0.0603,2,-0.0004,25,0.0585,0.0,2
7,0.7557,1,0.0707,13,0.0579,0.0003,1
5,0.0591,-1,-0.0012,30,0.0579,0.0,1
14,0.1151,-2,-0.0299,30,0.0591,0.0,2
17,0.3988,4,-0.006,8,0.3734,0.0,2
1,1.2555,1,0.0,1,1.1685,0.0,0
2,0.9893,-3,-0.0029,4,0.9513,0.0,0
2,1.048,-1,0.0044,4,0.9625,0.0,0
10,0.5088,-1,0.0065,11,0.5082,0.0207,2
4,0.9416,2,-0.0161,4,1.0156,0.0,0
11,0.5082,1,0.0028,10,0.5088,0.0196,2
1,1.2522,1,0.0,3,1.1716,0.0,0
13,0.0579,0,-0.0,25,0.0585,0.0003,2
10,0.0602,0,-0.0,30,0.0585,0.0,2
1,1.1835,0,0.0,1,0.471,0.0,0
9,0.5289,2,-0.0421,11,0.5082,0.0211,2
4,1.0446,4,0.0,4,0.9341,0.0,0
8,0.6632,1,0.0569,13,0.0579,0.0053,1
25,0.0585,1,0.0003,30,0.0579,0.0007,2
6,0.784,-1,-0.0003,7,0.0928,0.0,1
1,1.0193,1,0.0,1,1.1835,0.0,0
1,1.0312,0,0.0,1,1.3368,0.0,0
1,1.3423,0,0.0,1,1.1018,0.0,0
2,1.1715,1,0.1644,1,0.9188,0.0,0
3,1.1716,-1,0.0014,3,1.1343,0.0,0
4,0.9574,4,0.0,6,0.784,0.0001,0
1,1.2424,0,-0.0621,7,0.8534,0.0,0
8,0.4575,-3,0.0641,17,0.3734,0.0,2
7,0.8534,0,-0.0187,6,0.784,0.0,1
1,1.3929,1,0.0,1,1.3885,0.0,0
1,1.2421,0,0.0,0,1.2421,0.0,0
4,1.0777,2,0.0124,1,0.9395,0.0,0
2,1.247,1,-0.003,1,0.9957,0.0,0
1,1.1911,1,0.0,3,1.1716,0.0,0
4,0.9625,1,-0.0282,3,1.048,0.0,0
3,1.1155,2,0.1758,4,0.9416,0.0,0
3,1.1343,-1,-0.0036,3,1.1716,0.0,0
1,1.057,0,0.0,0,1.057,0.0,0
5,0.0928,0,-0.0003,30,0.0602,0.0003,1
5,0.3734,0,-0.0099,17,0.3988,0.0,1
4,0.9341,0,-0.0197,4,0.9574,0.0025,0
3,1.0947,1,-0.0655,1,1.2366,0.0,0
2,1.038,1,-0.0111,1,1.0407,0.0003,0
1,1.0254,1,0.0,0,1.0254,0.0,0
1,1.0355,1,0.0,0,1.0355,0.0,0
1,1.0407,-1,0.0069,2,1.038,0.0,0
1,1.1685,0,0.0,1,1.2555,0.0,0
1,1.2286,1,0.0,3,0.9513,0.0,0
1,1.1799,1,0.0,1,1.1795,0.0,0
1,0.9395,-2,-0.1004,4,1.0777,0.0,0
1,1.3885,-1,-0.0022,1,1.2626,0.0,0
1,1.3045,1,0.0,1,1.2424,0.0,0
1,1.2647,0,0.0055,2,0.9815,0.0,0
2,1.1385,-1,0.1131,8,0.6632,0.0,0
1,1.0711,-1,-0.0576,4,1.0777,0.0,0
1,1.3084,0,0.0,2,0.9957,0.0,0
1,0.9188,0,-0.1068,8,0.4575,0.0,0
1,1.1795,1,0.0,1,1.1799,0.0,0
1,1.3368,0,0.0,1,1.0312,0.0,0
1,1.0728,1,0.0,0,1.0728,0.0,0
1,1.1723,1,0.0,0,1.1723,0.0,0
1,1.2366,-1,0.1525,7,0.7557,0.0,0
1,0.9815,0,-0.2832,7,0.8534,0.0,0
1,1.2626,0,0.032,2,0.9188,0.0,0
3,0.9513,-1,0.0183,2,0.9893,0.0,0
1,1.0017,0,0.0,0,1.0017,0.0,0
1,1.2977,0,0.0,0,1.2977,0.0,0
1,0.471,0,-0.0243,17,0.3734,0.0,0
1,1.0724,-2,0.2708,11,0.5082,0.0,0
1,1.2511,0,0.0,0,1.2511,0.0,0
1,1.1018,0,0.0,1,1.3423,0.0,0
1,0.9957,0,-0.0266,2,1.048,0.0,0
2,1.0701,-1,-0.0642,3,1.1387,0.0,0
9,0.4625,0,-0.0664,10,0.4354,0.0001,2
4,1.0174,0,-0.0603,1,1.2056,0.0,0
2,1.3256,1,-0.063,1,0.9188,0.0,0
3,1.1387,0,-0.033,3,1.0701,0.0,0
5,0.0591,0,0.0,30,0.0579,0.0,1
1,1.0193,0,0.0,1,1.1835,0.0,0
25,0.0585,0,0.0,30,0.0579,0.0006,2
7,0.6068,-1,-0.0564,13,0.0579,0.0008,1
30,0.0603,0,-0.0,25,0.0585,0.0,2
7,0.4567,-1,-0.0008,17,0.3833,0.0,1
17,0.3885,0,-0.0104,7,0.3833,0.0,2
3,0.9318,1,-0.0576,5,0.9556,0.0,0
1,1.1835,1,0.0,2,1.0193,0.0,0
5,0.093,0,0.0002,30,0.0602,0.0004,1
8,0.8288,2,0.0448,7,0.093,0.0001,1
2,1.0657,1,-0.0067,9,0.4354,0.0,0
1,1.3324,-1,0.0854,2,1.092,0.0,0
13,0.0579,0,0.0,25,0.0585,0.0003,2
5,0.3833,0,0.0099,17,0.3885,0.0,1
5,1.004,1,-0.0405,3,0.9168,0.0,0
1,1.0254,0,0.0,0,1.0254,0.0,0
1,1.0728,0,0.0,0,1.0728,0.0,0
14,0.0926,0,-0.0225,30,0.0591,0.0,2
4,0.99,0,0.0276,2,1.0648,0.0,0
9,0.4354,-2,-0.0728,10,0.4625,0.013,2
10,0.0602,0,0.0,30,0.0585,0.0,2
1,1.2593,-1,0.0877,1,1.0071,0.0,0
1,1.2647,0,0.0,3,0.9833,0.0,0
10,0.485,0,-0.0238,9,0.4354,0.0295,2
3,0.9833,2,0.0018,7,0.8124,0.0,0
3,0.9575,3,0.0,8,0.093,0.0,0
1,1.0071,0,-0.2555,2,0.9188,0.0,0
7,0.8124,0,-0.041,8,0.8288,0.0,1
5,0.6917,-2,-0.0639,13,0.0579,0.0002,1
1,0.9556,-2,0.0043,3,0.9318,0.0,0
1,1.2977,1,0.0,0,1.2977,0.0,0
1,1.0355,0,0.0,1,1.0312,0.0,0
1,1.1799,1,0.0,0,1.1799,0.0,0
1,0.5196,0,0.0485,17,0.3833,0.0,0
3,0.9119,-1,-0.0296,4,0.942,0.0,0
1,1.2511,1,0.0,0,1.2511,0.0,0
2,1.0648,-1,-0.0506,4,0.9119,0.0,0
1,1.0017,0,0.0,0,1.0017,0.0,0
2,1.092,1,0.0962,2,1.1225,0.0,0
2,1.1225,0,0.0745,4,0.99,0.0,0
1,0.9168,-3,-0.0173,5,0.9575,0.0,0
1,1.1412,0,-0.1009,1,1.2421,0.0,0
3,0.9015,2,-0.3351,5,0.6917,0.0,0
3,1.0389,1,0.0009,0,1.0389,0.0001,0
1,1.1685,1,0.0,1,1.1795,0.0,0
1,1.2674,1,0.0,3,1.0701,0.0,0
1,1.1723,0,0.0,0,1.1723,0.0,0
1,1.2056,0,0.1345,4,1.0174,0.0,0
3,1.082,0,-0.0126,3,0.9015,0.0,0
1,1.1018,0,-0.2405,1,1.3423,0.0,0
1,1.0312,1,0.0,1,1.0355,0.0,0
1,1.0806,1,0.0,9,0.4354,0.0,0
2,1.2735,1,-0.031,0,1.2735,0.0,0
4,0.942,0,-0.0736,9,0.4354,0.0,0
3,1.1956,2,-0.0566,3,1.1387,0.0,0
1,0.5947,1,0.0,17,0.3885,0.0,0
1,1.2421,1,0.0,1,1.1412,0.0,0
1,1.3423,1,0.0,1,1.1018,0.0,0
3,1.1073,1,-0.0312,7,0.6068,0.0229,0
1,0.9188,1,0.0,17,0.3885,0.0,0
1,1.3929,1,0.0,1,0.5947,0.0,0
1,1.2286,0,0.0,1,0.9556,0.0,0
1,1.3368,1,0.0,1,1.0312,0.0,0
1,1.2014,1,0.0,4,0.9119,0.0,0
1,1.2555,0,0.0,1,1.2421,0.0,0
1,1.1795,0,0.0,1,1.1685,0.0,0
1,1.057,1,0.0,0,1.057,0.0,0
25,0.0585,0,-0.0,30,0.0579,0.0006,2
2,0.9288,-2,-0.0885,3,1.1309,0.0,0
8,0.7533,1,-0.0591,5,0.9161,0.0,1
30,0.0603,0,0.0,25,0.0585,0.0,2
5,0.9979,2,0.086,2,0.922,0.0,0
6,0.4192,-1,-0.0375,18,0.354,0.0,1
1,1.3587,-1,0.0331,2,0.7853,0.0,0
13,0.4834,3,-0.0016,10,0.3947,0.026,2
6,0.6481,1,-0.0436,13,0.0579,0.0002,1
2,1.05,1,0.1332,4,0.9153,0.0,0
2,1.038,2,0.0,1,1.0407,0.0001,0
4,0.9502,1,0.0184,3,0.9842,0.0,0
1,1.1799,0,0.0,1,1.1795,0.0,0
18,0.354,1,-0.0345,6,0.3632,0.0,2
1,0.9288,-1,-0.1361,5,0.9367,0.0,0
6,0.7151,-1,0.1083,13,0.0579,0.0059,1
5,0.1107,0,0.0177,30,0.0602,0.0004,1
14,0.0878,0,-0.0048,30,0.0591,0.0,2
1,1.3045,1,0.0,1,1.2424,0.0,0
5,0.0591,0,0.0,30,0.0579,0.0,1
2,1.1715,1,0.1644,1,0.7853,0.0,0
10,0.486,1,0.0236,13,0.3947,0.011,2
1,1.1723,1,0.0,1,1.0254,0.0,0
3,0.9842,-2,-0.0198,4,0.9502,0.0173,0
4,0.9153,1,-0.0423,5,0.1107,0.0257,0
5,0.8841,2,-0.0174,6,0.6481,0.0001,1
1,1.0407,-2,0.0018,2,1.038,0.0,0
2,1.2912,2,0.0,1,1.0223,0.0,0
10,0.0602,0,0.0,30,0.0585,0.0,2
1,1.2555,1,0.0,1,1.1685,0.0,0
5,0.3632,0,-0.0201,18,0.354,0.0,1
2,1.1002,-1,0.0181,5,0.8841,0.0,0
13,0.0579,0,0.0,25,0.0585,0.0003,2
1,1.0312,0,0.0,1,1.0355,0.0,0
3,0.9642,2,-0.1163,5,0.3947,0.0,0
1,0.7853,0,-0.1335,18,0.354,0.0,0
5,0.9161,2,-0.0672,8,0.7533,0.0,0
1,0.9367,0,-0.2648,5,0.922,0.0,0
1,1.2421,0,0.0,1,1.1412,0.0,0
5,0.3947,-4,-0.0407,13,0.4834,0.0,1
1,1.0355,0,0.0,1,1.0312,0.0,0
1,1.1018,0,0.0,1,1.3423,0.0,0
1,0.5681,0,0.0485,18,0.354,0.0,0
4,1.0128,0,0.0228,1,0.9288,0.0,0
1,1.0903,1,0.0,3,1.1409,0.0,0
1,1.2647,0,0.0055,2,1.0369,0.0,0
1,1.1412,0,0.0,1,1.2421,0.0,0
2,0.922,-2,-0.02,5,0.3947,0.0,0
2,1.1602,1,-0.1073,2,1.1002,0.0,0
1,1.1835,0,0.0,1,1.0193,0.0,0
3,1.1637,0,-0.0319,3,1.0903,0.0,0
1,1.3368,0,0.0,1,1.0312,0.0,0
1,1.3929,1,0.0,1,1.3885,0.0,0
1,1.3423,0,0.0,1,1.1018,0.0,0
3,1.1409,0,0.0023,3,1.0903,0.0,0
1,1.057,1,0.0,0,1.057,0.0,0
1,0.653,0,0.0583,18,0.354,0.0,0
1,1.3084,-1,0.1859,4,1.0128,0.0,0
1,1.1795,1,0.0,1,1.1799,0.0,0
1,1.2522,1,0.0,3,1.0903,0.0,0
1,1.1685,0,0.0,1,1.2555,0.0,0
1,1.0223,1,0.0,4,0.9288,0.0,0
3,1.1309,2,-0.0747,2,0.9288,0.0,0
1,1.2511,1,0.0,0,1.2511,0.0,0
1,1.0369,0,-0.2278,5,0.9161,0.0,0
1,1.2977,0,0.0,1,1.0254,0.0,0
4,0.9377,-4,0.1089,8,0.1107,0.0,0
1,1.3885,1,0.0,1,1.3587,0.0,0
1,1.2424,-1,-0.031,1,1.3045,0.0,0
1,1.0254,1,0.0,1,1.1723,0.0,0
1,1.0728,0,0.0,0,1.0728,0.0,0
1,1.0138,-2,-0.0934,6,0.7151,0.0,0
1,1.0017,1,0.0,0,1.0017,0.0,0
1,1.2286,0,0.273,4,0.9502,0.0,0
1,1.0193,1,0.0,1,1.1835,0.0,0
1,1.0905,-1,0.0248,10,0.3947,0.0,0
4,0.3854,-1,0.0221,21,0.3672,0.0,1
16,0.4504,3,-0.033,6,0.5122,0.0252,2
2,1.0689,1,0.0319,6,0.8667,0.0,0
30,0.0603,0,0.0,25,0.0585,0.0,2
21,0.3672,3,0.0132,4,0.3854,0.0,2
10,0.0602,0,0.0,30,0.0585,0.0,2
6,0.8799,1,-0.0042,6,0.7038,0.0,1
13,0.0579,0,0.0,25,0.0585,0.0003,2
4,1.003,1,-0.1279,2,1.124,0.0,0
14,0.0743,0,-0.0135,30,0.0591,0.0,2
1,1.2286,0,0.0,3,0.9267,0.0,0
3,0.9267,-1,-0.0235,2,0.9893,0.0,0
3,0.4618,-3,0.0426,21,0.3672,0.0,0
1,1.3423,1,0.0,1,1.1018,0.0,0
6,0.8667,1,-0.0494,7,0.8124,0.0,1
6,0.5122,-4,0.0262,16,0.4504,0.0044,1
25,0.0585,0,0.0,30,0.0579,0.0005,2
4,0.9554,3,0.0188,2,0.9739,0.0,0
1,1.2555,0,0.0,1,1.2421,0.0,0
3,1.0737,1,-0.0865,1,1.2674,0.0,0
5,0.0591,0,0.0,30,0.0579,0.0,1
2,0.483,1,-0.0851,21,0.3672,0.0,0
6,0.7038,0,0.0557,13,0.0579,0.0003,1
1,1.0193,0,0.0,1,1.1835,0.0,0
1,0.8905,-2,-0.0738,4,0.7812,0.0,0
3,0.9228,2,-0.1677,6,0.5122,0.0,0
4,0.9951,2,-0.0549,2,0.9039,0.0014,0
5,0.7324,-1,0.0173,13,0.0579,0.021,1
2,1.2735,1,-0.031,0,1.2735,0.0,0
1,1.2627,0,0.1724,2,1.0281,0.0,0
2,1.0548,-3,0.0569,4,0.9228,0.0,0
1,1.2522,1,0.0,2,1.1224,0.0,0
4,0.9296,0,-0.0081,7,0.1164,0.0309,0
1,1.0312,0,0.0,1,1.3368,0.0,0
2,0.9739,0,0.052,4,0.7812,0.0,0
1,1.0407,0,0.0,2,1.038,0.0,0
5,0.1164,0,0.0057,30,0.0602,0.0,1
7,0.8124,-1,0.0591,6,0.8667,0.0,1
2,1.0281,-1,-0.1128,2,1.1224,0.0,0
1,1.0017,0,0.0,0,1.0017,0.0,0
2,1.1836,1,-0.0686,2,1.1224,0.0,0
2,1.038,0,0.0,1,1.0407,0.0,0
2,1.1362,1,0.1138,2,1.0461,0.0,0
4,0.7812,-1,0.3865,16,0.4504,0.0,1
2,0.9039,2,0.0,4,0.9168,0.0,0
1,1.1685,1,0.0,1,1.1795,0.0,0
1,1.0728,1,0.0,0,1.0728,0.0,0
1,1.3587,0,-0.0299,1,1.3885,0.0,0
2,1.1224,-1,-0.0413,2,1.0281,0.0,0
2,0.9893,-1,0.0051,4,0.9267,0.0203,0
1,1.3084,0,0.0,2,1.0193,0.0,0
1,0.7112,0,0.0583,21,0.3672,0.0,0
1,1.1835,1,0.0,2,1.0193,0.0,0
2,1.124,1,0.1102,5,0.7324,0.0261,0
1,1.1799,1,0.0,0,1.1799,0.0,0
1,0.6518,0,-0.1335,21,0.3672,0.0,0
1,1.1989,1,0.0,0,1.1989,0.0,0
1,1.1723,0,0.0,1,1.0254,0.0,0
2,1.0461,-2,0.0334,4,0.9554,0.0,0
1,1.057,0,0.0,0,1.057,0.0,0
1,0.9168,-3,0.0015,5,0.1164,0.0,0
2,1.1715,0,0.0,1,0.6518,0.0,0
1,1.3324,-1,0.0412,2,1.1362,0.0,0
1,1.1018,0,-0.2405,1,1.3423,0.0,0
1,1.2511,0,0.0,0,1.2511,0.0,0
1,1.2421,1,0.0,1,1.1412,0.0,0
1,1.3929,1,0.0,1,1.3885,0.0,0
1,1.2647,0,0.0,2,1.0689,0.0,0
1,1.0355,1,0.0,0,1.0355,0.0,0
1,1.2977,0,0.0,1,1.0254,0.0,0
1,1.0254,0,0.0,1,1.1723,0.0,0
1,1.1795,0,0.0,1,1.1685,0.0,0
1,1.1412,0,-0.1009,1,1.2421,0.0,0
1,1.3885,1,0.0,1,0.7112,0.0,0
1,1.2674,1,0.0,3,1.0281,0.0,0
1,1.3368,1,0.0,1,1.0312,0.0,0
4,0.9311,2,-0.0582,5,0.9924,0.0,0
1,1.0491,1,0.0,2,1.0338,0.0,0
1,1.0193,0,0.0,1,1.1835,0.0,0
2,0.9288,-2,-0.0741,3,1.1391,0.0,0
14,0.065,0,-0.0092,30,0.0591,0.0,2
30,0.0603,0,-0.0,25,0.0585,0.0,2
25,0.0585,0,0.0,30,0.0584,0.0017,2
5,0.9924,1,-0.0027,4,0.9311,0.0013,0
2,1.127,2,0.0,1,0.6518,0.0,0
13,0.0584,0,0.0006,25,0.0585,0.0018,2
6,0.6898,0,-0.0141,13,0.0584,0.0012,1
1,1.1412,0,0.0,1,1.2421,0.0,0
2,1.0988,1,0.0734,0,1.0988,0.0628,0
6,0.8551,0,-0.0248,6,0.6898,0.0001,1
8,0.8253,1,0.013,7,0.8479,0.0,1
1,1.0355,0,0.0,1,1.0312,0.0,0
5,0.4643,4,-0.2469,19,0.3494,0.0,1
5,0.6921,1,-0.0892,17,0.4777,0.0,1
1,1.2424,-1,-0.031,1,1.3045,0.0,0
10,0.0602,0,0.0,30,0.0585,0.0,2
19,0.3571,-2,-0.01,5,0.3494,0.0,2
17,0.4777,1,0.0274,5,0.592,0.0592,2
4,0.6316,-2,0.1194,17,0.4777,0.0574,1
1,1.3587,0,0.0,2,1.127,0.0,0
7,0.8479,1,-0.0188,8,0.8253,0.0,1
2,1.0338,0,-0.0042,1,1.0491,0.0,0
4,0.97,1,0.0472,5,0.6316,0.0,0
1,0.3494,-1,-0.1337,19,0.3571,0.0,0
1,0.8206,1,0.0,17,0.4777,0.0,0
4,0.9075,0,-0.0221,8,0.1293,0.0338,0
4,0.3849,0,-0.0005,19,0.3494,0.0,1
5,0.1293,0,0.0129,30,0.0602,0.0004,1
2,1.247,0,0.1108,3,1.12,0.0,0
4,0.9962,0,0.0407,3,0.9812,0.0,0
2,1.1602,1,-0.1073,2,1.0154,0.0,0
1,1.1025,-1,0.1285,5,0.6921,0.0,0
2,0.592,2,0.0,17,0.4777,0.0281,0
3,1.0227,1,-0.0461,7,0.8479,0.0,0
2,1.0154,0,-0.0127,2,1.1602,0.0,0
1,1.2647,-1,0.0932,2,0.6518,0.0,0
5,0.0591,0,0.0,30,0.0584,0.005,1
2,1.0109,2,0.0,6,0.8551,0.0,0
1,1.1795,1,0.0,0,1.1795,0.0,0
4,0.7114,-1,-0.021,13,0.0584,0.0083,1
3,1.12,1,0.0738,4,0.9962,0.0,0
1,1.057,1,0.0,0,1.057,0.0,0
1,1.3885,1,0.0,1,1.3587,0.0,0
1,1.1685,0,0.0,1,1.2555,0.0,0
1,1.1018,0,0.0,1,1.3423,0.0,0
1,1.2555,1,0.0,1,1.1685,0.0,0
1,0.4984,-2,0.0366,19,0.3571,0.0,0
1,1.2977,1,0.0,0,1.2977,0.0,0
1,0.6518,0,0.0,19,0.3571,0.0,0
2,1.1997,1,-0.0525,2,1.063,0.0,0
3,1.1391,1,0.0151,4,0.7114,0.0,0
1,1.3929,1,0.0,1,1.3885,0.0,0
1,1.3045,1,0.0,1,0.4984,0.0,0
1,1.1989,0,0.0,0,1.1989,0.0,0
2,1.2073,0,0.0848,2,1.0154,0.0,0
1,1.0017,1,0.0,0,1.0017,0.0,0
1,1.1835,0,0.0,2,1.0193,0.0,0
1,1.2286,-2,0.3019,4,0.9311,0.0,0
1,1.063,-1,-0.1206,2,1.1997,0.0,0
1,1.2511,1,0.0,0,1.2511,0.0,0
1,0.6409,1,0.0,5,0.3494,0.0,0
1,1.2421,0,0.0,1,1.1412,0.0,0
1,1.1799,0,0.0,0,1.1799,0.0,0
1,1.0728,0,0.0,0,1.0728,0.0,0
2,1.1163,-1,0.0426,2,1.0109,0.0,0
1,1.2196,1,0.0,2,1.063,0.0,0
1,1.0312,1,0.0,1,1.0355,0.0,0
1,0.9812,-1,-0.0736,4,0.97,0.0,0
1,1.3423,0,0.0,1,1.1018,0.0,0
1,1.3368,0,0.0,1,1.0312,0.0,0
1,1.1018,0,0.0,1,1.1799,0.0,0
18,0.4368,1,-0.0409,5,0.5493,0.0082,2
5,0.3936,4,0.0442,20,0.3853,0.0,1
3,0.9187,-1,-0.0124,3,0.9212,0.0,0
30,0.0603,0,0.0,27,0.0585,0.0,2
13,0.0584,0,-0.0,27,0.0585,0.0003,2
1,1.2159,-2,0.0959,2,0.9957,0.0,0
3,0.5493,-1,-0.0823,18,0.4368,0.0018,0
27,0.0585,2,0.0,30,0.0584,0.0008,2
10,0.0602,0,0.0,30,0.0585,0.0,2
14,0.0658,0,0.0008,30,0.0593,0.0,2
1,0.9443,1,0.0,4,0.4469,0.0,0
1,1.1989,0,0.0,0,1.1989,0.0,0
5,0.8099,-2,-0.038,8,0.7884,0.0,1
1,1.093,-1,-0.1067,3,1.0154,0.0,0
3,1.1964,1,0.0362,1,0.9888,0.0,0
3,0.9572,3,0.0,2,0.955,0.0,0
6,0.8632,0,0.0081,6,0.6736,0.0,1
5,0.6109,0,-0.0811,18,0.4368,0.0359,1
4,0.4469,-1,-0.0174,20,0.3853,0.0,1
5,0.9879,1,0.0179,5,0.5493,0.0,0
4,0.835,0,0.1236,13,0.0584,0.0006,1
20,0.3853,1,0.0282,5,0.3936,0.0,2
2,1.2735,1,-0.031,0,1.2735,0.0,0
3,0.0593,-2,0.0002,30,0.0584,0.0001,0
3,0.9974,1,-0.0134,6,0.8632,0.0,0
8,0.7884,0,-0.0369,5,0.4546,0.0,1
4,1.0295,1,-0.1097,4,0.835,0.0149,0
4,0.9273,0,0.0198,8,0.0761,0.003,0
1,1.1412,1,0.0,1,1.2421,0.0,0
1,0.9888,-1,-0.1275,3,0.9974,0.0,0
4,0.9988,1,-0.0239,5,0.8099,0.0,0
1,1.1795,1,0.0,1,1.1685,0.0,0
2,1.038,1,-0.0111,1,1.0407,0.0,0
1,1.2977,1,0.0,0,1.2977,0.0,0
3,1.0229,3,0.0,4,0.0761,0.0001,0
3,1.2167,2,-0.0029,2,1.093,0.0,0
1,0.955,0,-0.1475,5,0.6109,0.0,0
1,1.2286,0,0.0,3,0.9187,0.0,0
1,1.3368,1,0.0,1,1.0312,0.0,0
2,1.0154,0,-0.1919,2,1.093,0.0,0
1,1.1723,-1,0.0734,1,1.0254,0.0,0
3,0.9212,-2,-0.0712,3,0.9187,0.0041,0
1,1.0254,1,0.0,1,1.1723,0.0,0
4,0.0761,-1,-0.0532,30,0.0602,0.0,1
1,1.0407,-1,0.0069,2,1.038,0.0,0
1,1.0312,0,0.0,1,1.3368,0.0,0
1,1.057,0,0.0,0,1.057,0.0,0
1,1.3929,1,0.0,1,1.3885,0.0,0
6,0.6736,0,-0.0161,13,0.0584,0.0008,1
1,0.4546,1,0.0,10,0.0602,0.0,0
2,1.0461,-2,0.05,3,0.955,0.0,0
1,1.1835,0,0.0,1,1.0193,0.0,0
1,1.2555,0,0.0,1,1.2421,0.0,0
2,1.0886,0,-0.0383,1,0.5717,0.0,0
1,1.0017,0,0.0,0,1.0017,0.0,0
1,1.0646,1,0.0,4,0.9988,0.0,0
1,1.3423,1,0.0,0,1.3423,0.0,0
2,1.2227,1,0.1597,3,1.0154,0.0,0
1,1.1799,1,0.0,1,1.1018,0.0,0
1,1.0728,1,0.0,0,1.0728,0.0,0
1,0.7137,0,0.0728,5,0.3936,0.0,0
1,0.7629,0,-0.0578,18,0.4368,0.0,0
1,1.1685,1,0.0,1,1.1795,0.0,0
2,1.1999,2,0.0,1,0.9957,0.0,0
1,1.2647,0,0.0,2,0.5717,0.0,0
1,1.3587,1,0.0,4,0.4469,0.0,0
1,1.0193,1,0.0,1,1.1835,0.0,0
1,1.3885,1,0.0,1,0.9443,0.0,0
1,1.2421,1,0.0,1,1.1412,0.0,0
1,0.5717,0,-0.0801,20,0.3853,0.0,0
1,0.9957,1,0.0,2,1.0461,0.0,0
1,1.0355,1,0.0,0,1.0355,0.0,0
1,1.2511,0,0.0,0,1.2511,0.0,0
5,0.828,2,-0.1695,5,0.903,0.0,1
1,1.1989,1,0.0,0,1.1989,0.0,0
2,1.0365,-1,0.1178,3,0.9155,0.0,0
28,0.0587,1,0.0002,30,0.0565,0.0009,2
3,0.9682,-1,-0.0613,3,0.9944,0.0243,0
4,0.9435,0,-0.0554,8,0.7791,0.0,0
1,1.1146,1,0.0,4,0.8833,0.0,0
14,0.0622,0,-0.0037,30,0.0565,0.0,2
19,0.4468,1,0.01,6,0.6203,0.0219,2
1,1.1835,1,0.0,3,1.0193,0.0,0
3,0.9944,-1,0.1594,13,0.0584,0.0104,0
5,0.903,-1,0.0397,6,0.6669,0.0,0
4,0.9766,3,0.0217,6,0.6426,0.0,0
10,0.3892,6,-0.0577,14,0.3725,0.0,2
6,0.6426,1,0.0317,19,0.4468,0.0332,1
14,0.3725,-6,-0.0128,10,0.3833,0.0,2
10,0.0602,0,0.0,30,0.0587,0.0,2
2,1.2735,0,0.0,0,1.2735,0.0,0
30,0.0603,0,-0.0,28,0.0565,0.0,2
2,1.0281,0,0.0127,2,1.2227,0.0,0
1,0.5183,1,0.0,14,0.3725,0.0,0
2,1.2152,2,0.0,2,1.153,0.0,0
13,0.0584,0,-0.0,28,0.0565,0.0003,2
1,1.2848,1,0.0,2,1.153,0.0,0
2,1.038,0,0.0,1,1.0407,0.0,0
4,0.0833,0,0.0071,30,0.0602,0.0,1
3,1.1318,2,0.1361,2,1.1095,0.0,0
1,1.0728,0,0.0,0,1.0728,0.0,0
6,0.6669,0,-0.0067,13,0.0584,0.0005,1
1,1.3885,1,0.0,1,1.3587,0.0,0
1,1.057,0,0.0,0,1.057,0.0,0
2,0.9984,-3,0.0105,6,0.6203,0.0,0
1,1.1412,0,0.0,0,1.1412,0.0,0
1,1.3423,0,0.0,1,1.1018,0.0,0
1,1.0254,1,0.0,1,1.1723,0.0,0
3,0.8833,-1,-0.0441,5,0.0833,0.0006,0
2,1.0886,0,0.0,1,0.5183,0.0,0
4,0.6203,1,0.0711,19,0.4468,0.0458,1
3,0.9155,0,-0.0057,4,0.9973,0.0,0
2,1.2227,1,0.1297,2,1.0281,0.0,0
5,0.905,-3,0.1166,8,0.6611,0.0006,0
8,0.7791,3,-0.0308,5,0.905,0.0,1
2,1.1095,0,0.0633,4,0.9766,0.0,0
2,1.0999,1,0.0353,4,0.9435,0.0,0
3,1.1035,0,-0.0929,1,1.1557,0.0,0
1,1.1018,1,0.0,1,1.3423,0.0,0
5,0.3833,0,-0.0103,14,0.3725,0.0,1
1,1.0312,0,0.0,1,1.3368,0.0,0
1,1.3929,0,0.0,1,1.3885,0.0,0
1,1.3587,1,0.0,1,1.3885,0.0,0
1,1.1799,0,0.0,0,1.1799,0.0,0
1,1.2555,1,0.0,1,1.1685,0.0,0
1,1.0593,-2,0.1021,4,0.9766,0.0,0
1,1.153,-2,-0.0636,2,1.2152,0.0,0
1,0.6611,0,0.2065,10,0.0602,0.0,0
1,1.0407,0,0.0,2,1.038,0.0,0
1,1.1969,1,0.0,0,1.1969,0.0,0
1,1.0608,0,0.1165,10,0.3892,0.0,0
1,0.8593,0,0.1456,10,0.3833,0.0,0
4,0.9973,1,-0.0257,4,0.0833,0.002,0
1,1.3639,1,0.0,3,1.0281,0.0,0
1,1.1795,1,0.0,0,1.1795,0.0,0
1,1.0355,0,0.0,0,1.0355,0.0,0
1,1.2421,0,-0.0134,1,1.2555,0.0,0
1,1.2977,0,0.0,0,1.2977,0.0,0
1,1.2511,0,0.0,0,1.2511,0.0,0
1,1.1557,0,0.1669,5,0.828,0.0,0
1,1.1723,0,0.0,1,1.0254,0.0,0
1,1.2647,0,0.0,2,1.0886,0.0,0
1,1.1685,0,0.0,1,1.2555,0.0,0
1,1.0193,0,0.0,1,1.1835,0.0,0
1,1.3368,0,0.0,1,1.0312,0.0,0
2,0.0565,-1,-0.0028,30,0.0584,0.0001,0
1,1.0017,1,0.0,0,1.0017,0.0,0
29,0.0601,-1,-0.0002,28,0.0565,0.0,2
4,1.0908,2,-0.0091,4,0.8043,0.0,0
1,1.2421,0,0.0,1,1.1412,0.0,0
4,0.8791,-1,-0.0239,6,0.7263,0.0001,1
28,0.0587,0,0.0,29,0.0565,0.0009,2
11,0.3775,-3,0.005,13,0.3786,0.0,2
12,0.0609,2,0.0007,29,0.0587,0.0,2
1,1.0017,1,0.0,0,1.0017,0.0,0
13,0.0652,-1,0.0031,29,0.0565,0.0,2
3,1.2173,2,-0.0675,3,1.1995,0.0,0
3,1.1995,2,0.0464,3,1.08,0.0,0
18,0.4931,-1,0.0463,6,0.7534,0.0264,2
4,0.8043,0,-0.1392,9,0.8138,0.0,1
13,0.3907,3,0.0015,11,0.3775,0.0,2
1,1.1685,1,0.0,0,1.1685,0.0,0
13,0.0728,0,0.0144,28,0.0565,0.0003,2
1,1.0491,1,0.0,2,1.0338,0.0,0
4,0.926,1,0.0105,2,0.9727,0.0032,0
1,1.1753,-1,0.0866,2,0.4649,0.0,0
2,0.9889,-1,0.0207,4,0.8551,0.0001,0
5,0.3786,0,-0.0047,13,0.3775,0.0,1
2,1.08,2,0.0,3,1.1995,0.0,0
5,0.9822,1,0.0055,3,0.7588,0.0,0
2,1.2485,1,-0.1155,2,1.1288,0.0,0
5,0.8766,0,-0.0283,9,0.8138,0.0006,1
1,0.8381,0,0.177,12,0.0609,0.0,0
9,0.8138,1,0.0346,5,0.8043,0.0,1
3,1.061,0,0.1777,5,0.1119,0.0,0
1,1.3423,1,0.0,0,1.3423,0.0,0
6,0.7534,2,0.1331,18,0.4931,0.0358,1
1,1.1799,0,0.0,1,1.1795,0.0,0
1,0.4649,0,-0.0534,13,0.3775,0.0,0
4,0.1119,0,0.0286,29,0.0601,0.0,1
1,1.3324,-2,0.2006,3,1.1026,0.0,0
2,1.2735,2,0.0,11,0.3775,0.0,0
2,1.0272,1,-0.1285,6,0.8616,0.0,0
5,0.7263,-1,0.0594,13,0.0728,0.0006,1
6,0.8616,1,0.0336,4,0.8791,0.0,1
4,0.8551,1,-0.1393,13,0.0728,0.0059,1
2,0.9727,1,-0.1419,4,0.926,0.0001,0
2,0.7588,-4,0.1162,18,0.4931,0.0,0
1,1.2357,0,0.1748,13,0.3907,0.0,0
1,1.0355,1,0.0,0,1.0355,0.0,0
1,1.3929,1,0.0,1,1.3885,0.0,0
3,1.1026,1,-0.0069,5,0.9822,0.0,0
1,1.0193,0,0.0,1,1.1835,0.0,0
2,1.184,2,0.0,0,1.184,0.2742,0
1,1.1412,1,0.0,1,1.2421,0.0,0
2,1.1288,-1,0.0253,2,1.0272,0.0,0
1,1.3587,1,0.0,1,1.2357,0.0,0
2,1.0886,2,0.0,1,0.4649,0.0,0
1,1.1624,1,0.0,1,1.1989,0.0,0
1,1.25,1,0.0,1,1.3324,0.0,0
1,0.9321,0,0.0728,13,0.3786,0.0,0
1,1.1723,0,0.1469,1,1.0254,0.0,0
1,1.2555,0,0.0,1,1.2421,0.0,0
1,1.1989,0,0.0,1,1.1624,0.0,0
1,1.0728,0,0.0,0,1.0728,0.0,0
1,1.0254,1,0.0,1,1.1723,0.0,0
1,1.2286,-1,0.1921,4,0.926,0.0,0
1,1.1018,0,0.0,0,1.1018,0.0,0
1,1.057,1,0.0,0,1.057,0.0,0
1,1.2977,1,0.0,0,1.2977,0.0,0
1,1.1795,1,0.0,1,1.1799,0.0,0
1,1.1835,0,0.0,1,1.0193,0.0,0
2,1.0338,0,-0.0042,1,1.0491,0.0,0
2,0.0565,0,0.0,29,0.0587,0.0001,0
1,1.2511,1,0.0,0,1.2511,0.0,0
1,1.1969,0,0.0,0,1.1969,0.0,0
1,1.3885,0,-0.0043,1,1.3587,0.0,0
13,0.0634,0,-0.0018,29,0.0541,0.0,2
4,0.1195,0,0.0076,29,0.0601,0.0,1
4,0.9839,4,0.0,2,0.8637,0.0,0
29,0.0587,1,0.0,29,0.0541,0.001,2
14,0.5407,-4,0.0476,4,0.7924,0.0342,2
1,1.1835,0,-0.1489,3,1.0193,0.0,0
2,1.2152,-1,-0.0021,2,1.1831,0.0,0
2,1.1865,0,0.0577,2,0.899,0.0,0
29,0.0601,0,0.0,29,0.0541,0.0,2
13,0.0704,0,-0.0024,29,0.0541,0.0003,2
4,0.7577,-1,0.0313,13,0.0704,0.0002,1
1,0.0541,-1,-0.0024,29,0.0587,0.0,0
1,1.0017,0,0.0,0,1.0017,0.0,0
2,0.899,0,-0.1282,5,0.874,0.0,0
4,0.7924,-2,0.039,14,0.5407,0.0004,1
2,0.8637,0,0.105,14,0.5407,0.0,0
4,0.9805,0,0.0545,1,0.9476,0.0047,0
6,0.8321,2,0.0278,8,0.7889,0.0,1
16,0.3924,3,0.0017,8,0.3549,0.0,2
2,1.0886,0,0.0,1,0.5183,0.0,0
5,0.874,-1,0.0124,6,0.899,0.0,1
2,1.0988,1,0.0734,0,1.0988,0.0,0
1,1.1795,0,0.0,1,1.1685,0.0,0
2,1.184,0,0.0,0,1.184,0.0813,0
2,1.2381,-1,0.0386,2,1.1211,0.0,0
1,1.2353,1,0.0,2,1.1211,0.0,0
12,0.0609,0,0.0,29,0.0587,0.0,2
5,0.8484,1,-0.0067,13,0.0704,0.008,1
8,0.7889,-1,-0.0248,6,0.8321,0.0,1
1,1.2848,1,0.0,2,1.2152,0.0,0
2,1.038,1,-0.0111,1,1.0407,0.0,0
1,1.0075,-1,0.0347,4,0.9476,0.0,0
4,0.9,-1,0.0234,8,0.7889,0.0002,0
1,1.0193,1,0.0,1,1.1835,0.0,0
1,1.0407,-1,0.0069,2,1.038,0.0,0
2,1.2735,0,0.0,8,0.3549,0.0,0
5,0.3986,0,0.0201,16,0.3549,0.0,1
1,1.0728,1,0.0,0,1.0728,0.0,0
1,1.2421,0,0.0,1,1.1412,0.0,0
4,1.0095,1,-0.0514,4,0.1195,0.0001,0
1,1.1412,0,0.0,1,1.2421,0.0,0
8,0.3549,-3,-0.0226,16,0.3924,0.0,2
6,0.9006,2,0.0215,5,0.7577,0.0002,0
1,1.3423,1,0.0,0,1.3423,0.0,0
3,1.1313,-1,0.0405,6,0.8321,0.0,0
2,1.2009,0,-0.0475,2,1.1865,0.0,0
1,1.0646,1,0.0,3,1.1313,0.0,0
1,1.1542,1,0.0,4,0.9839,0.0,0
2,1.1211,2,0.0,2,1.1831,0.0,0
1,1.057,0,0.0,0,1.057,0.0,0
1,1.1969,1,0.0,0,1.1969,0.0,0
1,1.1989,1,0.0,0,1.1989,0.0,0
1,1.1831,1,0.0,2,1.1211,0.0,0
1,0.9476,1,0.0,4,0.1195,0.0,0
3,1.1318,3,0.0,1,1.0031,0.0,0
1,0.9266,1,0.0,12,0.0609,0.0,0
1,1.3929,0,0.0,1,1.3885,0.0,0
1,1.0355,0,0.0,0,1.0355,0.0,0
1,1.3587,1,0.0,1,1.3885,0.0,0
1,1.3885,0,0.0,1,1.2357,0.0,0
1,1.1018,1,0.0,0,1.1018,0.0,0
1,1.0292,1,0.0,1,1.2357,0.0,0
1,1.0031,-4,0.0209,4,0.8637,0.0,0
1,1.1685,1,0.0,1,1.1795,0.0,0
1,1.1799,1,0.0,0,1.1799,0.0,0
1,0.5183,0,0.0534,16,0.3549,0.0,0
1,1.2977,0,0.0,0,1.2977,0.0,0
1,1.1624,0,0.0,0,1.1624,0.0,0
1,1.2357,1,0.0,1,1.0292,0.0,0
1,1.2555,1,0.0,1,1.1685,0.0,0
1,1.1114,1,0.0,0,1.1114,0.0,0
1,1.2511,0,0.0,0,1.2511,0.0,0
1,1.2647,0,0.0895,2,0.5183,0.0,0
3,0.9642,-1,-0.0197,3,0.9721,0.0,0
1,1.057,0,0.0,1,1.0017,0.0,0
2,1.2912,-1,0.1594,3,1.063,0.0,0
12,0.0609,0,0.0,30,0.0587,0.0,2
29,0.0587,0,0.0,30,0.0541,0.0009,2
8,0.4319,0,0.077,17,0.3834,0.0,2
2,0.9249,1,-0.0227,4,0.1494,0.0,0
17,0.3883,1,-0.0042,8,0.3834,0.0,2
1,1.2674,0,0.0322,2,1.0807,0.0,0
4,0.846,-2,0.0139,8,0.8081,0.0,1
11,0.6765,-3,0.1358,4,0.7286,0.0198,1
2,1.022,-2,0.0415,2,0.9249,0.0078,0
1,1.133,1,0.0,2,1.1665,0.0,0
4,0.9623,-2,0.0617,8,0.7798,0.0001,0
12,0.0629,-1,-0.0005,30,0.0541,0.0,2
1,1.1412,0,0.0,0,1.1412,0.0,0
4,1.0113,0,0.0018,5,0.1494,0.0,0
8,0.8596,3,-0.0145,4,0.9113,0.0,1
30,0.0604,1,0.0003,29,0.0541,0.0,2
1,1.188,1,0.0,1,1.1114,0.0,0
8,0.8081,0,0.0191,5,0.846,0.0,1
1,1.2862,-1,0.0998,2,0.9113,0.0,0
1,1.2357,0,0.0,1,1.0292,0.0,0
3,1.1995,1,-0.0157,3,1.1615,0.0,0
5,0.7798,1,0.0221,13,0.0585,0.0003,1
2,1.038,0,0.0,1,1.0407,0.0,0
1,1.2511,1,0.0,8,0.8081,0.0,0
3,1.063,2,0.0599,3,0.9642,0.0,0
1,1.1989,0,0.0,1,1.1624,0.0,0
5,0.8636,1,-0.0364,8,0.8081,0.0001,1
13,0.0585,0,-0.0119,29,0.0541,0.0003,2
2,1.0886,2,0.0,17,0.3883,0.0,0
1,1.1723,-1,0.0734,1,1.0254,0.0,0
1,1.2511,1,0.0,0,1.2511,0.0,0
3,0.8289,-2,-0.0195,13,0.0585,0.0,0
4,0.9717,1,-0.1596,4,0.846,0.0,0
4,0.7286,0,-0.0638,11,0.6765,0.0004,1
3,1.2173,2,-0.0675,3,1.1995,0.0,0
1,1.2555,0,0.0,1,1.1685,0.0,0
2,0.9721,0,0.1084,11,0.6765,0.0,0
1,1.1018,0,0.0,0,1.1018,0.0,0
1,1.0312,1,0.0,1,1.0355,0.0,0
1,1.0807,-1,-0.0404,1,1.1615,0.0,0
5,0.3834,0,-0.0153,17,0.3883,0.0,1
1,1.3929,1,0.0,1,1.3885,0.0,0
1,0.5183,0,0.0,17,0.3883,0.0,0
4,0.1494,0,0.0299,30,0.0604,0.0,1
1,0.0541,0,0.0,30,0.0585,0.0,0
1,1.2424,-1,-0.031,8,0.4319,0.0,0
1,1.2647,-1,0.1761,2,0.5183,0.0,0
2,0.9113,0,0.0122,8,0.8596,0.0,0
1,1.1685,0,0.0,1,1.1795,0.0,0
1,1.0355,0,0.0,1,1.0312,0.0,0
1,1.2421,1,0.0,1,1.2555,0.0,0
1,1.3587,0,-0.0299,1,1.2357,0.0,0
1,1.0017,1,0.0,1,1.057,0.0,0
1,1.3423,0,0.0,0,1.3423,0.0,0
1,1.0254,1,0.0,1,1.1723,0.0,0
2,1.1138,1,0.0492,4,0.9717,0.0,0
2,1.1665,0,-0.0345,1,1.133,0.0,0
1,1.1114,0,0.0,1,1.188,0.0,0
1,1.1835,0,0.0,2,1.0193,0.0,0
1,1.1799,0,0.0,0,1.1799,0.0,0
1,1.0728,1,0.0,0,1.0728,0.0,0
1,1.3885,0,-0.0043,1,1.3587,0.0,0
1,1.1969,0,0.0,0,1.1969,0.0,0
1,0.9736,0,-0.0338,4,0.9249,0.0,0
1,1.2977,1,0.0,1,1.3368,0.0,0
1,1.0193,0,0.0,1,1.1835,0.0,0
1,1.1795,0,0.0,1,1.1685,0.0,0
1,1.1624,1,0.0,1,1.1989,0.0,0
1,1.3368,-1,0.1528,1,1.0312,0.0,0
1,1.1615,-1,-0.0765,3,1.0807,0.0,0
1,1.0407,0,0.0,2,1.038,0.0,0
1,1.0292,0,0.0,1,1.2357,0.0,0
12,0.0609,0,-0.0,31,0.0587,0.0,2
4,1.1226,2,0.0088,3,0.8446,0.0,0
2,1.2912,2,0.0,4,0.759,0.0,0
2,0.9753,-2,-0.036,4,0.1703,0.0,0
1,1.3423,1,0.0,0,1.3423,0.0,0
31,0.0606,1,0.0003,29,0.0541,0.0,2
9,0.8149,5,-0.0311,5,0.8446,0.0,1
9,0.464,1,0.0321,16,0.3577,0.0,2
1,1.1685,0,-0.011,1,1.1795,0.0,0
2,0.9508,1,-0.0228,2,0.9255,0.0,0
1,1.1989,1,0.0,0,1.1989,0.0,0
7,0.8749,5,-0.0363,4,0.8925,0.0,1
5,0.3732,0,-0.0102,16,0.3577,0.0,1
11,0.061,-1,-0.002,31,0.0541,0.0,2
5,0.9542,1,-0.0081,4,0.7232,0.0,0
13,0.0602,0,0.0017,29,0.0541,0.0003,2
16,0.3577,-1,-0.0306,9,0.3732,0.0,2
1,0.9116,1,0.0,10,0.7786,0.0,0
2,1.184,1,0.1528,0,1.184,0.0031,0
29,0.0587,0,-0.0,31,0.0541,0.0009,2
10,0.7786,-1,0.1021,4,0.759,0.0252,1
1,1.2674,1,0.0,2,1.0281,0.0,0
2,1.0281,1,-0.1334,3,1.1995,0.0,0
1,1.2511,1,0.0,3,0.6433,0.0,0
2,1.0338,0,-0.0042,1,1.0491,0.0,0
4,0.9969,-1,0.1333,5,0.8663,0.0,0
3,0.8446,-1,-0.1271,9,0.8149,0.0,0
2,0.9255,0,0.0006,4,0.1703,0.0002,0
2,1.1997,-1,-0.0176,3,1.1995,0.0,0
1,1.1753,0,-0.0895,2,0.5183,0.0,0
1,1.1127,-1,0.0907,2,0.9255,0.0,0
2,1.081,-1,0.1167,4,0.9116,0.0,0
1,1.0292,1,0.0,1,1.2357,0.0,0
1,1.3587,0,0.0,1,1.2357,0.0,0
1,1.2862,0,0.0,7,0.8749,0.0,0
2,1.1332,2,0.0,1,1.1753,0.0,0
1,1.3885,0,0.0,1,1.2357,0.0,0
1,1.0223,-2,-0.0407,4,0.9473,0.0,0
4,0.9473,2,-0.0248,10,0.759,0.0249,0
1,1.1018,1,0.0,0,1.1018,0.0,0
1,0.5727,1,0.0,16,0.3577,0.0,0
4,0.1703,0,0.021,31,0.0606,0.0,1
1,1.0728,1,0.0,0,1.0728,0.0,0
4,0.8925,-4,0.0329,7,0.8749,0.0,1
3,0.6433,0,-0.1856,13,0.0602,0.0005,0
1,1.1969,1,0.0,0,1.1969,0.0,0
1,1.0355,1,0.0,0,1.0355,0.0,0
5,0.8663,-3,0.0582,9,0.8149,0.0001,1
1,1.2357,1,0.0,1,1.0292,0.0,0
1,0.759,-3,0.0304,10,0.7786,0.0,0
1,1.0017,0,0.0,0,1.0017,0.0,0
1,1.3826,1,0.0,2,1.1997,0.0,0
3,1.1995,0,0.0,2,1.0281,0.0,0
2,1.1497,2,0.0,0,1.1497,0.0036,0
3,0.7232,-2,-0.0566,13,0.0602,0.0003,0
2,1.0988,1,0.0734,0,1.0988,0.0488,0
1,1.3929,0,0.0,1,1.3885,0.0,0
1,1.1799,1,0.0,0,1.1799,0.0,0
1,1.1412,1,0.0,1,1.2421,0.0,0
2,1.1608,1,-0.1066,1,1.0641,0.0,0
1,1.2555,0,0.0,1,1.2421,0.0,0
1,1.1795,1,0.0,1,1.1685,0.0,0
1,1.0193,0,0.0,1,1.1835,0.0,0
1,1.2977,0,0.0,0,1.2977,0.0,0
1,1.0641,-1,-0.1024,2,1.1608,0.0,0
1,1.2421,0,0.0,1,1.1412,0.0,0
1,1.057,1,0.0,11,0.061,0.0,0
1,1.2511,1,0.0,0,1.2511,0.0,0
1,0.0541,0,0.0,31,0.0587,0.0,0
1,0.9477,1,0.0,10,0.7786,0.0,0
1,1.0491,1,0.0,2,1.0338,0.0,0
1,0.5183,0,0.0,16,0.3577,0.0,0
1,1.1624,0,0.0,0,1.1624,0.0,0
1,1.1835,1,0.0,1,1.0193,0.0,0
2,1.184,2,0.0,1,1.0355,0.0001,0
1,1.1835,1,0.0,2,0.9957,0.0,0
10,0.7868,0,0.0082,3,0.7493,0.0274,1
30,0.0586,1,-0.0002,32,0.0607,0.0009,2
32,0.0607,1,0.0001,30,0.0586,0.0,2
18,0.3458,2,-0.0119,5,0.3736,0.0,2
13,0.0644,0,0.0042,30,0.0586,0.0003,2
2,1.0988,0,0.0,0,1.0988,0.0488,0
12,0.0609,0,0.0,32,0.0586,0.0,2
5,0.8678,-2,-0.0071,5,0.899,0.0,1
10,0.0599,-1,-0.001,32,0.0607,0.0,2
1,1.057,0,0.0,10,0.0599,0.0,0
4,0.3791,-1,0.006,18,0.3458,0.0,1
5,0.9967,1,-0.0002,4,0.8235,0.0,0
5,0.5299,-4,0.0659,18,0.3458,0.0,1
6,0.8592,3,0.0147,8,0.8171,0.0,1
1,1.2511,0,0.0,0,1.2511,0.0,0
5,0.9505,1,0.058,5,0.8678,0.0,0
4,1.1894,2,-0.0103,2,1.1615,0.0,0
8,0.8171,-1,0.0022,6,0.8235,0.0,1
1,1.0017,0,0.0,0,1.0017,0.0,0
2,0.9514,0,-0.0239,5,0.1992,0.0001,0
1,1.0292,0,0.0,1,1.2357,0.0,0
2,0.899,1,-0.3872,5,0.8678,0.0,0
2,1.038,1,-0.0111,1,1.0407,0.0,0
1,0.977,-1,-0.104,3,0.8866,0.0,0
1,1.1795,1,0.0,1,1.1799,0.0,0
2,1.1608,0,0.0,1,1.0641,0.0,0
1,1.0407,-1,0.0069,2,1.038,0.0,0
1,1.0807,-1,0.0526,1,1.1615,0.0,0
1,1.2357,0,0.0,1,1.0292,0.0,0
1,1.2511,0,0.0,2,0.6267,0.0,0
2,1.1497,0,0.0,0,1.1497,0.0017,0
3,1.0351,-1,0.0878,10,0.7868,0.0295,0
1,1.2421,0,-0.0134,1,1.1412,0.0,0
1,0.9957,0,-0.0266,3,0.977,0.0,0
2,0.9255,0,-0.0254,2,0.9514,0.0001,0
4,0.8235,-1,-0.0427,8,0.8171,0.0,1
2,1.262,1,-0.1205,4,1.1894,0.0,0
1,1.1018,0,0.0,0,1.1018,0.0,0
2,1.1999,0,-0.0913,3,0.9957,0.0,0
4,0.8334,1,0.1103,13,0.0644,0.0001,1
4,0.9528,-1,-0.0014,5,0.8334,0.0,0
1,1.0355,0,0.0,2,1.184,0.0,0
1,1.1417,-1,0.2162,4,0.1992,0.0,0
1,1.0485,1,0.0,0,1.0485,0.0,0
1,1.1989,0,0.0,0,1.1989,0.0,0
2,0.6267,-1,-0.0166,13,0.0644,0.0,0
1,1.3885,0,-0.0043,1,1.3587,0.0,0
1,1.1799,0,0.0,1,1.1795,0.0,0
2,1.1432,2,0.0,2,0.4649,0.0,0
1,1.1624,0,0.0,0,1.1624,0.0,0
1,1.3423,0,0.0,0,1.3423,0.0,0
1,1.0728,0,0.0,0,1.0728,0.0,0
1,1.2674,1,0.0,2,1.0807,0.0,0
1,1.1412,1,0.0,1,1.2421,0.0,0
3,0.5284,2,-0.0443,18,0.3458,0.0,0
1,1.0193,0,-0.1642,1,0.9957,0.0,0
1,0.7493,0,-0.1984,10,0.7868,0.0,0
1,1.2862,0,0.2221,2,0.899,0.0,0
2,1.1635,-2,0.0409,6,0.8592,0.0,0
1,0.3736,1,0.0,18,0.3458,0.0,0
1,1.2593,1,0.0,3,0.5284,0.0,0
1,0.4649,0,-0.0534,18,0.3458,0.0,0
4,0.1992,0,0.0289,32,0.0607,0.0,1
1,1.1615,-2,-0.0379,4,1.0807,0.0,0
1,1.0641,1,0.0,2,1.1608,0.0,0
1,1.1969,0,0.0,0,1.1969,0.0,0
1,1.2555,1,0.0,1,1.1685,0.0,0
1,1.3587,0,-0.0299,1,1.2357,0.0,0
1,0.8866,0,-0.025,10,0.7868,0.0,0
1,1.3929,1,0.0,1,1.1835,0.0,0
1,1.0071,-1,-0.1261,1,1.2593,0.0,0
1,1.2647,1,0.0,18,0.3458,0.0,0
1,1.2977,1,0.0,0,1.2977,0.0,0
1,1.1685,0,0.0,1,1.2555,0.0,0
33,0.061,1,0.0002,30,0.0586,0.0,2
13,0.0896,0,0.0252,30,0.0586,0.0003,2
1,0.7151,-4,0.1852,21,0.355,0.0,0
12,0.0609,0,0.0,33,0.0586,0.0,2
21,0.355,3,0.0092,4,0.3606,0.0,2
3,1.2281,1,-0.034,3,1.1995,0.0,0
5,0.868,1,0.0445,8,0.7728,0.0,1
30,0.0586,0,-0.0,33,0.0609,0.0009,2
4,0.5293,1,0.0009,21,0.355,0.0,1
3,0.2039,-1,0.0047,33,0.0609,0.0,0
1,1.0838,0,-0.1755,4,0.4649,0.0,0
1,1.188,1,0.0,1,1.1114,0.0,0
8,0.7728,0,-0.0443,5,0.843,0.0,1
4,1.015,0,0.0622,4,0.7596,0.0,0
1,1.1412,0,0.0,1,1.2421,0.0,0
1,1.2511,0,0.0,0,1.2511,0.0,0
2,0.3788,-2,-0.0003,21,0.355,0.0,0
3,0.3606,2,-0.013,21,0.355,0.0,0
1,1.1624,1,0.0,0,1.1624,0.0,0
1,1.0017,1,0.0,0,1.0017,0.0,0
10,0.1595,0,0.0996,33,0.061,0.0,2
1,1.2357,1,0.0,1,1.0292,0.0,0
1,0.4649,0,-0.7998,21,0.355,0.0,0
3,1.0389,1,0.0009,0,1.0389,0.0,0
4,0.9521,-1,0.0017,8,0.8538,0.0,0
1,0.4113,1,0.0,12,0.0609,0.0,0
1,1.3423,1,0.0,0,1.3423,0.0,0
4,0.7596,0,-0.0738,13,0.0896,0.0001,1
8,0.8538,3,-0.014,4,0.9113,0.0,1
1,1.1989,1,0.0,0,1.1989,0.0,0
8,0.8211,-2,0.0343,3,0.8211,0.0539,1
1,1.3929,1,0.0,0,1.3929,0.0,0
1,1.1018,1,0.0,0,1.1018,0.0,0
2,1.08,1,-0.0815,3,1.1995,0.0,0
4,0.9382,2,-0.0133,4,0.2039,0.0,0
1,1.2511,1,0.0,0,1.2511,0.0,0
1,1.1723,-1,0.0734,1,1.0254,0.0,0
4,0.9969,-1,0.0002,5,0.4113,0.0,0
3,1.1995,-1,0.01,3,1.08,0.0,0
1,0.8617,-1,-0.3017,5,0.843,0.0,0
1,1.2674,0,0.1868,2,1.08,0.0,0
1,1.0292,0,0.0,1,1.2357,0.0,0
3,1.0217,0,-0.0134,8,0.8211,0.024,0
4,1.1692,2,0.026,1,0.8617,0.0,0
2,1.2492,2,0.0,1,1.0641,0.0,0
1,1.0355,1,0.0,0,1.0355,0.0,0
5,0.843,-1,-0.0163,8,0.7728,0.0,1
2,0.9113,0,0.0122,8,0.8538,0.0,0
2,1.2441,2,0.0,8,0.8211,0.0,0
1,1.1795,0,0.0,1,1.1685,0.0,0
1,1.3587,0,0.0,1,1.3885,0.0,0
1,1.2421,0,0.0,1,1.1412,0.0,0
1,1.1969,1,0.0,0,1.1969,0.0,0
1,1.1835,0,0.1878,3,1.0193,0.0,0
1,1.0485,1,0.0,0,1.0485,0.0,0
2,1.184,0,0.0,0,1.184,0.0001,0
1,1.0728,1,0.0,0,1.0728,0.0,0
1,1.2593,1,0.0,1,1.0838,0.0,0
1,1.0641,-1,-0.0968,2,1.2492,0.0,0
1,1.1799,1,0.0,0,1.1799,0.0,0
1,0.8211,0,0.0718,8,0.8211,0.0,0
1,1.0254,1,0.0,1,1.1723,0.0,0
1,1.2977,0,0.0,0,1.2977,0.0,0
1,1.1685,1,0.0,1,1.1795,0.0,0
1,1.0193,0,0.0,1,1.1835,0.0,0
1,1.2862,0,0.0,2,0.9113,0.0,0
1,1.1114,-1,-0.0383,1,1.188,0.0,0
1,1.2555,0,0.0,1,1.2421,0.0,0
1,1.2647,0,0.2576,1,0.4649,0.0,0
1,1.1417,-1,0.2162,4,0.9382,0.0,0
1,1.3885,0,0.0,1,1.3587,0.0,0
6,0.8889,1,0.0209,7,0.7646,0.0,1
2,1.1865,1,0.1224,2,1.1475,0.0,0
34,0.0612,1,0.0002,30,0.0586,0.0,2
13,0.0607,1,-0.0002,34,0.0586,0.0,2
1,1.2102,1,0.0,0,1.2102,0.0,0
21,0.3633,0,0.0083,5,0.3784,0.0,2
8,0.14,-2,-0.0195,34,0.0612,0.0,2
7,0.7646,-1,-0.0082,6,0.8574,0.0,1
1,1.1723,1,0.0,1,1.0254,0.0,0
3,0.9644,-1,-0.0325,6,0.4085,0.0,0
5,0.522,1,-0.0074,21,0.3633,0.0,1
2,1.1999,0,-0.0442,6,0.8467,0.0,0
5,0.9375,1,-0.0146,5,0.8509,0.0,0
1,1.2593,1,0.0,2,1.1743,0.0,0
6,0.8902,4,-0.021,5,0.8509,0.0,1
13,0.0814,0,-0.0081,30,0.0586,0.0003,2
5,0.8509,-3,-0.0029,6,0.8902,0.0,1
2,1.1497,1,-0.0383,0,1.1497,0.0003,0
2,0.9469,-1,-0.0748,6,0.8467,0.0365,0
1,1.1795,0,0.0,1,1.1685,0.0,0
1,1.1969,0,0.0,0,1.1969,0.0,0
3,1.1734,0,-0.0547,2,1.2227,0.0,0
30,0.0586,0,0.0,34,0.0607,0.0009,2
2,1.0338,-1,-0.0051,1,1.0491,0.0,0
1,1.0491,1,0.0,2,1.0338,0.0,0
1,1.0728,0,0.0,0,1.0728,0.0,0
2,0.1774,-1,-0.0265,34,0.0607,0.0,0
2,0.4085,1,-0.0028,13,0.0607,0.0,0
6,0.8467,-2,0.0256,2,0.9469,0.0142,1
1,1.3368,1,0.0,1,1.0312,0.0,0
2,1.2227,-1,0.0232,3,1.1211,0.0,0
1,1.1412,0,0.0,1,1.2421,0.0,0
3,1.1264,-1,0.1114,5,0.6513,0.0,0
1,1.1685,0,0.0,1,1.1795,0.0,0
5,0.3784,2,0.0178,21,0.3633,0.0,1
6,0.8574,1,0.0144,7,0.7646,0.0,1
1,1.1624,1,0.0,1,1.1989,0.0,0
4,0.9867,0,0.0485,3,0.1774,0.0,0
1,1.2421,1,0.0,1,1.1412,0.0,0
3,0.6513,-1,-0.1082,13,0.0814,0.0001,0
2,1.1587,2,0.0,2,0.4382,0.0,0
1,1.3929,0,0.0,1,1.3885,0.0,0
1,1.0292,0,-0.2065,1,1.2357,0.0,0
2,1.1946,-2,0.0253,2,0.9208,0.0,0
1,1.1018,0,0.0,0,1.1018,0.0,0
2,0.9208,1,0.059,6,0.8574,0.0,0
2,1.1211,0,0.0411,2,1.2227,0.0,0
1,1.2555,1,0.0,1,1.1685,0.0,0
2,1.1475,2,0.0,2,1.1865,0.0,0
1,1.2977,0,0.0,0,1.2977,0.0,0
1,1.2353,1,0.0,2,1.1211,0.0,0
1,1.3885,1,0.0,1,1.2357,0.0,0
1,1.3423,0,0.0,0,1.3423,0.0,0
2,1.1743,1,0.0905,5,0.4382,0.0,0
1,1.0485,1,0.0,0,1.0485,0.0,0
1,0.4382,0,-0.0267,21,0.3633,0.0,0
1,1.0017,0,0.0,0,1.0017,0.0,0
1,1.2522,1,0.0,3,1.1734,0.0,0
1,1.1835,0,0.0,2,0.9469,0.0,0
1,1.2511,1,0.0,13,0.0814,0.0,0
1,1.1989,0,0.0,1,1.1624,0.0,0
1,1.3587,0,-0.0299,1,1.2357,0.0,0
1,1.0355,0,0.0,1,1.3368,0.0,0
1,1.0254,0,0.0,1,1.1723,0.0,0
1,1.2511,0,0.0,0,1.2511,0.0,0
1,1.0193,1,0.0,1,1.1835,0.0,0
1,1.0312,-1,-0.1528,1,1.3368,0.0,0
1,1.1799,0,0.0,0,1.1799,0.0,0
1,1.2357,1,0.0,1,1.0292,0.0,0
28,0.0588,-2,0.0002,36,0.0551,0.0008,2
4,0.9317,-1,-0.0058,5,0.8955,0.0,0
36,0.0611,2,-0.0001,28,0.0588,0.0,2
3,1.2602,2,0.0081,3,1.2095,0.0,0
5,0.9801,-1,0.0913,4,0.8168,0.0,0
1,1.1969,1,0.0,0,1.1969,0.0,0
2,1.1741,0,0.0529,2,1.1448,0.0,0
17,0.3686,-4,0.0053,8,0.3782,0.0,2
4,0.1967,-4,0.0568,36,0.0611,0.0,1
2,1.063,0,0.1161,6,0.9049,0.0,0
2,1.038,1,-0.0111,1,1.0407,0.0,0
5,0.3782,0,-0.0002,17,0.3686,0.0,1
5,0.9198,3,-0.001,9,0.7988,0.0,0
13,0.0931,0,0.0117,28,0.0588,0.0003,2
4,0.8168,-3,0.0521,9,0.7988,0.0,1
1,1.1412,-1,-0.0534,5,0.9198,0.0,0
2,1.184,1,-0.1528,1,1.0355,0.0,0
2,0.9113,2,0.0,5,0.8707,0.0,0
1,1.0407,-1,0.0069,2,1.038,0.0,0
1,1.1989,1,0.0,0,1.1989,0.0,0
15,0.0608,2,0.0,36,0.0551,0.0,2
3,1.1993,1,0.0406,1,0.4382,0.0,0
8,0.3885,3,-0.1335,17,0.3686,0.0,2
1,1.2357,1,0.0,1,1.0292,0.0,0
2,0.541,0,0.1325,15,0.0608,0.0001,0
2,1.3907,1,-0.0022,0,1.3907,0.0274,0
1,1.0254,1,0.0,1,1.1723,0.0,0
9,0.7988,3,-0.0586,5,0.8168,0.0,1
3,1.2095,0,0.0361,3,1.1615,0.0,0
3,0.6517,0,0.0004,13,0.0931,0.0,0
1,1.0355,0,0.0,2,1.184,0.0,0
1,1.0485,1,0.0,0,1.0485,0.0,0
1,1.0292,0,0.0,1,1.2357,0.0,0
1,0.9888,1,0.0,2,1.1448,0.0,0
1,1.3842,-1,0.1977,2,0.9113,0.0,0
1,1.0989,1,0.0,8,0.3885,0.0,0
1,1.188,1,0.0,1,1.1114,0.0,0
1,1.2511,0,0.0,13,0.0931,0.0,0
3,1.1374,0,0.011,4,0.6517,0.0,0
2,0.2073,0,0.0299,36,0.0608,0.0,0
5,0.8707,-1,-0.0195,5,0.8955,0.0,1
1,1.1114,-1,-0.0383,1,1.188,0.0,0
2,1.212,1,0.0435,0,1.212,0.0087,0
5,0.8955,0,0.0446,5,0.8707,0.0,1
1,1.0386,1,0.0,6,0.9049,0.0,0
6,0.9049,0,0.0582,2,1.0329,0.0152,0
1,1.3587,0,0.0,0,1.3587,0.0,0
1,1.0017,0,0.0,0,1.0017,0.0,0
2,1.022,-2,0.0353,3,0.2073,0.0,0
2,1.1715,1,-0.0877,1,1.0989,0.0,0
3,0.9491,0,-0.0153,5,0.541,0.0,0
1,1.2421,1,0.0,1,1.1412,0.0,0
1,1.2511,1,0.0,0,1.2511,0.0,0
1,1.2977,1,0.0,0,1.2977,0.0,0
2,1.1448,2,0.0,2,0.9888,0.0,0
1,1.2102,1,0.0,0,1.2102,0.0,0
1,1.1624,0,0.0,0,1.1624,0.0,0
2,1.0329,0,-0.167,6,0.9049,0.0,0
2,0.0551,2,0.0,28,0.0588,0.0,0
1,1.1018,1,0.0,0,1.1018,0.0,0
1,1.1412,0,-0.1009,1,1.2421,0.0,0
1,1.0193,0,-0.1642,2,1.063,0.0,0
1,0.4382,0,0.0,17,0.3686,0.0,0
1,1.1615,-1,-0.0611,3,1.1741,0.0,0
1,1.0728,0,0.0,0,1.0728,0.0,0
1,1.3423,1,0.0,0,1.3423,0.0,0
1,1.1795,1,0.0,0,1.1795,0.0,0
1,1.2647,1,0.0,2,1.1715,0.0,0
1,1.1799,1,0.0,0,1.1799,0.0,0
1,1.1723,0,0.0,1,1.0254,0.0,0
13,0.1029,0,0.0098,28,0.0588,0.0003,2
28,0.0588,0,0.0,38,0.0551,0.0008,2
8,0.8214,-1,0.0225,5,0.8563,0.0,1
5,0.9108,0,-0.009,8,0.8214,0.0,0
38,0.0606,2,-0.0004,28,0.0588,0.0,2
3,0.7116,0,0.0599,13,0.1029,0.0001,0
5,0.9783,2,0.0292,4,0.562,0.0,0
6,0.8962,1,0.0007,6,0.8747,0.0,1
16,0.0606,1,-0.0002,38,0.0551,0.0,2
15,0.3812,-2,0.0126,10,0.3786,0.0,2
6,0.8747,1,0.004,6,0.8862,0.0,1
1,1.2977,1,0.0,1,1.0312,0.0,0
1,1.2593,1,0.0,2,1.1743,0.0,0
2,0.8028,1,0.3646,15,0.3812,0.0,0
10,0.3974,2,0.0089,15,0.3786,0.0,2
5,0.3786,0,0.0004,15,0.3812,0.0,1
2,1.1497,1,-0.0383,0,1.1497,0.0,0
7,0.954,1,0.0491,1,1.1835,0.0354,0
2,1.3164,0,0.1424,2,1.0529,0.0,0
2,0.8862,0,-0.025,6,0.8747,0.0,0
5,1.0659,1,0.1341,6,0.8962,0.0,0
1,0.1631,-1,-0.0441,38,0.0606,0.0,0
1,0.9369,0,-0.2043,5,0.9108,0.0,0
2,1.0988,1,0.0734,0,1.0988,0.0652,0
1,1.1685,1,0.0,1,1.1795,0.0,0
1,1.0485,0,0.0,0,1.0485,0.0,0
1,1.2421,0,0.0,1,1.1412,0.0,0
4,0.9354,-1,-0.0447,5,0.8563,0.0,0
3,1.1513,0,-0.0481,2,0.8028,0.0,0
1,1.1018,0,0.0,0,1.1018,0.0,0
3,0.562,1,0.021,16,0.0606,0.0001,0
2,1.2241,2,0.0,1,1.0529,0.0,0
1,1.0728,1,0.0,0,1.0728,0.0,0
1,1.0312,-1,-0.1528,1,1.2977,0.0,0
1,1.2357,0,0.0,1,1.0292,0.0,0
1,1.0292,0,0.0,1,1.2357,0.0,0
2,1.1743,0,0.0027,1,1.2593,0.0,0
1,1.3368,0,0.3013,1,1.0312,0.0,0
1,1.2511,0,0.0,0,1.2511,0.0,0
3,1.158,0,-0.0515,2,1.0829,0.0,0
5,0.8563,1,0.0395,8,0.8214,0.0,1
1,1.1412,0,0.0,1,1.2421,0.0,0
1,1.1795,0,0.0,1,1.1685,0.0,0
2,1.0829,1,-0.0786,3,1.158,0.0,0
1,1.1835,-1,0.1205,7,0.954,0.0,0
2,1.0338,0,-0.0042,1,1.0491,0.0,0
1,0.9745,-2,-0.1628,5,0.7116,0.0,0
1,1.0355,1,0.0,1,1.3368,0.0,0
1,1.3826,1,0.0,2,1.1991,0.0,0
1,1.3929,1,0.0,1,1.3885,0.0,0
2,0.0551,0,0.0,28,0.0588,0.0,0
1,0.4838,-3,0.287,38,0.0606,0.0,0
1,1.3423,0,0.0,0,1.3423,0.0,0
1,1.1969,0,0.0,0,1.1969,0.0,0
1,1.1799,0,0.0,0,1.1799,0.0,0
1,1.0529,-1,-0.0919,2,1.2241,0.0,0
1,1.2633,0,0.1644,10,0.3974,0.0,0
1,1.3587,1,0.0,1,1.2357,0.0,0
2,1.1991,-1,-0.0612,3,1.158,0.0,0
1,1.0017,1,0.0,1,0.4838,0.0,0
1,1.3885,-1,-0.0022,1,1.3587,0.0,0
1,1.1989,0,0.0,0,1.1989,0.0,0
1,1.2555,-1,0.0435,1,1.1685,0.0,0
1,1.0491,1,0.0,2,1.0338,0.0,0
1,1.1624,0,0.0,0,1.1624,0.0,0
1,1.0193,0,0.0,1,1.1835,0.0,0
1,1.2102,0,0.0,0,1.2102,0.0,0
13,0.1025,0,-0.0004,28,0.0588,0.0003,2
28,0.0588,0,0.0,37,0.0551,0.0014,2
37,0.0607,-1,0.0,28,0.0588,0.0,2
7,0.7583,-1,-0.063,6,0.8839,0.0,1
1,1.0491,1,0.0,1,1.0269,0.0,0
1,1.2555,0,0.0,1,1.1685,0.0,0
17,0.061,1,0.0003,37,0.0551,0.0,2
2,1.184,1,-0.1528,1,1.0355,0.0,0
6,0.8839,1,0.0276,7,0.7583,0.0,1
13,0.3781,3,-0.0194,11,0.3879,0.0,2
6,0.9014,0,0.0052,6,0.8055,0.0,0
2,1.1991,1,-0.1835,3,1.1995,0.0,0
1,1.3929,1,0.0,4,0.9918,0.0,0
2,1.0988,0,0.0,0,1.0988,0.0044,0
1,1.3826,1,0.0,2,1.0193,0.0,0
11,0.3879,-4,0.0067,13,0.3781,0.0,2
1,1.2421,1,0.0,1,1.2555,0.0,0
2,1.3736,1,-0.0149,1,1.2357,0.0041,0
2,1.1743,0,0.0,1,0.6268,0.0,0
3,0.9602,2,-0.0143,3,0.8086,0.0,0
6,0.8055,0,-0.0692,6,0.9014,0.0,1
1,1.0269,0,-0.0223,1,1.0407,0.0,0
3,0.9748,-1,0.0394,6,0.8839,0.0,0
1,1.2977,0,0.0,0,1.2977,0.0,0
1,1.0407,-1,0.0069,1,1.0269,0.0,0
2,1.2241,1,0.1713,2,1.1448,0.0,0
4,0.9794,-1,0.0012,3,0.6337,0.0,0
2,0.9339,1,-0.0029,6,0.93,0.0,0
2,1.1293,2,0.0,2,0.8164,0.0,0
6,0.93,1,0.0192,7,0.7583,0.0,0
4,0.9918,-3,0.0378,3,0.9756,0.0171,0
4,0.9149,2,0.0287,6,0.8055,0.0,0
1,1.1685,0,0.0,1,1.2555,0.0,0
1,1.2593,0,0.0,2,1.1743,0.0,0
1,1.1615,-2,0.0036,3,1.1358,0.0,0
3,1.17,-2,0.1041,6,0.9014,0.0,0
1,1.0728,0,0.0,0,1.0728,0.0,0
1,1.3423,1,0.0,0,1.3423,0.0,0
1,1.1412,0,0.0,0,1.1412,0.0,0
1,1.3949,1,0.0,2,0.6268,0.0,0
2,1.1448,0,-0.1717,2,1.1358,0.0,0
1,1.2357,1,0.0,2,1.0292,0.0,0
5,0.3991,0,0.0205,13,0.3781,0.0,1
1,1.0193,1,0.0,1,1.0998,0.0,0
1,1.0085,1,0.0,0,1.0085,0.0,0
1,1.1018,0,0.0,1,1.1799,0.0,0
1,0.1886,0,0.0254,37,0.0607,0.0,0
3,0.9756,3,0.0,4,0.9918,0.0009,0
1,1.0355,0,0.0,2,1.184,0.0,0
1,1.2102,1,0.0,0,1.2102,0.0,0
1,1.2511,0,0.0,0,1.2511,0.0,0
1,1.1989,1,0.0,0,1.1989,0.0,0
1,1.1114,-1,-0.0383,1,1.188,0.0,0
2,0.0551,0,0.0,28,0.0588,0.0,0
1,1.1412,-2,-0.0101,2,0.8164,0.0,0
1,1.1969,0,0.0,0,1.1969,0.0,0
1,1.0998,0,-0.0837,4,0.9918,0.0,0
3,1.1995,1,0.0004,2,1.1615,0.0,0
2,0.8164,0,0.0136,13,0.3781,0.0,0
1,1.0292,0,-0.2065,1,1.2357,0.0,0
1,1.1795,1,0.0,0,1.1795,0.0,0
1,1.188,1,0.0,1,1.1114,0.0,0
1,1.1624,1,0.0,0,1.1624,0.0,0
1,0.8395,1,0.0,17,0.0551,0.0,0
1,1.0485,1,0.0,0,1.0485,0.0,0
1,0.3093,0,-0.1745,37,0.0607,0.0,0
1,1.1799,1,0.0,1,1.1018,0.0,0
2,1.1358,0,0.0529,2,1.1448,0.0,0
1,1.0017,0,0.0,1,0.3093,0.0,0
1,0.6268,0,-0.6365,13,0.3781,0.0,0
2,0.6337,-1,0.0718,17,0.061,0.0001,0
1,0.8086,-2,0.097,13,0.1025,0.0,0
3,1.1689,1,0.0395,2,0.7615,0.0,0
37,0.0611,0,0.0004,28,0.0588,0.0,2
10,0.7751,3,0.0168,5,0.8834,0.0,1
1,1.3423,0,0.0,0,1.3423,0.0,0
13,0.3679,0,-0.0101,10,0.3991,0.0,2
28,0.0588,0,0.0,37,0.0551,0.001,2
13,0.0876,0,-0.0149,28,0.0588,0.0003,2
17,0.061,0,0.0,37,0.0551,0.0,2
5,0.8257,1,-0.0893,5,0.899,0.0,1
2,0.7591,1,0.1323,13,0.3679,0.0,0
5,0.9057,-1,0.1002,7,0.8257,0.0,0
10,0.4086,-1,0.0207,13,0.3679,0.0,2
5,0.9583,-1,0.0744,10,0.7751,0.0,0
2,0.9255,-2,-0.0539,3,0.4076,0.0,0
3,1.0048,0,0.03,5,0.9255,0.0,0
5,0.3991,0,0.0,13,0.3679,0.0,1
3,0.8834,-3,-0.0465,10,0.7751,0.0,0
1,1.1969,1,0.0,0,1.1969,0.0,0
1,1.0254,1,0.0,1,1.1723,0.0,0
2,1.1836,0,-0.0155,3,1.3244,0.0018,0
1,1.188,0,0.0,1,1.1114,0.0,0
5,0.93,3,-0.0039,3,0.8834,0.0,0
1,1.2593,1,0.0,2,1.1743,0.0,0
1,1.0312,-1,-0.1528,1,1.2977,0.0,0
1,1.3949,0,0.0,2,0.7591,0.0,0
1,1.0269,0,-0.0223,1,1.0407,0.0,0
7,1.0148,1,0.1134,5,0.9057,0.0,0
1,1.1799,0,0.0,0,1.1799,0.0,0
1,1.2555,0,0.087,1,1.1685,0.0,0
2,1.2241,0,0.0,2,1.1608,0.0,0
1,1.0491,1,0.0,1,1.0269,0.0,0
1,0.8985,0,0.059,17,0.0551,0.0,0
1,1.0031,-2,0.0275,2,1.0477,0.0,0
1,1.1624,0,0.0,0,1.1624,0.0,0
3,0.9602,0,-0.0,1,0.8381,0.0,0
2,1.1743,1,-0.085,1,1.2593,0.0,0
1,1.3587,-1,-0.0149,1,1.2357,0.0,0
2,0.899,2,0.0,5,0.8257,0.0,0
2,1.1608,0,0.0161,2,1.2241,0.0,0
1,1.2674,-1,0.1316,2,1.0829,0.0,0
1,1.2421,0,0.0,1,1.1412,0.0,0
1,1.3826,0,0.0,2,1.1836,0.0,0
1,1.0292,0,0.0,1,1.2357,0.0,0
1,1.1114,0,0.0,1,1.188,0.0,0
2,1.0829,1,-0.0786,3,1.2674,0.0,0
1,1.2511,1,0.0,0,1.2511,0.0,0
1,1.0193,0,-0.0805,2,1.0477,0.0,0
1,1.3929,0,0.0,2,1.0193,0.0,0
1,1.2357,0,0.0,1,1.0292,0.0,0
1,1.2102,0,0.0,1,1.0085,0.0,0
2,0.7615,0,-0.0549,13,0.3679,0.0,0
2,0.4076,0,-0.2261,17,0.061,0.0002,0
2,1.0477,-2,0.0559,1,1.0031,0.0,0
1,1.3885,1,0.0,1,1.0193,0.0,0
1,1.0407,0,0.0,1,1.0269,0.0,0
2,0.0551,0,0.0,28,0.0588,0.0,0
1,1.1018,1,0.0,0,1.1018,0.0,0
1,1.2977,1,0.0,1,1.0312,0.0,0
1,1.0728,0,0.0,0,1.0728,0.0,0
1,1.1795,0,0.0,1,1.1685,0.0,0
3,1.3244,0,0.1249,2,1.0829,0.0,0
1,1.1989,0,0.0,0,1.1989,0.0,0
1,1.1685,1,0.0,1,1.1795,0.0,0
1,1.1723,-1,0.0734,1,1.0254,0.0,0
1,0.2844,0,-0.0249,37,0.0611,0.0,0
1,1.0485,0,0.0,0,1.0485,0.0,0
1,1.3368,0,0.3013,1,1.0312,0.0,0
1,1.0107,1,0.0,3,0.4076,0.0,0
1,1.0017,0,0.0,1,0.2844,0.0,0
1,0.8381,0,0.0295,13,0.0876,0.0,0
1,1.0355,1,0.0,1,1.3368,0.0,0
1,1.1412,1,0.0,1,1.2421,0.0,0
1,1.0085,1,0.0,1,1.2102,0.0,0
6,1.0043,-1,-0.0105,5,0.8797,0.0,0
4,0.0606,2,0.0055,26,0.0583,0.0,1
36,0.0603,-1,-0.0008,26,0.0583,0.0,2
3,1.2129,1,0.0294,1,1.1826,0.0043,0
26,0.0583,-2,-0.0006,36,0.0603,0.0009,2
6,0.9378,1,0.0078,7,0.798,0.0,0
7,0.798,4,-0.0855,6,0.8594,0.0,1
1,1.0085,0,0.0,1,1.2102,0.0,0
2,0.5932,1,0.3088,36,0.0603,0.0,0
1,1.3949,1,0.0,0,1.3949,0.0,0
5,0.3991,0,0.0,17,0.3822,0.0,1
6,0.8563,1,0.0306,5,0.8797,0.0,1
7,0.3975,-3,-0.0111,17,0.3822,0.0,1
2,1.2882,0,0.2404,1,1.0193,0.0559,0
18,0.0614,1,0.0004,36,0.0583,0.0,2
1,1.3423,1,0.0,13,0.0904,0.0,0
1,1.0728,1,0.0,0,1.0728,0.0,0
17,0.3822,4,0.0143,7,0.3975,0.0,2
3,1.1689,3,0.0,17,0.3822,0.0,0
1,1.3587,0,0.0,1,1.2357,0.0,0
5,0.8797,0,-0.026,6,0.8563,0.0,1
3,1.1699,1,0.087,1,1.1826,0.0,0
2,1.1497,1,-0.0383,0,1.1497,0.0,0
2,0.953,-1,-0.0072,1,0.8381,0.0,0
1,1.1795,1,0.0,0,1.1795,0.0,0
2,1.212,1,0.0435,0,1.212,0.0739,0
1,0.9369,1,0.0,6,0.9378,0.0,0
13,0.0904,0,0.0028,26,0.0583,0.0003,2
1,1.0641,1,0.0,2,1.2185,0.0,0
1,1.3826,1,0.0,1,1.0193,0.0,0
1,1.1018,0,0.0,1,1.1799,0.0,0
5,0.9733,2,-0.0315,3,0.9418,0.0,0
1,1.1969,1,0.0,0,1.1969,0.0,0
1,1.2105,1,0.0,1,1.0512,0.0,0
2,1.2185,0,0.0577,1,1.0641,0.0,0
6,0.8594,-4,0.0843,7,0.798,0.0,1
1,1.0491,0,0.0,2,1.0338,0.0,0
1,1.1624,1,0.0,1,1.1989,0.0,0
1,1.1799,1,0.0,1,1.1018,0.0,0
1,1.1617,1,0.0,0,1.1617,0.0,0
2,0.5952,0,0.1876,18,0.0614,0.0002,0
2,1.1743,0,0.0,1,1.2593,0.0,0
2,0.8176,0,0.0586,17,0.3822,0.0,0
1,1.3368,0,0.0,1,1.0312,0.0,0
2,1.0988,1,0.0734,0,1.0988,0.0007,0
1,1.2977,0,0.0,1,1.0312,0.0,0
1,1.2357,0,-0.1529,1,1.0193,0.0,0
3,0.9418,-2,-0.0164,6,0.8594,0.0,0
2,0.9363,0,0.0373,6,0.8563,0.0,0
2,1.0338,1,0.0069,1,1.0491,0.0,0
1,1.2102,0,0.0,1,1.0085,0.0,0
1,1.1412,-2,-0.0277,3,0.9369,0.0,0
1,0.8381,0,0.0,13,0.0904,0.0,0
1,1.1989,0,0.0,1,1.1624,0.0,0
1,1.0312,0,0.0,1,1.2977,0.0,0
1,1.2511,0,0.0,0,1.2511,0.0,0
1,1.0193,0,0.0,2,1.2357,0.0,0
1,1.0485,1,0.0,0,1.0485,0.0,0
1,1.0512,0,0.0405,5,0.5952,0.0,0
1,1.1826,-2,-0.1417,3,1.1699,0.0,0
1,1.3885,0,-0.0043,2,1.0193,0.0,0
1,0.9745,1,0.0,6,0.953,0.0,0
1,1.0292,1,0.0,1,1.2393,0.0,0
1,1.0355,0,0.0,1,1.3368,0.0,0
1,1.1412,0,0.0,0,1.1412,0.0,0
1,1.2421,1,0.0,0,1.2421,0.0,0
1,1.2593,0,0.0,2,1.1743,0.0,0
1,1.2393,0,-0.1433,3,1.0292,0.0,0
1,1.2688,0,0.0014,3,1.1699,0.0,0
5,0.0599,1,-0.0007,25,0.0583,0.0,1
21,0.3905,4,0.0084,4,0.368,0.0,2
25,0.0583,-1,0.0,35,0.0599,0.0004,2
6,0.9347,1,0.055,7,0.8187,0.0,0
13,0.0835,0,-0.0069,25,0.0583,0.0003,2
4,0.3932,-1,-0.0059,21,0.368,0.0,1
2,1.0063,1,0.0318,3,1.0482,0.0,0
20,0.0616,2,0.0003,35,0.0583,0.0,2
35,0.0615,-1,0.0012,25,0.0583,0.0,2
4,0.9804,1,-0.1885,21,0.3905,0.0,0
1,1.0193,0,0.0,2,1.2943,0.0,0
1,1.1412,1,0.0,1,1.2421,0.0,0
1,1.1617,0,0.0,0,1.1617,0.0,0
2,1.2241,0,0.0056,2,1.1448,0.0,0
1,1.1114,-1,-0.0383,1,1.188,0.0,0
7,0.8433,1,-0.0161,6,0.7439,0.0,1
1,1.1018,1,0.0,0,1.1018,0.0,0
7,0.8187,1,-0.0376,6,0.9347,0.0,1
3,0.9377,0,-0.0041,7,0.8433,0.0,0
6,0.7439,-1,-0.0541,7,0.8433,0.0,1
1,1.0269,0,-0.0223,1,1.0407,0.0,0
2,0.368,-5,-0.0296,21,0.3905,0.0,0
2,1.0966,0,0.1436,2,1.0063,0.0,0
1,0.909,1,0.0,20,0.0599,0.0,0
3,0.9771,2,0.0402,5,0.967,0.0,0
1,0.6474,-1,0.0542,35,0.0615,0.0,0
1,1.0728,0,0.0,0,1.0728,0.0,0
3,1.2026,2,-0.0567,0,1.2026,0.0329,0
3,1.1995,0,-0.0135,2,1.1615,0.0001,0
3,1.0482,-3,0.0439,6,0.9347,0.0,0
5,0.967,-1,0.0292,6,0.7439,0.0,0
1,1.1799,0,0.0,0,1.1799,0.0,0
1,1.0292,0,0.0,2,1.2152,0.0,0
1,1.2943,-1,0.0062,1,1.0193,0.0,0
2,1.1861,1,0.1507,1,1.0312,0.0044,0
1,0.4228,1,0.0,21,0.3905,0.0,0
1,1.1989,1,0.0,0,1.1989,0.0,0
1,1.0312,0,-0.3056,2,1.1861,0.0,0
2,1.2531,1,0.0426,1,0.909,0.0,0
1,0.8037,-1,-0.0139,21,0.3905,0.0,0
4,0.9732,-1,-0.0001,3,0.9377,0.0,0
1,1.1723,-1,0.0734,1,1.0254,0.0,0
3,0.9408,1,0.0045,7,0.8187,0.0,0
1,1.188,1,0.0,1,1.1114,0.0,0
1,1.0085,0,0.0,0,1.0085,0.0,0
1,1.3423,0,0.0,13,0.0835,0.0,0
1,1.2421,0,0.0,1,1.1412,0.0,0
1,1.0407,-1,0.0069,1,1.0269,0.0,0
1,1.1795,0,0.0,1,1.1685,0.0,0
2,1.1841,-1,0.0142,2,1.1448,0.0,0
1,1.3949,1,0.0,1,1.0292,0.0,0
1,1.0485,0,0.0,0,1.0485,0.0,0
2,1.1448,1,-0.1241,2,1.1841,0.0,0
1,1.1624,0,0.0,0,1.1624,0.0,0
1,1.2102,1,0.0,0,1.2102,0.0,0
1,1.1969,0,0.0,0,1.1969,0.0,0
1,1.1685,1,0.0,1,1.1795,0.0,0
1,1.3885,0,0.0,2,1.0193,0.0,0
1,1.1615,0,-0.0211,3,1.1841,0.0,0
1,1.0254,1,0.0,1,1.1723,0.0,0
2,1.2972,1,0.0615,1,1.0193,0.0484,0
1,1.194,1,0.0,4,0.9804,0.0,0
1,1.3826,0,0.0,2,1.0193,0.0,0
1,1.0074,1,0.0,1,0.4228,0.0,0
2,1.2152,1,-0.0241,3,1.0292,0.0,0
1,1.0491,1,0.0,1,1.0269,0.0,0
1,1.2977,0,0.2665,1,1.0312,0.0,0
1,1.2511,1,0.0,2,0.368,0.0,0
1,1.0998,1,0.0,1,1.2943,0.0,0
1,0.4685,-1,-0.1267,20,0.0616,0.0,0
1,1.2555,-1,0.0435,1,1.1685,0.0,0
7,0.9684,1,0.0337,7,0.8113,0.0,0
34,0.062,-1,0.0005,25,0.0583,0.0,2
1,1.1617,1,0.0,0,1.1617,0.0,0
21,0.0612,1,-0.0004,34,0.0583,0.0,2
25,0.0583,0,-0.0,34,0.0599,0.0005,2
2,0.9786,-1,0.0378,7,0.7971,0.0,0
7,0.7613,1,0.0174,8,0.8513,0.0,1
2,0.9255,-2,-0.0477,3,1.0038,0.0,0
21,0.4046,0,0.0141,5,0.3991,0.0,2
1,0.7971,1,0.0,7,0.8113,0.0,0
7,0.8113,0,-0.0073,7,0.7971,0.0,1
5,0.3991,4,-0.0237,21,0.4034,0.0,1
1,1.0641,-1,-0.16,2,1.2185,0.0,0
2,1.1743,-1,-0.0283,1,1.2593,0.0,0
2,1.1548,1,-0.1395,1,1.3587,0.1405,0
3,1.1444,2,-0.0171,1,1.2688,0.0,0
1,1.0485,1,0.0,0,1.0485,0.0,0
1,1.0883,1,0.0,2,0.5702,0.0,0
5,0.0599,0,0.0,25,0.0583,0.0,1
1,0.9503,0,-0.0571,5,0.3991,0.0,0
1,1.1018,0,0.0,0,1.1018,0.0,0
3,0.9849,1,-0.0214,1,1.2511,0.0,0
13,0.0659,0,-0.0176,25,0.0583,0.0003,2
3,1.0038,0,0.0661,8,0.8513,0.0,0
1,1.0728,1,0.0,1,0.553,0.0,0
2,1.2185,0,0.0738,1,1.0641,0.0,0
1,1.1795,1,0.0,1,1.1799,0.0,0
8,0.8513,1,0.0079,7,0.7613,0.0,1
1,0.9309,1,0.0,13,0.0659,0.0,0
1,1.2102,0,0.0,1,1.0085,0.0,0
2,0.8164,-2,-0.164,21,0.4034,0.0,0
2,1.1497,1,-0.0383,0,1.1497,0.0,0
2,0.4034,1,-0.4003,21,0.3991,0.0,0
1,1.2511,-1,0.1545,3,0.9309,0.0,0
4,1.1973,2,-0.0179,2,1.2948,0.016,0
1,1.2555,1,0.0,1,1.1685,0.0,0
1,1.1989,0,0.0,1,1.1624,0.0,0
4,0.9824,1,0.0053,4,0.9321,0.0,0
1,1.0292,1,0.0,1,1.2357,0.0,0
1,0.553,0,-0.0945,34,0.062,0.0,0
1,1.2956,-1,0.0426,1,1.0883,0.0,0
1,1.1969,1,0.0,0,1.1969,0.0,0
4,0.9321,-1,-0.0349,7,0.7613,0.0,0
2,1.2948,1,-0.0878,4,1.1973,0.0287,0
1,1.2511,0,0.0,0,1.2511,0.0,0
1,0.5702,0,0.1018,21,0.0612,0.0,0
1,1.0407,0,0.0138,1,1.0269,0.0,0
1,1.1538,1,0.0,3,0.4034,0.0,0
1,1.2357,-1,-0.0615,1,1.0292,0.0,0
1,1.0491,1,0.0,1,1.0269,0.0,0
2,1.0988,1,0.0734,0,1.0988,0.001,0
1,1.1799,0,0.0,1,1.1795,0.0,0
1,1.0269,0,-0.0223,1,1.0407,0.0,0
1,1.0355,1,0.0,1,1.3368,0.0,0
3,1.1689,3,0.0,2,0.4034,0.0,0
1,1.3587,0,-0.0299,2,1.1548,0.0,0
1,1.1685,0,0.0,1,1.2555,0.0,0
1,1.2977,0,0.0,1,1.0312,0.0,0
1,1.0312,0,0.0,1,1.2977,0.0,0
2,0.9113,2,0.0,2,0.7971,0.0,0
1,1.1624,1,0.0,1,1.1989,0.0,0
1,1.2105,1,0.0,1,1.2956,0.0,0
1,1.1412,0,0.0,0,1.1412,0.0,0
1,1.3368,-1,0.1507,1,1.0312,0.0,0
1,1.2688,-1,0.0848,3,1.1444,0.0,0
1,1.0085,1,0.0,1,1.2102,0.0,0
1,1.3949,0,0.0,1,1.0292,0.0,0
1,1.1844,1,0.0,0,1.1844,0.0,0
1,1.2593,1,0.0,2,1.0292,0.0,0
1,1.2421,1,0.0,0,1.2421,0.0,0
20,0.4005,-1,-0.0041,5,0.3991,0.0,2
34,0.0617,0,-0.0002,22,0.0576,0.0,2
2,1.038,1,-0.0111,1,1.0407,0.0,0
8,0.0612,3,0.0013,22,0.0576,0.0,2
21,0.0612,0,0.0,34,0.0576,0.0,2
10,0.7668,3,0.0055,4,0.8483,0.0,1
1,0.4821,0,-0.0709,34,0.0617,0.0,0
3,0.8778,-5,0.0265,10,0.7668,0.0,0
22,0.0576,-3,-0.0007,34,0.0612,0.0004,2
5,0.8459,-2,0.0345,6,0.8222,0.0,1
2,1.0988,2,0.0,0,1.0988,0.0,0
1,1.0312,0,-0.3056,1,1.0355,0.0,0
1,1.3368,0,0.3013,1,1.0312,0.0,0
1,1.1795,0,0.0,0,1.1795,0.0,0
1,1.3826,1,0.0,2,1.1548,0.0,0
2,0.9497,2,0.0,4,0.8222,0.0,0
13,0.0633,0,-0.0026,22,0.0576,0.0003,2
6,0.9819,-1,0.0135,5,0.8459,0.0,0
2,1.1743,0,0.0,0,1.1743,0.0002,0
2,1.1548,0,0.0,2,1.2972,0.0214,0
4,0.8222,2,-0.1565,5,0.8459,0.0,1
3,1.0229,0,0.038,1,0.9745,0.0,0
1,1.2688,0,0.0,3,1.1358,0.0,0
3,1.1995,-1,0.0021,2,1.0292,0.0112,0
3,0.4237,1,0.0203,20,0.3991,0.0,0
1,1.0355,1,0.0,1,1.0312,0.0,0
1,1.0912,-1,0.1799,4,0.8222,0.0,0
1,1.2416,1,0.0,1,1.0676,0.0,0
1,1.1132,1,0.0,1,1.0085,0.0,0
1,1.1114,-1,-0.0383,1,1.188,0.0,0
1,1.1624,0,0.0,0,1.1624,0.0,0
2,1.2152,0,-0.0796,3,1.0292,0.0003,0
2,1.1358,-1,-0.0086,1,1.0794,0.0,0
4,0.8483,0,-0.0837,10,0.7668,0.0,1
5,0.3991,0,0.0,20,0.4005,0.0,1
5,0.9729,2,-0.0309,3,0.8778,0.0,0
4,1.1841,1,0.0152,3,0.4237,0.0,0
4,0.9832,0,0.0008,4,0.8483,0.0,0
1,1.0292,1,0.0,3,1.1995,0.0,0
1,1.188,1,0.0,1,1.1114,0.0,0
1,1.1989,1,0.0,0,1.1989,0.0,0
1,1.2421,0,0.0,0,1.2421,0.0,0
1,1.1617,0,0.0,0,1.1617,0.0,0
1,1.0085,0,0.0,1,1.1132,0.0,0
2,1.2531,1,0.0426,1,1.2676,0.0,0
1,0.9745,1,0.0,6,0.9819,0.0,0
2,1.2972,1,-0.0615,2,1.1548,0.0016,0
1,1.1844,0,0.0,0,1.1844,0.0,0
1,1.0676,0,-0.0862,4,0.4237,0.0,0
1,1.2511,1,0.0,20,0.4005,0.0,0
1,1.1799,1,0.0,0,1.1799,0.0,0
1,1.2555,0,0.0,1,1.1685,0.0,0
1,1.1412,1,0.0,0,1.1412,0.0,0
1,1.0728,0,0.0,1,0.4821,0.0,0
3,1.1938,1,-0.0248,1,1.2688,0.0,0
2,0.9876,2,0.0,20,0.4005,0.0,0
1,1.2977,0,0.0,0,1.2977,0.0,0
1,0.7483,0,0.1781,21,0.0612,0.0,0
1,1.1685,0,0.0,1,1.2555,0.0,0
1,1.2676,0,-0.028,2,1.2531,0.0,0
1,1.0794,1,0.0,3,1.1358,0.0,0
1,1.0407,0,0.0,2,1.038,0.0,0
1,0.9309,0,0.0,13,0.0633,0.0,0
1,1.3949,0,0.3657,1,1.0292,0.0,0
1,1.0485,0,0.0,0,1.0485,0.0,0
1,0.8761,0,0.079,5,0.8222,0.0,0
1,1.1702,1,0.0,1,1.3949,0.0,0
1,0.5183,-1,-0.2981,20,0.4005,0.0,0
1,1.1969,1,0.0,0,1.1969,0.0,0
1,1.1018,1,0.0,0,1.1018,0.0,0
1,1.2102,1,0.0,0,1.2102,0.0,0
8,0.0612,0,0.0,23,0.0576,0.0,2
22,0.0576,0,0.0,32,0.061,0.0003,2
9,0.4205,6,-0.0033,14,0.3928,0.0,2
13,0.0673,0,0.0039,22,0.0576,0.0003,2
2,1.2528,2,0.0,2,1.1316,0.0,0
2,0.9908,0,0.0412,4,0.8507,0.0,0
9,0.8861,4,0.0403,4,0.8507,0.0,1
1,1.3368,0,0.3013,1,1.0312,0.0,0
2,1.2737,0,0.1189,1,0.9472,0.1674,0
1,1.0085,1,0.0,1,1.2102,0.0,0
32,0.0614,-2,-0.0004,23,0.0576,0.0,2
1,0.9472,1,0.0,2,1.2737,0.0,0
5,0.3991,0,0.0,14,0.3928,0.0,1
4,0.8507,0,0.0286,9,0.8861,0.0,1
6,0.7605,2,-0.0878,7,0.8214,0.0,1
1,1.3949,0,0.0,1,1.0292,0.0,0
3,1.1802,1,0.0443,2,1.1615,0.0262,0
14,0.3928,-6,-0.0077,9,0.3991,0.0,2
5,1.1993,3,-0.0159,1,1.0292,0.0139,0
2,0.9578,-4,-0.0241,9,0.8861,0.0,0
1,1.1615,0,0.0822,3,1.1802,0.0,0
1,0.9309,0,0.0,13,0.0673,0.0,0
23,0.061,2,-0.0002,32,0.0576,0.0,2
5,0.9628,1,-0.0204,6,0.7605,0.0,0
1,1.1969,0,0.0,0,1.1969,0.0,0
1,1.1685,1,0.0,1,1.2555,0.0,0
7,0.8214,-3,0.0546,6,0.7605,0.0,1
1,1.1018,0,0.0,0,1.1018,0.0,0
2,1.0524,-1,0.0295,2,0.9692,0.0,0
1,1.1795,1,0.0,1,1.1799,0.0,0
4,0.9587,-1,-0.0142,3,0.8842,0.0,0
1,1.0838,1,0.0,1,1.1702,0.0,0
1,1.2676,0,0.0,2,0.8247,0.0,0
2,0.9876,2,0.0,5,0.4916,0.0,0
2,1.0338,0,-0.0042,1,1.0491,0.0,0
2,1.1316,-2,-0.0525,9,0.4205,0.0,0
1,1.2647,1,0.0,1,1.0838,0.0,0
1,1.2511,0,0.0,14,0.3928,0.0,0
1,1.2357,-1,-0.0615,2,1.2737,0.0,0
1,0.4916,0,-0.0267,14,0.3928,0.0,0
1,1.0292,0,0.0,5,1.1993,0.0,0
1,1.0491,1,0.0,2,1.0338,0.0,0
1,1.0485,0,0.0,0,1.0485,0.0,0
2,1.0988,0,0.0,0,1.0988,0.0,0
2,0.9692,1,-0.0053,2,0.9578,0.0,0
1,1.2102,0,0.0,1,1.0085,0.0,0
1,1.0728,0,0.0,1,0.3168,0.0,0
2,1.2586,1,-0.0103,3,1.0641,0.0,0
1,1.2406,1,0.0,0,1.2406,0.0,0
2,1.2531,0,0.0,1,1.2676,0.0,0
1,1.2435,0,0.1759,9,0.4205,0.0,0
1,1.0355,1,0.0,1,1.3368,0.0,0
3,0.8842,0,0.0064,7,0.8214,0.0,0
1,1.188,0,0.0,1,1.1114,0.0,0
1,1.1989,0,0.0,1,1.1624,0.0,0
1,1.0641,-2,-0.1297,2,1.2586,0.0,0
1,1.1617,1,0.0,0,1.1617,0.0,0
1,1.2421,1,0.0,1,1.2555,0.0,0
1,1.1412,0,0.0,0,1.1412,0.0,0
1,1.1844,1,0.0,0,1.1844,0.0,0
1,1.1624,1,0.0,1,1.1989,0.0,0
1,0.8247,1,0.0,23,0.061,0.0,0
1,1.1114,0,0.0,1,1.188,0.0,0
1,1.0312,0,0.0,1,1.2977,0.0,0
1,1.2416,1,0.0,2,1.2435,0.0,0
1,0.9576,1,0.0,2,0.8937,0.0,0
1,1.1132,0,0.0,0,1.1132,0.0,0
1,0.8937,0,-0.1975,4,0.8507,0.0,0
1,1.2977,1,0.0,1,1.0312,0.0,0
1,1.1799,0,0.0,1,1.1795,0.0,0
1,0.3168,0,-0.1653,32,0.0614,0.0,0
1,0.931,-1,-0.0566,14,0.3928,0.0,0
1,1.2555,0,0.087,1,1.1685,0.0,0
1,1.1702,0,0.0,1,1.0838,0.0,0
23,0.061,0,0.0,32,0.0573,0.0,2
32,0.0603,0,-0.001,23,0.0573,0.0,2
2,1.0426,1,0.1117,12,0.3929,0.0,0
13,0.0757,0,0.0084,21,0.0573,0.0006,2
8,0.8067,1,-0.0147,6,0.7485,0.0,1
4,0.9961,2,0.0085,2,0.9809,0.0,0
21,0.0573,-1,-0.0003,32,0.0603,0.0002,2
12,0.4239,3,0.0035,12,0.3929,0.0,2
9,0.0615,1,0.0003,23,0.0573,0.0,2
2,0.6475,1,0.3308,32,0.0603,0.0,0
3,1.0213,2,0.0637,2,0.8331,0.0,0
3,1.2207,-2,0.0214,2,1.0292,0.0007,0
1,1.1969,1,0.0,0,1.1969,0.0,0
6,0.8021,2,-0.0487,7,0.8128,0.0,1
2,1.1991,2,0.0,3,1.0292,0.0099,0
2,1.1358,1,-0.0257,1,1.0794,0.0002,0
3,1.1993,1,-0.0535,1,1.1709,0.0,0
5,0.3991,0,-0.0,12,0.3929,0.0,1
1,1.2421,0,0.0,1,1.1412,0.0,0
4,1.0329,2,0.0637,0,1.0329,0.0,0
1,1.2688,-2,0.0887,2,1.1358,0.0,0
12,0.3929,-2,0.0001,12,0.3991,0.0,2
6,0.7485,0,-0.012,8,0.8067,0.0,1
2,1.1497,1,-0.0383,0,1.1497,0.0,0
1,1.2406,0,0.0,0,1.2406,0.0,0
4,0.9422,1,0.058,8,0.8067,0.0,0
2,1.0338,0,0.0,1,1.0491,0.0,0
1,1.0292,1,0.0,3,1.1897,0.0,0
2,1.2531,2,0.0,1,1.2676,0.0,0
3,1.1897,1,-0.0839,2,1.0292,0.0267,0
2,1.212,1,0.0435,0,1.212,0.003,0
2,1.1727,1,0.0025,1,1.0838,0.0247,0
1,1.3949,1,0.0,2,1.0292,0.0,0
2,1.2586,0,0.0,1,1.0641,0.0,0
1,1.1799,1,0.0,1,1.1018,0.0,0
1,1.1412,1,0.0,1,1.2421,0.0,0
1,1.1844,0,0.0,0,1.1844,0.0,0
1,0.9309,1,0.0,0,0.9309,0.0,0
7,0.9646,-2,0.0785,6,0.8021,0.0,0
2,0.9809,-3,0.0181,6,0.7485,0.0,0
1,1.2416,1,0.0,1,1.2435,0.0,0
2,0.9376,-2,-0.0211,4,0.9422,0.0,0
2,1.1861,1,0.1507,0,1.1861,0.0,0
1,1.0491,0,0.0,2,1.0338,0.0,0
1,1.2676,-1,0.0146,2,1.2531,0.0,0
1,1.1624,0,0.0,0,1.1624,0.0,0
1,1.0085,0,0.0,0,1.0085,0.0,0
1,1.1795,0,0.0,0,1.1795,0.0,0
1,1.2435,1,0.0,1,1.2416,0.0,0
1,1.1709,-1,0.0393,12,0.4239,0.0,0
2,1.0988,0,0.0,0,1.0988,0.0,0
1,1.0312,0,0.0,1,1.2977,0.0,0
1,1.1018,0,0.0,1,1.1799,0.0,0
1,1.2977,0,0.0,1,1.0312,0.0,0
1,0.9519,1,0.0,0,0.9519,0.0,0
1,1.2102,1,0.0,0,1.2102,0.0,0
1,0.8128,1,0.0,7,0.8021,0.0,0
1,1.1617,0,0.0,0,1.1617,0.0,0
1,1.0485,0,0.0,0,1.0485,0.0,0
1,1.2511,0,0.0,12,0.3929,0.0,0
1,1.1989,1,0.0,0,1.1989,0.0,0
2,0.8331,1,-0.0606,6,0.8021,0.0,0
1,1.0838,0,0.0,2,1.1727,0.0,0
1,1.1132,0,0.0,0,1.1132,0.0,0
1,1.0641,0,0.0,2,1.2586,0.0,0
1,1.0794,1,0.0,3,1.1358,0.0,0
13,0.0858,0,0.0101,20,0.0574,0.0009,2
23,0.061,0,0.0,33,0.0574,0.0,2
3,1.2109,0,0.0116,1,1.2251,0.0,0
2,1.1524,-1,-0.0682,2,0.8836,0.0,0
5,0.3991,0,0.0,14,0.4081,0.0,1
11,0.4401,-1,0.0473,14,0.3991,0.0,2
3,1.2513,2,-0.0176,1,1.0042,0.0277,0
1,0.8836,0,-0.1456,2,1.1524,0.0,0
20,0.0574,-1,0.0001,33,0.061,0.0002,2
33,0.065,1,0.0047,23,0.0574,0.0,2
8,0.7697,2,0.0212,7,0.8009,0.0,1
5,0.9571,1,0.0149,7,0.8009,0.0,0
2,1.2825,1,-0.1124,2,0.8836,0.0531,0
4,0.8327,2,-0.0004,5,0.8337,0.0,1
1,1.2251,1,0.0,3,1.2109,0.0,0
2,1.1734,1,0.094,2,1.0042,0.0,0
1,0.9213,1,0.0,5,0.8327,0.0,0
10,0.061,1,-0.0006,23,0.0574,0.0,2
1,1.0485,1,0.0,0,1.0485,0.0,0
14,0.4081,2,-0.0158,11,0.3991,0.0,2
5,0.8337,-1,0.0316,6,0.8327,0.0,1
2,1.2602,2,0.0,1,1.207,0.0297,0
1,1.0791,1,0.0,1,1.2676,0.0,0
7,0.8009,-1,-0.0058,8,0.7697,0.0,1
2,1.1743,0,0.0015,2,1.2825,0.0118,0
2,1.2531,0,0.0,1,1.2676,0.0,0
1,0.9745,1,0.0,6,0.9772,0.0,0
1,1.0042,-1,-0.1316,3,1.1734,0.0,0
1,1.2421,1,0.0,1,1.2555,0.0,0
1,1.0085,0,0.0,1,1.1132,0.0,0
2,1.195,0,-0.0041,2,0.8836,0.03,0
2,1.0988,2,0.0,0,1.0988,0.0,0
1,0.7945,-1,0.147,33,0.065,0.0,0
1,1.2435,1,0.0,3,1.2109,0.0,0
3,1.0524,-1,0.0195,1,0.9745,0.0,0
2,1.0031,-1,-0.0182,4,0.8327,0.0,0
1,0.859,-1,-0.122,8,0.7697,0.0,0
1,1.1795,1,0.0,1,1.1799,0.0,0
3,1.0442,-1,0.0481,3,0.859,0.0,0
1,1.1132,1,0.0,1,1.0085,0.0,0
1,1.2416,0,0.0,1,1.2435,0.0,0
1,1.2102,1,0.0,0,1.2102,0.0,0
1,1.1617,1,0.0,0,1.1617,0.0,0
1,1.1412,0,0.0,0,1.1412,0.0,0
6,0.9772,-1,0.0126,5,0.8337,0.0,0
2,1.038,1,-0.0111,1,1.0407,0.0,0
1,1.2676,0,0.0,2,1.0791,0.0,0
1,1.2555,-1,0.0435,1,1.1685,0.0,0
1,1.1114,-1,-0.0383,1,1.188,0.0,0
1,1.0312,1,0.0,1,1.2977,0.0,0
1,1.1989,0,0.0,0,1.1989,0.0,0
1,1.2977,0,0.2665,1,1.0312,0.0,0
1,1.0407,-1,0.0069,2,1.038,0.0,0
1,1.188,1,0.0,1,1.1114,0.0,0
1,1.0088,1,0.0,2,0.9213,0.0,0
1,1.207,-2,0.0173,2,0.8836,0.0,0
2,1.1861,2,0.0,0,1.1861,0.0,0
1,1.1844,1,0.0,0,1.1844,0.0,0
1,1.1018,1,0.0,13,0.0858,0.0,0
3,0.979,3,0.0,14,0.4081,0.0,0
1,1.1624,0,0.0,0,1.1624,0.0,0
1,1.2406,1,0.0,0,1.2406,0.0,0
1,1.078,-1,0.0353,11,0.4401,0.0,0
1,1.1685,1,0.0,1,1.2555,0.0,0
1,1.3423,0,0.4114,0,1.3423,0.0,0
1,1.1799,0,0.0,1,1.1795,0.0,0
1,1.1969,0,0.0,0,1.1969,0.0,0
1,1.0641,-1,-0.1945,3,1.2513,0.0,0
3,0.9187,-2,-0.0384,4,0.9212,0.0,0
1,0.8836,0,0.0,3,1.1513,0.0,0
15,0.4018,1,-0.0063,9,0.3891,0.0,2
33,0.0629,0,-0.0021,22,0.0574,0.0,2
1,1.2977,0,0.2665,1,1.0312,0.0,0
3,1.1993,2,-0.0258,1,1.1709,0.0,0
10,0.061,0,0.0,22,0.0574,0.0,2
20,0.0574,0,0.0,33,0.0607,0.0002,2
1,1.1989,1,0.0,0,1.1989,0.0,0
22,0.0607,-1,-0.0002,33,0.0574,0.0,2
11,0.7747,3,0.0051,4,0.8417,0.0,1
13,0.0797,0,-0.0061,20,0.0574,0.0001,2
3,0.8662,-3,-0.111,8,0.9,0.0,0
9,0.4478,-2,0.0077,15,0.3891,0.0,2
1,1.2435,0,0.0019,1,1.2416,0.0,0
1,1.1192,1,0.0,3,0.5717,0.0,0
1,1.1969,1,0.0,1,1.1412,0.0,0
2,0.8417,1,-0.0173,11,0.7747,0.0,0
1,0.5922,0,-0.2024,33,0.0629,0.0,0
1,1.0641,0,0.0,2,1.1696,0.0,0
1,1.0791,0,0.0,1,0.0663,0.0,0
8,0.9,3,0.0663,3,0.7436,0.0,1
1,1.2102,1,0.0,0,1.2102,0.0,0
3,0.8378,2,-0.0835,8,0.7436,0.0,0
2,1.1513,1,-0.0557,3,0.8836,0.0157,0
2,1.0524,-1,-0.0,2,0.9692,0.0,0
2,1.0988,0,0.0,0,1.0988,0.0,0
1,1.0085,1,0.0,0,1.0085,0.0,0
2,1.1497,1,-0.0383,0,1.1497,0.0,0
1,1.1709,-2,-0.0401,3,0.5717,0.0,0
1,1.0491,1,0.0,2,1.0338,0.0,0
1,1.1412,0,0.0,1,1.1969,0.0,0
2,1.1696,-1,-0.0817,1,1.0641,0.0,0
2,1.2816,0,0.0286,1,1.2105,0.0,0
3,1.0174,3,0.0,1,0.8937,0.0,0
2,1.1861,0,0.0,0,1.1861,0.0,0
1,1.1685,1,0.0,1,1.1795,0.0,0
3,0.957,0,-0.022,15,0.4018,0.0,0
3,1.2095,1,0.0145,2,0.8836,0.0103,0
1,0.5717,1,0.0,15,0.4018,0.0,0
1,1.2555,0,0.087,1,1.1685,0.0,0
2,1.1743,0,0.0,1,1.1702,0.0003,0
3,1.0847,0,0.0405,3,0.8417,0.0,0
1,1.1132,0,0.0,0,1.1132,0.0,0
2,1.0338,0,-0.0042,1,1.0491,0.0,0
1,1.0312,1,0.0,1,1.2977,0.0,0
5,0.3891,0,-0.01,15,0.4018,0.0,1
3,1.117,1,-0.0564,1,1.2688,0.0187,0
1,1.1702,1,0.0,2,1.1743,0.0,0
1,1.3423,0,0.0,0,1.3423,0.0,0
1,1.2633,1,0.0,2,0.8836,0.0,0
1,1.1617,0,0.0,0,1.1617,0.0,0
1,1.1018,0,0.0,13,0.0797,0.0,0
2,0.9692,1,-0.0053,3,0.8662,0.0,0
4,0.9212,-3,0.1202,11,0.7747,0.0,0
1,0.8937,-1,-0.1094,3,0.7436,0.0,0
1,0.7436,-3,-0.0892,8,0.8378,0.0,0
1,1.0485,0,0.0,0,1.0485,0.0,0
1,0.859,0,-0.219,9,0.4478,0.0,0
1,1.3517,1,0.0,1,1.2406,0.0,0
1,1.1795,0,0.0,1,1.1685,0.0,0
1,1.2416,1,0.0,2,1.1743,0.0,0
1,1.2688,0,0.2646,3,1.117,0.0,0
1,1.1624,1,0.0,0,1.1624,0.0,0
1,1.1844,0,0.0,0,1.1844,0.0,0
1,1.2406,0,0.0,1,1.3517,0.0,0
1,0.0663,1,0.0,22,0.0607,0.0,0
1,1.2421,1,0.0,0,1.2421,0.0,0
1,1.1799,1,0.0,1,1.1018,0.0,0
1,1.2105,1,0.0,2,1.2816,0.0,0
21,0.0606,-1,-0.0001,33,0.0574,0.0,2
33,0.0617,0,-0.0012,21,0.0574,0.0,2
1,1.2977,0,0.0,1,1.0312,0.0,0
2,1.038,1,-0.0111,1,1.0407,0.0,0
1,1.1934,0,-0.1584,1,1.3517,0.0,0
1,1.2416,0,0.0,1,1.0071,0.0,0
20,0.0574,0,0.0,33,0.0606,0.0,2
4,1.1124,2,-0.0389,2,1.1678,0.0204,0
5,0.9305,-3,0.0305,5,0.7403,0.0,0
5,0.8165,4,0.0729,5,0.7403,0.0,1
1,1.1114,-1,-0.0383,1,1.188,0.0,0
1,1.2435,1,0.0,4,1.0071,0.0,0
2,1.1678,-1,-0.0416,4,1.1124,0.0,0
4,1.0776,1,0.1206,18,0.3924,0.0,0
2,0.9089,1,-0.2103,4,0.7633,0.0,0
18,0.3924,3,-0.0094,5,0.3775,0.0,2
8,0.7828,-3,0.008,6,0.7842,0.0,1
4,0.9098,0,-0.0114,8,0.7828,0.0,0
1,1.0641,0,0.0,2,1.2096,0.0,0
3,1.0674,0,0.0501,2,0.9401,0.0,0
1,1.1624,0,0.0,0,1.1624,0.0,0
1,1.1969,0,0.0,0,1.1969,0.0,0
4,1.0108,2,0.0416,0,1.0108,0.0,0
2,1.1861,0,0.0,1,1.0312,0.0,0
10,0.061,0,0.0,21,0.0574,0.0,2
2,1.2531,1,0.0426,1,1.2676,0.0,0
1,1.1132,0,0.0,0,1.1132,0.0,0
4,1.1922,1,-0.0071,1,1.2435,0.0361,0
6,0.7842,4,-0.0575,8,0.7828,0.0,1
2,0.9135,-1,-0.0052,4,0.9098,0.0,0
1,1.2676,-1,-0.014,2,1.2531,0.0,0
1,1.0407,-1,0.0069,2,1.038,0.0,0
1,1.1799,0,0.0,1,1.1795,0.0,0
2,0.9401,1,0.0464,5,0.7403,0.0,0
1,0.9089,-2,-0.1758,6,0.7842,0.0,0
1,1.1455,1,0.0,2,1.0071,0.0,0
2,1.2096,0,0.0401,1,1.0641,0.0001,0
1,1.0071,-1,-0.1671,1,1.1455,0.0,0
1,1.1989,1,0.0,0,1.1989,0.0,0
3,0.4647,3,0.0,18,0.3775,0.0,0
2,1.2168,1,-0.0466,4,1.1124,0.0005,0
14,0.1415,1,0.0617,20,0.0574,0.0122,2
5,0.4606,-4,0.0128,18,0.3775,0.0,1
1,1.1723,1,0.0,1,1.0254,0.0,0
1,1.2555,0,0.0,1,1.1685,0.0,0
2,1.1077,-1,-0.0093,2,1.1734,0.0001,0
3,0.3775,-2,-0.0116,18,0.3924,0.0,0
1,1.1844,1,0.0,0,1.1844,0.0,0
2,0.0651,1,-0.0012,21,0.0606,0.0,0
3,0.7403,0,-0.0975,5,0.8165,0.0,0
1,1.188,1,0.0,1,1.1114,0.0,0
1,0.491,0,-0.1012,33,0.0617,0.0,0
1,1.1685,0,0.0,1,1.2555,0.0,0
1,1.1412,1,0.0,0,1.1412,0.0,0
1,1.3423,1,0.0,0,1.3423,0.0,0
1,1.0312,1,0.0,2,1.1861,0.0,0
2,0.7633,1,0.1916,18,0.3924,0.0,0
1,1.0485,1,0.0,0,1.0485,0.0,0
1,1.2421,1,0.0,1,1.2555,0.0,0
1,0.8237,1,0.0,5,0.8165,0.0,0
1,1.3517,0,0.1111,1,1.1934,0.0,0
1,1.1795,1,0.0,1,1.1799,0.0,0
2,1.1734,2,0.0,2,1.1077,0.0001,0
1,1.0791,1,0.0,0,1.0791,0.0,0
1,1.2102,0,0.0,0,1.2102,0.0,0
1,1.0085,0,0.0,0,1.0085,0.0,0
1,1.0254,-1,-0.0734,1,1.1723,0.0,0
1,1.1617,1,0.0,0,1.1617,0.0,0
1,1.2406,1,0.0,1,1.3517,0.0,0
20,0.3848,2,-0.0076,5,0.3916,0.0,2
2,1.095,0,-0.0127,2,1.1734,0.0169,0
31,0.0613,-2,-0.0004,23,0.0574,0.0,2
14,0.1127,0,-0.0288,20,0.0574,0.0122,2
23,0.0612,2,0.0006,31,0.0574,0.0,2
3,1.0229,-1,0.0121,1,0.9745,0.0,0
1,1.2956,-1,0.0426,1,1.2105,0.0,0
3,1.2108,1,-0.0059,4,1.0738,0.0078,0
1,1.1624,1,0.0,0,1.1624,0.0,0
5,0.9229,1,0.0131,8,0.7889,0.0,0
2,1.0159,-2,-0.0617,20,0.3848,0.0,0
4,1.0738,0,-0.0385,3,1.1291,0.0383,0
4,0.79,2,-0.1501,7,0.862,0.0,1
2,1.2528,1,0.0093,2,1.1316,0.0009,0
2,1.0988,1,-0.0734,0,1.0988,0.0,0
20,0.0574,0,0.0,31,0.061,0.0001,2
1,1.3423,0,0.0,0,1.3423,0.0,0
2,1.2586,2,0.0,2,1.0641,0.0001,0
1,1.188,1,0.0,1,1.1114,0.0,0
6,0.7527,0,-0.0315,8,0.7889,0.0,1
1,1.0856,1,0.0,2,1.0615,0.0,0
1,1.2971,1,0.0,0,1.2971,0.0,0
2,1.1645,1,0.1333,0,1.1645,0.0,0
1,1.1114,0,0.0,1,1.188,0.0,0
3,0.8637,-2,-0.0668,7,0.862,0.0,0
1,1.1969,0,0.0,0,1.1969,0.0,0
10,0.061,0,0.0,23,0.0574,0.0,2
2,1.212,1,0.0435,0,1.212,0.0001,0
2,1.0615,-1,-0.0059,4,0.79,0.0,0
8,0.7889,0,0.0062,6,0.7527,0.0,1
2,0.0651,0,0.0,23,0.061,0.0,0
1,1.1989,1,0.0,0,1.1989,0.0,0
1,1.1291,1,0.0,4,1.0738,0.0,0
1,0.3392,0,-0.1518,31,0.0613,0.0,0
5,0.8686,3,0.1053,20,0.3848,0.0,1
1,0.9631,1,0.0,6,0.5136,0.0,0
2,1.2426,1,0.001,2,1.0838,0.0,0
1,1.1844,0,0.0,0,1.1844,0.0,0
1,0.862,-2,0.1218,7,0.79,0.0,0
7,0.8914,2,0.0749,4,0.79,0.0,1
2,1.1734,0,0.0,2,1.095,0.0156,0
2,1.1316,-2,-0.0606,2,1.2528,0.0355,0
1,0.9745,1,0.0,3,0.8637,0.0,0
4,0.3917,1,-0.0731,20,0.3848,0.0,1
1,1.0791,1,0.0,1,1.2676,0.0,0
1,1.0085,0,0.0,0,1.0085,0.0,0
1,1.2105,1,0.0,1,1.2956,0.0,0
1,0.5136,-4,0.053,20,0.3848,0.0,0
2,1.2725,1,-0.0792,1,1.2406,0.0001,0
1,1.1132,1,0.0,0,1.1132,0.0,0
1,1.1412,0,0.0,0,1.1412,0.0,0
1,1.1617,0,0.0,0,1.1617,0.0,0
1,1.0641,-1,-0.1455,2,1.2586,0.0,0
2,1.1861,2,0.0,0,1.1861,0.0,0
1,0.9213,1,0.0,4,0.79,0.0,0
2,1.038,0,0.0,1,1.0407,0.0,0
2,0.435,2,0.0,20,0.3848,0.0,0
1,1.2102,1,0.0,0,1.2102,0.0,0
1,0.9089,0,0.0,6,0.7527,0.0,0
1,1.2406,0,0.0,2,1.2725,0.0,0
1,1.1799,1,0.0,14,0.1127,0.0,0
1,1.0485,0,0.0,0,1.0485,0.0,0
1,1.0838,0,-0.0617,3,1.2108,0.0,0
1,1.1795,0,0.0,0,1.1795,0.0,0
1,1.0407,0,0.0,2,1.038,0.0,0
2,0.3916,-1,0.0141,20,0.3848,0.0,0
1,1.2676,0,0.0,1,1.0791,0.0,0
1,1.2421,0,0.0,0,1.2421,0.0,0
1,1.1911,-1,0.2822,5,0.8686,0.0,0
20,0.3903,0,0.0055,6,0.386,0.0,2
1,1.188,1,0.0,1,1.1114,0.0,0
3,1.1802,1,0.0068,1,1.0794,0.0149,0
4,0.7622,0,-0.0278,7,0.8692,0.0,1
2,1.1785,1,0.0494,5,1.068,0.0001,0
7,0.8692,6,0.0072,4,0.7622,0.0,1
14,0.1047,0,-0.008,20,0.0574,0.0154,2
8,0.7862,0,-0.0027,7,0.7496,0.0,1
25,0.0611,2,-0.0001,30,0.0574,0.0,2
30,0.0662,-1,0.0049,25,0.0574,0.0,2
6,0.8845,1,0.016,20,0.3903,0.0,1
3,0.9104,-2,-0.0126,8,0.7862,0.0,0
1,1.0641,0,0.0,1,1.133,0.0,0
2,0.8965,-5,0.0052,7,0.7622,0.0,0
1,1.0794,1,0.0,5,1.068,0.0,0
5,1.068,1,-0.0058,2,1.0794,0.1382,0
20,0.0574,0,-0.0,30,0.061,0.002,2
1,0.9089,-1,-0.107,20,0.3903,0.0,0
3,1.0337,2,0.0592,2,0.8069,0.0,0
7,0.7496,1,-0.0031,8,0.7862,0.0,1
3,0.4453,1,0.0103,20,0.386,0.0,0
6,0.386,2,-0.0057,20,0.3903,0.0,1
1,0.9424,0,-0.0207,7,0.7496,0.0,0
10,0.061,0,0.0,25,0.0574,0.0,2
1,1.1795,1,0.0,1,1.1799,0.0,0
1,1.1412,1,0.0,0,1.1412,0.0,0
1,1.0254,-1,-0.0734,1,1.1723,0.0,0
1,0.9421,-2,-0.0808,3,1.0337,0.0,0
1,1.2421,1,0.0,1,1.2555,0.0,0
1,1.1799,0,0.0,14,0.1047,0.0,0
2,1.1861,0,0.0,1,1.0312,0.0,0
1,1.0791,0,0.0,0,1.0791,0.0,0
1,1.1969,1,0.0,0,1.1969,0.0,0
1,1.1093,0,-0.0818,6,0.8845,0.0,0
2,1.2531,1,0.0426,1,1.2676,0.0,0
2,0.0651,0,0.0,25,0.061,0.0,0
2,1.0338,0,-0.0042,1,1.0491,0.0,0
1,1.1723,1,0.0,1,1.0254,0.0,0
1,1.2406,1,0.0,1,1.1617,0.0,0
1,1.0312,1,0.0,2,1.1861,0.0,0
2,1.1743,-1,-0.0366,5,1.068,0.0008,0
1,1.2971,1,0.0,0,1.2971,0.0,0
1,1.1934,-1,-0.0792,1,1.3517,0.0,0
1,1.133,-1,-0.1256,1,1.0641,0.0,0
1,1.2862,-1,0.1913,3,1.133,0.0,0
1,1.0924,1,0.0,1,1.1709,0.0,0
2,0.8069,-1,-0.0568,7,0.8692,0.0,0
1,1.3517,1,0.0,1,1.1934,0.0,0
1,1.0491,1,0.0,2,1.0338,0.0,0
1,1.3423,1,0.0,1,0.9421,0.0,0
1,1.1114,0,-0.0766,1,1.188,0.0,0
1,0.9351,0,0.0262,7,0.7496,0.0,0
1,1.1685,1,0.0,1,1.2555,0.0,0
1,1.0085,1,0.0,1,1.1132,0.0,0
1,1.1132,1,0.0,1,1.0085,0.0,0
1,1.0485,0,0.0,0,1.0485,0.0,0
3,1.0439,2,-0.0416,1,1.004,0.0,0
1,1.1844,0,0.0,0,1.1844,0.0,0
1,1.004,-1,-0.0575,4,0.7622,0.0,0
1,1.1709,-1,0.0393,1,1.0884,0.0,0
1,1.2555,-1,0.0435,1,1.1685,0.0,0
1,1.194,1,0.0,1,1.0924,0.0,0
1,1.248,-1,-0.0048,1,1.0924,0.0,0
1,1.1538,0,0.07,2,1.1556,0.0,0
1,1.0884,1,0.0,6,0.4453,0.0,0
1,1.1624,0,0.0,0,1.1624,0.0,0
1,1.2102,0,0.0,0,1.2102,0.0,0
1,1.2676,0,-0.028,2,1.2531,0.0,0
1,1.1989,0,0.0,0,1.1989,0.0,0
1,1.2977,-1,0.1333,1,1.0312,0.0,0
1,1.1556,-1,-0.087,1,1.1538,0.0,0
1,1.1617,0,0.0,1,1.2406,0.0,0
10,0.7499,3,0.0003,4,0.7358,0.0,1
25,0.0611,0,0.0,30,0.0576,0.0,2
11,0.0604,1,-0.0006,25,0.0576,0.0,2
14,0.0884,0,-0.0163,19,0.0576,0.0122,2
30,0.0655,0,-0.0008,25,0.0576,0.0,2
9,0.3774,3,-0.0086,15,0.4063,0.0,2
15,0.4063,-5,0.016,9,0.3774,0.0,2
3,0.865,1,-0.0316,8,0.792,0.0,0
19,0.0576,-1,0.0002,30,0.0604,0.0001,2
1,1.2421,0,0.0,0,1.2421,0.0,0
1,1.1132,0,0.0,1,1.0085,0.0,0
2,1.2962,1,0.0556,0,1.2962,0.0012,0
4,0.8787,-4,0.0925,10,0.7499,0.0,1
2,1.2531,0,0.0,1,1.2676,0.0,0
2,1.2843,1,-0.0127,0,1.2843,0.0099,0
1,1.1934,0,0.0,0,1.1934,0.0,0
6,0.9922,0,0.1077,15,0.4063,0.0,0
2,0.9413,1,-0.0627,8,0.792,0.0,0
1,0.9089,0,0.0,15,0.4063,0.0,0
3,0.9359,-4,0.0667,8,0.792,0.0,0
1,1.2676,0,0.0,2,1.0791,0.0,0
1,1.0884,0,0.0,6,0.4298,0.0,0
2,0.9527,1,0.0177,10,0.7358,0.0,0
2,1.221,1,0.027,2,1.1547,0.0008,0
2,1.1645,1,0.1333,1,1.0355,0.0,0
6,0.4298,3,-0.0155,15,0.3774,0.0,1
2,1.0988,1,-0.0734,0,1.0988,0.0,0
8,0.792,4,0.0298,3,0.865,0.0,1
2,1.1238,-1,-0.0564,2,1.1734,0.0066,0
1,1.1412,0,0.0,0,1.1412,0.0,0
2,1.2586,1,-0.0277,2,1.0641,0.0013,0
2,1.1734,1,0.094,2,1.0217,0.0002,0
2,1.212,1,0.0435,0,1.212,0.0001,0
1,1.0407,-1,0.0069,2,1.038,0.0,0
1,0.7358,0,-0.2066,10,0.7499,0.0,0
2,0.0651,0,0.0,25,0.0604,0.0,0
4,1.0108,1,-0.0229,0,1.0108,0.0,0
1,1.1114,0,0.0,1,1.188,0.0,0
1,1.1844,1,0.0,0,1.1844,0.0,0
2,1.0997,0,-0.0746,2,1.0217,0.005,0
3,1.0542,0,0.0103,2,0.9413,0.0,0
3,0.9267,0,0.0164,4,0.8787,0.0,0
1,1.2102,0,0.0,0,1.2102,0.0,0
1,1.0485,1,0.0,0,1.0485,0.0,0
2,1.038,1,-0.0111,1,1.0407,0.0,0
1,1.0791,1,0.0,1,1.2676,0.0,0
1,1.0641,0,-0.0689,2,1.2586,0.0,0
1,1.0217,-4,-0.0463,4,1.0202,0.0,0
4,1.0202,2,-0.1584,1,1.0217,0.0031,0
1,1.188,1,0.0,1,1.1114,0.0,0
1,1.3368,1,0.0,1,1.0355,0.0,0
1,1.1624,1,0.0,0,1.1624,0.0,0
1,1.1969,0,0.0,0,1.1969,0.0,0
2,1.1547,1,0.0009,2,1.0997,0.0,0
2,1.1762,1,0.0838,2,1.221,0.0155,0
1,1.1617,1,0.0,0,1.1617,0.0,0
1,1.3423,0,0.0,0,1.3423,0.0,0
1,1.1989,1,0.0,0,1.1989,0.0,0
1,1.1795,0,0.0,1,1.1799,0.0,0
1,1.0355,-1,-0.1507,2,1.1645,0.0,0
1,1.1799,0,0.0,14,0.0884,0.0,0
1,1.0085,0,0.0,1,1.1132,0.0,0
30,0.0648,0,-0.0007,24,0.0576,0.0,2
1,1.0791,0,0.0,0,1.0791,0.0,0
12,0.0601,1,-0.0002,24,0.0576,0.0,2
13,0.059,-1,-0.0294,18,0.0576,0.0001,2
1,1.1723,1,0.0,1,1.0254,0.0,0
24,0.0611,-1,0.0,30,0.0576,0.0,2
3,1.1914,1,0.0676,1,1.133,0.0149,0
4,1.199,2,-0.0221,1,1.1556,0.0176,0
9,0.3928,3,-0.037,14,0.3969,0.0,2
2,0.9527,1,0.0438,14,0.4034,0.0,0
2,1.0115,-1,-0.0427,2,0.8264,0.0,0
1,1.1156,1,0.0,2,1.1108,0.0,0
2,1.1188,0,0.0191,2,1.1156,0.0388,0
1,1.3423,1,0.0,3,1.0149,0.0,0
5,0.7785,4,0.0427,6,0.7116,0.0,1
1,1.1556,-1,0.0009,4,1.1188,0.0,0
1,1.0085,0,0.0,1,1.1132,0.0,0
18,0.0576,-1,-0.0,30,0.059,0.0001,2
14,0.4034,-1,-0.0029,9,0.3928,0.0,2
2,0.8264,0,-0.1149,8,0.7247,0.0,0
1,0.9071,-2,-0.0197,5,0.8897,0.0,0
2,0.7247,2,0.0,8,0.8264,0.0,0
5,0.8897,1,0.0111,6,0.7401,0.0,1
2,1.1861,1,-0.1507,0,1.1861,0.0,0
6,0.7401,-4,-0.0098,5,0.7116,0.0,1
3,0.9879,-3,-0.0043,14,0.3928,0.0,0
1,1.1617,1,0.0,1,1.2406,0.0,0
2,1.1578,2,0.0,2,1.0115,0.0,0
1,0.7904,1,0.0,13,0.059,0.0,0
2,0.8712,-1,-0.0647,8,0.7247,0.0,0
1,1.0485,0,0.0,0,1.0485,0.0,0
1,1.0254,-1,-0.0734,1,1.1723,0.0,0
1,1.2676,-1,0.0146,2,1.2531,0.0,0
1,1.2421,1,0.0,1,1.2555,0.0,0
6,0.3969,-3,0.0195,14,0.3928,0.0,1
3,1.0149,-1,0.0041,1,0.9745,0.0,0
1,1.2406,1,0.0,1,1.1617,0.0,0
8,0.8714,0,0.0794,2,0.7247,0.0,1
1,1.1969,1,0.0,1,1.1412,0.0,0
1,0.7097,1,0.0,9,0.3928,0.0,0
1,1.133,-1,-0.1256,3,1.0641,0.0,0
1,1.1108,-3,0.0906,2,1.1156,0.0,0
3,1.0389,1,0.0009,0,1.0389,0.0,0
1,1.2555,-1,0.0435,1,1.1685,0.0,0
5,1.017,4,-0.0714,9,0.3928,0.0,0
1,1.1412,0,0.0,1,1.1969,0.0,0
1,1.188,1,0.0,1,1.1114,0.0,0
1,0.2185,1,0.0,18,0.0576,0.0,0
1,1.3517,-1,0.0556,1,1.1934,0.0,0
1,1.1685,1,0.0,1,1.1795,0.0,0
1,1.1989,0,0.0,0,1.1989,0.0,0
2,1.2531,2,0.0,5,0.7785,0.0,0
1,1.0641,0,0.0,1,1.133,0.0,0
1,1.1114,1,0.0,1,1.188,0.0,0
1,1.1624,1,0.0,0,1.1624,0.0,0
1,1.1934,1,0.0,1,1.3517,0.0,0
1,0.9745,1,0.0,3,0.8712,0.0,0
1,0.7116,-1,-0.2411,6,0.7401,0.0,0
2,1.1645,0,0.0,0,1.1645,0.0,0
2,1.1573,1,0.1356,2,1.1108,0.0002,0
1,1.3904,1,0.0,0,1.3904,0.0,0
1,1.1844,0,0.0,0,1.1844,0.0,0
3,0.0637,1,-0.0014,24,0.0601,0.0,0
1,1.1132,0,0.0,1,1.0085,0.0,0
1,0.947,-2,0.082,8,0.8712,0.0,0
1,1.2971,1,0.0,1,1.2716,0.0,0
1,1.2716,-1,-0.0127,1,1.2971,0.0,0
1,1.2102,1,0.0,0,1.2102,0.0,0
1,1.1795,0,0.0,1,1.1685,0.0,0
2,0.9664,0,0.0137,13,0.4002,0.0,0
28,0.0618,-2,-0.003,25,0.0576,0.0,2
13,0.4002,-1,-0.0032,10,0.3868,0.0,2
8,0.8504,0,-0.0211,4,0.7624,0.0,1
1,1.3904,1,0.0,0,1.3904,0.0,0
1,1.1989,1,0.0,0,1.1989,0.0,0
4,0.8749,-1,-0.0148,7,0.7665,0.0,1
1,1.0485,1,0.0,0,1.0485,0.0,0
17,0.0576,-1,0.0,28,0.0579,0.0001,2
2,1.212,1,0.0435,0,1.212,0.0,0
13,0.0579,0,-0.0011,17,0.0576,0.0001,2
4,0.7624,2,-0.064,8,0.8504,0.0,1
1,1.0316,-1,0.0201,4,0.7624,0.0,0
1,1.2716,0,0.0,1,1.2552,0.0,0
1,1.1617,1,0.0,0,1.1617,0.0,0
6,1.0003,1,-0.0168,10,0.3868,0.0,0
13,0.0599,1,-0.0002,25,0.0576,0.0,2
1,1.1114,0,0.0,1,1.188,0.0,0
25,0.0617,1,0.0006,28,0.0576,0.0,2
2,1.14,0,0.0213,3,1.0307,0.034,0
10,0.3868,1,-0.006,13,0.3895,0.0,2
6,0.7582,5,0.0466,7,0.7665,0.0,1
6,0.3895,0,-0.0074,13,0.3868,0.0,1
7,0.7665,1,0.0263,6,0.7582,0.0,1
3,1.0337,2,0.0592,2,0.8314,0.0,0
1,1.0791,0,0.0,0,1.0791,0.0,0
1,1.0491,1,0.0,28,0.0618,0.0,0
3,1.0307,1,-0.1267,2,1.1365,0.1187,0
2,1.0338,-1,-0.0051,1,1.0491,0.0,0
1,1.1624,1,0.0,0,1.1624,0.0,0
1,1.1132,0,0.1047,1,1.0085,0.0,0
4,0.0622,1,-0.0015,25,0.0599,0.0,1
3,1.0624,1,-0.0955,1,1.0316,0.0,0
2,1.221,1,0.0655,2,1.14,0.0001,0
2,1.1645,2,0.0,1,1.0355,0.0,0
1,1.0085,1,0.0,1,1.1132,0.0,0
1,1.2421,0,0.0,0,1.2421,0.0,0
2,1.2725,1,-0.0792,1,1.2406,0.0083,0
2,1.2178,-2,0.0188,2,1.221,0.0002,0
1,0.9421,-2,-0.0728,3,1.0337,0.0,0
2,1.1365,2,0.0,3,1.0307,0.0196,0
2,0.8314,0,-0.0398,8,0.8504,0.0,0
2,1.2531,0,0.0,1,0.7952,0.0,0
1,0.7904,0,0.0,13,0.0579,0.0,0
1,1.188,0,0.0,1,1.1114,0.0,0
1,1.2676,0,0.0,2,1.2531,0.0,0
1,1.0254,0,0.0,1,1.1723,0.0,0
1,1.1192,1,0.0,6,1.0003,0.0,0
1,0.862,-1,0.1373,8,0.7624,0.0,0
1,1.0641,0,0.0,0,1.0641,0.0,0
2,1.2096,-1,0.0183,2,1.1365,0.0008,0
1,1.2971,0,0.0,1,1.2716,0.0,0
1,0.1406,0,-0.0779,17,0.0576,0.0,0
1,0.9588,-2,-0.0291,13,0.3868,0.0,0
1,1.3368,1,0.0,1,1.0355,0.0,0
1,1.2552,1,0.0,1,1.2716,0.0,0
1,1.1795,1,0.0,13,0.0579,0.0,0
1,1.2102,1,0.0,0,1.2102,0.0,0
1,1.1969,0,0.0,0,1.1969,0.0,0
1,1.1412,1,0.0,0,1.1412,0.0,0
1,1.1844,1,0.0,0,1.1844,0.0,0
1,1.1723,0,0.0,1,1.0254,0.0,0
1,1.2406,0,0.0,2,1.2725,0.0,0
1,0.7952,-4,0.0166,7,0.7582,0.0,0
1,1.3423,0,0.0,1,0.9421,0.0,0
1,0.8047,0,0.095,10,0.3868,0.0,0
1,1.0355,-1,-0.1507,2,1.1645,0.0,0
1,1.1455,0,0.0347,3,1.0307,0.0,0
13,0.4049,3,0.0181,8,0.3978,0.0,2
28,0.0609,0,-0.0009,25,0.0576,0.0,2
1,1.1969,1,0.0,0,1.1969,0.0,0
8,0.3978,2,0.0083,13,0.4049,0.0,2
5,0.8196,-2,0.0531,7,0.7029,0.0,1
1,1.2406,1,0.0,1,1.3517,0.0,0
1,1.1806,0,0.0615,6,0.9313,0.0,0
25,0.0617,0,0.0,28,0.0576,0.0,2
16,0.0576,-1,0.0,28,0.0579,0.0001,2
1,1.1989,0,0.0,0,1.1989,0.0,0
4,0.8241,-4,-0.0263,7,0.7712,0.0,1
7,0.7605,1,0.0023,5,0.7029,0.0,1
2,1.0988,1,-0.0734,0,1.0988,0.0086,0
3,0.7712,2,-0.0908,7,0.8241,0.0,0
14,0.0597,1,-0.0002,25,0.0576,0.0,2
1,1.3069,1,0.0,2,0.9741,0.0,0
1,1.3368,0,0.0,1,1.0355,0.0,0
2,0.9667,2,0.0,7,0.7605,0.0,0
2,1.1452,0,0.0087,4,1.1131,0.0257,0
4,1.1512,2,0.0112,4,1.1131,0.0103,0
3,0.7029,2,-0.0923,7,0.7605,0.0,0
1,1.1132,0,0.0,1,1.0085,0.0,0
1,1.1934,-1,-0.0792,1,1.3517,0.0,0
13,0.0579,0,0.0,16,0.0576,0.0001,2
1,0.1146,0,-0.026,16,0.0576,0.0,0
2,1.3051,1,0.0334,1,1.2716,0.0025,0
2,1.1645,0,0.0,1,1.0355,0.0,0
6,1.0109,0,0.0107,13,0.4049,0.0,0
1,1.2716,0,-0.0254,2,1.2971,0.0,0
2,1.2531,2,0.0,8,0.425,0.0,0
4,1.1131,1,0.0825,4,1.1452,0.0428,0
1,1.1114,0,-0.0766,1,1.188,0.0,0
4,0.0622,0,0.0,25,0.0597,0.0,1
1,1.3423,0,0.4002,4,0.9913,0.0,0
1,1.0407,-1,0.0069,2,0.9143,0.0,0
7,0.8374,3,0.075,4,0.7712,0.0,1
1,0.7904,0,0.0,13,0.0579,0.0,0
2,0.9676,1,-0.0639,7,0.8374,0.0,0
2,1.1316,0,-0.0861,0,1.1316,0.0002,0
8,0.425,-5,0.0248,13,0.3978,0.0,2
1,1.3904,0,0.0,0,1.3904,0.0,0
1,1.1412,1,0.0,0,1.1412,0.0,0
1,1.2421,1,0.0,0,1.2421,0.0,0
1,1.0641,1,0.0,1,1.133,0.0,0
1,1.2676,-1,0.0146,3,0.7029,0.0,0
1,1.2971,1,0.0,1,1.2716,0.0,0
1,1.3517,0,0.1111,1,1.1934,0.0,0
1,1.1624,0,0.0,0,1.1624,0.0,0
4,0.9913,1,-0.0424,1,1.3423,0.0,0
3,0.9185,-1,0.0436,5,0.8196,0.0,0
1,1.133,-1,-0.0766,2,1.0641,0.0,0
1,1.1795,0,0.0,13,0.0579,0.0,0
2,0.9143,1,-0.1348,28,0.0609,0.0,0
1,0.9313,1,0.0,13,0.4049,0.0,0
1,1.1844,0,0.0,0,1.1844,0.0,0
1,1.188,1,0.0,1,1.1114,0.0,0
1,1.0485,0,0.0,0,1.0485,0.0,0
1,1.1617,1,0.0,0,1.1617,0.0,0
2,1.212,2,0.0,1,1.1795,0.0,0
2,0.9741,-1,-0.0883,2,0.9676,0.0,0
1,1.0085,0,0.0,1,1.1132,0.0,0
1,1.0791,1,0.0,0,1.0791,0.0,0
1,0.9838,0,0.025,13,0.4049,0.0,0
1,1.0355,0,0.0,2,1.1645,0.0,0
1,1.2102,0,0.0,0,1.2102,0.0,0
26,0.0618,1,0.0001,27,0.0576,0.0,2
11,0.8223,4,-0.0151,3,0.8689,0.0,1
13,0.0719,0,0.014,16,0.0576,0.0001,2
14,0.0597,0,0.0,26,0.0576,0.0,2
8,0.412,0,0.0142,15,0.4155,0.0,2
4,0.8917,-2,-0.1192,15,0.4155,0.0,1
1,0.9305,1,0.0,3,1.0336,0.0,0
1,0.7904,1,0.0,1,0.0627,0.0,0
16,0.0576,0,0.0,27,0.0584,0.0001,2
2,1.0439,2,0.0,3,0.8689,0.0,0
27,0.0584,-1,-0.0025,26,0.0576,0.0,2
3,1.0336,-1,-0.0796,3,0.9305,0.0822,0
5,0.7813,5,0.0,4,0.4268,0.0,1
2,1.1645,0,0.0,0,1.1645,0.0,0
4,0.0622,0,0.0,26,0.0597,0.0,1
15,0.4155,2,0.0106,8,0.412,0.0,2
1,0.9071,-2,-0.0115,5,0.884,0.0,0
2,1.2531,0,0.0,5,0.4268,0.0,0
1,1.1969,0,0.0,0,1.1969,0.0,0
4,0.7136,1,0.0108,5,0.7715,0.0,1
3,0.7715,-4,0.011,5,0.7136,0.0,0
2,0.4167,2,0.0,15,0.412,0.0,0
3,0.8689,-1,0.0448,11,0.8223,0.0,0
1,1.0254,-1,-0.0734,1,1.1723,0.0,0
1,1.1989,1,0.0,0,1.1989,0.0,0
1,1.1723,1,0.0,1,1.0254,0.0,0
1,1.1114,0,0.0,1,1.188,0.0,0
2,1.1962,1,-0.1106,2,1.062,0.0,0
2,0.9411,-2,-0.0503,2,1.0439,0.0,0
1,1.153,1,0.0,2,0.4167,0.0,0
1,1.0485,0,0.0,0,1.0485,0.0,0
1,1.1412,0,0.0,0,1.1412,0.0,0
1,1.1844,0,0.0,0,1.1844,0.0,0
3,0.8575,1,-0.0568,27,0.0584,0.0,0
1,1.0791,0,0.0,0,1.0791,0.0,0
1,1.2421,0,0.0,0,1.2421,0.0,0
5,1.0359,4,-0.1448,4,0.8917,0.0271,0
1,1.3368,1,0.0,1,0.9071,0.0,0
1,0.0627,0,-0.052,16,0.0576,0.0,0
3,0.4268,-5,0.0018,15,0.412,0.0,0
1,1.3842,-1,0.2389,3,1.0336,0.0,0
1,1.1132,0,0.0,0,1.1132,0.0,0
2,1.212,0,0.0,0,1.212,0.0209,0
2,1.1732,2,0.0,3,1.1699,0.0,0
1,1.2406,0,0.0,1,1.3517,0.0,0
1,1.3904,1,0.0,1,1.1934,0.0,0
3,1.1699,-1,0.0187,3,1.0336,0.0007,0
1,1.1934,0,0.0,1,1.3904,0.0,0
1,0.9049,-1,-0.0627,11,0.8223,0.0,0
1,1.1631,1,0.0,0,1.1631,0.0,0
1,1.188,0,0.0,1,1.1114,0.0,0
5,0.884,0,0.0644,4,0.7136,0.0,1
2,0.953,1,-0.0308,15,0.4155,0.0,0
1,1.2716,0,0.0,2,1.2971,0.0,0
1,1.2971,0,0.0,1,1.2716,0.0,0
1,1.0085,1,0.0,0,1.0085,0.0,0
2,1.3051,0,0.0,1,1.2716,0.0002,0
1,1.1617,0,0.0,1,1.3517,0.0,0
1,1.1624,1,0.0,0,1.1624,0.0,0
2,1.062,0,0.0879,2,0.9049,0.0,0
1,1.133,0,0.0,1,1.0641,0.0,0
1,1.0641,0,0.0,1,1.133,0.0,0
1,1.1795,0,0.3891,13,0.0627,0.0,0
1,1.2676,0,0.0,4,0.7136,0.0,0
1,1.2102,1,0.0,0,1.2102,0.0,0
1,1.3423,0,0.0,2,0.9411,0.0,0
1,1.3517,1,0.0,1,1.1617,0.0,0
1,1.0355,0,-0.3013,1,1.3368,0.0,0
1,0.9089,-3,0.0172,17,0.4059,0.0,0
1,1.3517,0,0.0,1,1.1934,0.0,0
1,1.0355,0,0.0,2,1.1645,0.0,0
1,1.1694,-1,0.1074,4,0.7755,0.0,0
6,1.0112,1,-0.0246,1,0.5717,0.0264,0
1,1.1631,1,0.0,1,1.0011,0.0,0
14,0.0584,-2,0.0008,27,0.0565,0.0001,2
26,0.0586,-1,0.0002,27,0.0584,0.0,2
9,0.8609,-2,0.0386,4,0.7577,0.0,1
4,1.1653,1,-0.0046,5,1.0669,0.0098,0
16,0.0588,2,-0.0009,27,0.0584,0.0,2
1,1.1844,1,0.0,0,1.1844,0.0,0
17,0.4059,2,-0.0096,6,0.3822,0.0,2
5,1.0669,2,0.0333,4,1.133,0.0729,0
11,0.0565,-2,-0.0154,14,0.0584,0.0001,2
27,0.0614,1,-0.0004,26,0.0584,0.0,2
7,0.7833,2,0.002,4,0.7029,0.0,1
1,1.2956,-2,0.8688,17,0.3822,0.0,0
3,0.8235,-1,0.1098,7,0.7029,0.0,0
1,1.3368,0,0.0,1,1.0355,0.0,0
2,1.2843,1,-0.0127,1,1.355,0.0001,0
6,0.3822,-2,-0.0298,17,0.4059,0.0,1
4,0.0622,0,0.0,27,0.0588,0.0,1
4,0.7029,1,-0.0686,7,0.7833,0.0,1
3,0.6873,0,-0.1702,26,0.0586,0.0,0
2,0.9527,0,-0.0003,17,0.4059,0.0,0
1,1.0254,0,-0.1469,1,1.1723,0.0,0
1,1.1114,0,0.0,1,1.188,0.0,0
1,1.1723,1,0.0,1,1.0254,0.0,0
3,0.062,2,-0.0006,16,0.0565,0.0081,0
4,0.7755,3,-0.1294,9,0.8609,0.0,1
2,0.9411,0,-0.1028,2,0.7577,0.0,0
1,1.1624,0,0.0,0,1.1624,0.0,0
1,1.2555,-1,0.0435,1,1.1685,0.0,0
4,0.8694,-1,-0.0145,4,0.7029,0.0,1
2,0.7577,-1,-0.1113,9,0.8609,0.0,0
1,1.2421,1,0.0,1,1.2555,0.0,0
1,1.343,0,0.19,5,0.4282,0.0,0
3,1.0624,1,-0.1339,1,1.1694,0.0245,0
5,0.4282,3,0.0116,17,0.3822,0.0,1
2,1.0562,2,0.0,2,0.7577,0.0,0
1,1.2102,0,0.0,0,1.2102,0.0,0
1,1.1132,1,0.0,1,1.0085,0.0,0
2,1.1645,2,0.0,1,1.0355,0.0,0
1,1.1989,0,0.0,0,1.1989,0.0,0
1,1.3423,-1,0.4012,2,0.9411,0.0,0
1,1.0641,0,-0.0689,1,1.133,0.0,0
1,1.0791,0,0.0,0,1.0791,0.0,0
1,1.355,0,0.0833,2,1.2552,0.0,0
1,1.2552,-1,-0.0499,1,1.355,0.0,0
1,1.1617,1,0.0,1,1.2406,0.0,0
1,1.1192,1,0.0,6,1.0112,0.0,0
1,1.0485,1,0.0,0,1.0485,0.0,0
1,0.5717,1,0.0,17,0.4059,0.0,0
1,1.3904,0,0.197,1,1.1934,0.0,0
2,1.2391,0,-0.014,7,0.7833,0.0,0
1,0.7904,0,0.0,3,0.062,0.0,0
1,1.1685,1,0.0,11,0.0565,0.0,0
1,1.1969,1,0.0,0,1.1969,0.0,0
1,1.1934,1,0.0,1,1.3517,0.0,0
1,1.1412,1,0.0,0,1.1412,0.0,0
1,1.2406,1,0.0,1,1.1617,0.0,0
1,1.133,1,0.0,5,1.0641,0.0,0
1,1.0085,0,0.0,1,1.1132,0.0,0
1,1.188,0,0.0,1,1.1114,0.0,0
1,0.7624,0,-0.4172,11,0.0565,0.0,0
1,1.0011,0,-0.1621,1,1.1631,0.0,0
1,1.1617,0,0.0,2,1.2962,0.0,0
26,0.0615,-1,0.0002,27,0.0577,0.0,2
6,0.7308,2,0.0279,6,0.7458,0.0,1
1,1.2102,0,0.0,0,1.2102,0.0,0
13,0.0577,-1,-0.0006,27,0.0576,0.0,2
1,1.3423,0,0.0,1,0.9182,0.0,0
19,0.401,2,-0.0049,9,0.4146,0.0,2
6,1.0704,1,0.0035,2,1.1316,0.0912,0
1,1.1631,0,0.0,1,1.0011,0.0,0
7,0.8125,-2,-0.0485,7,0.8229,0.0,1
2,1.212,1,0.0435,8,0.0576,0.0,0
2,1.1316,-2,-0.0337,6,1.0704,0.0,0
17,0.0592,1,0.0005,26,0.0577,0.0,2
1,1.1844,0,0.0,0,1.1844,0.0,0
27,0.0706,1,0.0119,26,0.0577,0.0,2
1,0.7346,0,-0.0278,8,0.0576,0.0,0
7,0.8229,3,0.0473,7,0.8125,0.0,1
6,0.0615,3,-0.0005,17,0.0576,0.0052,1
2,1.3051,1,-0.0499,1,1.2716,0.0,0
3,0.8775,-1,0.0081,6,0.7308,0.0,0
2,1.0604,1,0.1515,19,0.401,0.0,0
5,0.9806,-1,-0.0306,2,0.5984,0.0206,0
6,0.7458,-1,-0.0375,6,0.7308,0.0,1
2,1.2962,1,0.0556,1,1.1617,0.0857,0
5,0.0631,1,0.0009,26,0.0592,0.0,1
2,1.012,0,0.2543,7,0.8125,0.0,0
8,0.0576,-3,0.0011,13,0.0577,0.0,2
9,0.4146,4,-0.0136,19,0.401,0.0,2
1,1.1989,1,0.0,0,1.1989,0.0,0
1,1.3904,0,0.0,0,1.3904,0.0,0
2,1.0247,-1,-0.0376,2,1.0372,0.0322,0
2,0.5715,-1,-0.1158,27,0.0706,0.0,0
1,1.1969,0,0.0,0,1.1969,0.0,0
1,1.0791,1,0.0,0,1.0791,0.0,0
1,1.2971,1,0.0,1,1.2716,0.0,0
2,0.779,2,0.0,6,0.7308,0.0,0
1,1.1412,0,0.0,0,1.1412,0.0,0
2,1.0372,1,-0.1323,7,0.8229,0.0,0
1,1.1911,1,0.0,5,0.5984,0.0,0
1,1.0011,0,0.0,1,1.1631,0.0,0
1,1.1934,0,-0.1584,2,1.2962,0.0,0
1,1.1132,0,0.0,1,1.0085,0.0,0
1,1.2421,0,0.0,0,1.2421,0.0,0
2,1.1645,0,0.0,1,1.0355,0.0,0
1,1.0641,0,0.0,0,1.0641,0.0,0
1,1.188,1,0.0,1,1.1114,0.0,0
1,1.3368,1,0.0,3,0.8775,0.0,0
1,1.1723,0,0.0,1,1.0254,0.0,0
1,0.9972,-1,0.0444,19,0.401,0.0,0
1,1.0355,0,0.0,2,1.1645,0.0,0
1,1.0254,0,0.0,1,1.1723,0.0,0
1,1.2144,1,0.0,2,1.0247,0.0,0
2,1.2531,1,-0.0426,19,0.401,0.0,0
1,0.9395,-1,-0.1167,2,0.9182,0.0,0
1,1.0485,0,0.0,0,1.0485,0.0,0
1,0.5984,0,0.0267,19,0.401,0.0,0
1,0.8435,-2,0.02,6,0.7308,0.0,0
1,1.0085,0,0.0,1,1.1132,0.0,0
1,0.9182,-1,-0.0229,2,0.9395,0.0,0
1,1.0884,1,0.0,1,1.1911,0.0,0
1,1.1799,0,0.3895,6,0.0615,0.0,0
1,1.2676,-1,0.0286,6,0.7458,0.0,0
1,1.2716,-1,-0.0127,2,1.2971,0.0,0
1,1.1114,0,-0.0766,1,1.188,0.0,0
1,1.1624,1,0.0,0,1.1624,0.0,0
1,1.343,1,0.0,1,1.0884,0.0,0
14,0.3649,-5,-0.0361,13,0.3991,0.0,2
13,0.0577,0,-0.0,27,0.0566,0.0001,2
1,1.1624,0,0.0,0,1.1624,0.0,0
11,0.0629,5,0.0014,17,0.0566,0.0033,2
26,0.0793,-1,0.0088,27,0.0577,0.0,2
2,0.8975,0,-0.3555,14,0.3649,0.0,0
1,1.1631,0,0.0,2,1.1824,0.0,0
1,1.1799,1,0.0,0,1.1799,0.0,0
11,0.8125,4,-0.0103,3,0.7926,0.0,1
1,1.1969,1,0.0,1,1.1412,0.0,0
3,0.9976,1,-0.0143,3,0.7926,0.0,0
2,1.1116,1,-0.1028,2,1.0667,0.0094,0
5,0.9573,0,-0.0233,2,0.5312,0.021,0
1,1.0355,1,0.0,1,1.2977,0.0,0
27,0.0613,1,-0.0003,26,0.0577,0.0,2
1,1.0485,1,0.0,0,1.0485,0.0,0
17,0.0592,0,-0.0,27,0.0577,0.0,2
3,1.1062,-3,0.0359,2,1.1316,0.0588,0
13,0.3991,4,-0.0155,14,0.3649,0.0,2
3,0.0566,-5,-0.001,13,0.0577,0.0,0
5,0.7266,-1,-0.0191,4,0.6995,0.0,1
1,1.2552,-1,-0.0499,1,1.355,0.0,0
2,1.1316,0,0.0,3,1.1062,0.0,0
4,0.7949,-2,0.064,5,0.6995,0.0,1
1,1.343,0,0.0,1,1.0532,0.0,0
3,0.6995,1,-0.0795,5,0.7266,0.0,0
2,1.2843,1,-0.0127,1,1.355,0.0,0
6,0.0614,1,-0.0016,27,0.0592,0.0,1
1,1.1989,0,0.0,0,1.1989,0.0,0
1,1.0791,0,0.0,0,1.0791,0.0,0
1,1.2977,0,0.2622,1,1.0312,0.0,0
3,0.7926,-4,-0.0198,11,0.8125,0.0,0
2,1.1824,2,0.0,1,1.1631,0.0115,0
1,1.1114,0,0.0,1,1.188,0.0,0
1,1.3423,0,0.4241,3,0.9421,0.0,0
1,1.2406,1,0.0,1,1.1934,0.0,0
1,1.1883,1,0.0,3,1.1062,0.0,0
1,1.2421,1,0.0,2,1.212,0.0,0
1,1.2102,1,0.0,0,1.2102,0.0,0
3,0.8374,2,-0.0061,5,0.7266,0.0,0
2,1.0501,0,-0.0103,14,0.3649,0.0,0
1,1.1617,1,0.0,0,1.1617,0.0,0
1,1.2676,0,0.0,5,0.7266,0.0,0
1,1.1192,0,0.0307,1,1.0532,0.0,0
1,1.1934,0,0.0,1,1.2406,0.0,0
1,1.3517,-1,0.0556,1,1.1934,0.0,0
1,1.0085,1,0.0,1,1.1132,0.0,0
1,0.7902,0,0.0556,11,0.0566,0.0,0
1,1.3904,1,0.0,1,1.1934,0.0,0
1,1.3368,0,0.0,1,1.0355,0.0,0
3,0.8026,2,-0.1946,14,0.3649,0.0,0
2,0.5312,1,-0.0672,14,0.3649,0.0,0
1,1.0312,-1,-0.1333,1,1.2977,0.0,0
1,1.188,0,0.0,1,1.1114,0.0,0
1,0.5254,-1,-0.0461,26,0.0793,0.0,0
1,1.1412,0,0.0,1,1.1969,0.0,0
2,1.0988,1,-0.0734,0,1.0988,0.0,0
1,1.1844,1,0.0,0,1.1844,0.0,0
1,1.355,0,0.0833,2,1.2552,0.0,0
2,1.0667,0,0.0419,2,0.9049,0.0271,0
2,1.212,0,0.0,3,0.0566,0.001,0
1,0.9049,-1,-0.1323,11,0.8125,0.0,0
1,1.0532,0,-0.1379,5,0.5312,0.0,0
1,0.9421,0,0.0026,3,0.9976,0.0,0
1,1.1584,1,0.0,5,0.9573,0.0,0
1,1.0641,0,0.0,0,1.0641,0.0,0
1,1.1132,1,0.0,1,1.0085,0.0,0
1,1.0867,-1,0.0201,2,1.0202,0.0,0
26,0.0612,-1,-0.0,27,0.0584,0.0,2
3,0.9193,0,-0.0783,3,0.8976,0.0,0
3,1.078,0,-0.0282,1,1.0641,0.029,0
2,0.9054,-3,-0.0519,4,0.502,0.0312,0
1,1.0202,0,0.1152,12,0.8322,0.0,0
13,0.4056,0,0.0065,12,0.3941,0.0,2
18,0.0587,1,-0.0005,26,0.0584,0.0,2
12,0.0584,-1,0.0006,27,0.0587,0.0001,2
2,1.1645,1,-0.1333,1,1.0355,0.0,0
12,0.8322,1,0.0196,3,0.8976,0.0,1
14,0.0587,3,-0.0042,18,0.0584,0.0026,2
27,0.0868,1,0.0075,26,0.0584,0.0,2
7,0.7078,2,-0.0189,7,0.7607,0.0,1
3,0.8976,0,0.105,12,0.8322,0.0,0
2,1.1824,1,0.0192,1,1.1631,0.0013,0
12,0.3941,-2,0.0292,13,0.4056,0.0,2
4,0.502,2,-0.0292,13,0.3941,0.0,1
1,0.8101,-2,-0.0274,7,0.7078,0.0,0
2,1.2962,2,0.0,1,1.1617,0.0056,0
1,1.2716,-1,-0.0127,2,1.2971,0.0,0
2,0.9916,1,0.2014,14,0.0587,0.0,0
1,1.0254,-1,-0.0734,1,1.1723,0.0,0
1,1.0791,1,0.0,1,0.8101,0.0,0
2,1.1195,0,0.0694,12,0.3941,0.0,0
1,1.1631,1,0.0,2,1.1824,0.0,0
1,1.0085,1,0.0,0,1.0085,0.0,0
1,1.0641,1,0.0,3,1.078,0.0,0
1,1.3069,1,0.0,2,1.023,0.0,0
3,0.9673,2,-0.0859,4,0.502,0.0005,0
3,1.1106,2,-0.0086,3,0.9673,0.0212,0
1,1.1723,1,0.0,1,1.0254,0.0,0
1,1.0485,0,0.0,0,1.0485,0.0,0
2,1.3051,1,-0.0499,1,1.2716,0.0,0
7,0.0615,1,0.0001,26,0.0587,0.0,1
1,1.2474,0,0.3053,3,0.9193,0.0,0
7,0.7607,4,-0.0419,12,0.3941,0.0,1
2,1.023,0,-0.0886,1,1.0867,0.0002,0
1,1.1799,0,0.0,1,0.7346,0.0,0
1,1.2971,1,0.0,1,1.2716,0.0,0
1,1.1989,1,0.0,0,1.1989,0.0,0
1,1.188,1,0.0,1,1.1114,0.0,0
1,1.1114,0,-0.0766,1,1.188,0.0,0
2,0.8252,2,0.0,13,0.3941,0.0,0
1,1.1934,0,0.0,1,1.3904,0.0,0
1,1.2421,0,0.0,0,1.2421,0.0,0
1,1.1412,1,0.0,0,1.1412,0.0,0
1,1.1617,0,0.0,2,1.2962,0.0,0
1,1.2676,-1,0.3701,12,0.3941,0.0,0
1,1.2163,1,0.0,3,1.1106,0.0,0
1,1.1624,1,0.0,0,1.1624,0.0,0
1,1.1844,0,0.0,0,1.1844,0.0,0
1,1.1132,0,0.0,0,1.1132,0.0,0
1,1.3904,1,0.0,1,1.1934,0.0,0
1,1.0355,0,0.0,2,1.1645,0.0,0
1,0.7346,1,0.0,14,0.0587,0.0,0
3,0.8317,-1,0.0369,7,0.7078,0.0,0
1,1.3368,1,0.0,3,0.8101,0.0,0
1,1.1969,0,0.0,0,1.1969,0.0,0
1,1.2102,0,0.0,0,1.2102,0.0,0
4,1.0708,1,-0.0398,2,0.8294,0.017,0
3,1.0471,1,0.1416,4,0.4341,0.0286,0
26,0.0612,0,0.0,27,0.0586,0.0,2
7,0.0628,0,0.0013,26,0.0586,0.0,1
7,0.7804,0,0.0197,12,0.4108,0.0,1
27,0.0807,0,-0.0061,26,0.0586,0.0,2
5,0.8037,-7,-0.0285,7,0.8485,0.0,1
1,1.0791,0,0.0,0,1.0791,0.0,0
1,1.0088,0,-0.2981,2,1.1033,0.0,0
14,0.3795,1,-0.0261,12,0.4108,0.0,2
3,0.8212,0,-0.0105,7,0.7628,0.0,0
1,1.1617,1,0.0,1,1.0485,0.0,0
14,0.0587,0,0.0,19,0.0586,0.0026,2
3,1.0667,0,0.1473,4,0.9031,0.0,0
19,0.0586,1,-0.0001,26,0.0586,0.0,2
2,1.1033,0,0.0803,1,0.9337,0.0008,0
1,1.2676,0,0.0,12,0.4108,0.0,0
12,0.4108,0,0.0167,14,0.3795,0.0,2
11,0.0586,-1,0.0002,27,0.0586,0.0001,2
2,1.0782,-1,0.0002,2,1.1119,0.1019,0
2,0.8294,-1,-0.1379,4,0.4341,0.0312,0
1,1.0254,0,0.0,1,1.1723,0.0,0
4,0.4341,0,-0.0679,14,0.3795,0.0,1
2,1.1824,0,0.0,1,1.1631,0.0393,0
7,0.8485,6,-0.1717,5,0.8037,0.0,1
7,0.7985,0,0.0908,7,0.7628,0.0,1
2,0.7548,0,-0.2368,14,0.0587,0.0,0
1,1.0312,-1,-0.1333,1,1.2977,0.0,0
2,1.2143,1,-0.002,4,1.0708,0.0514,0
1,1.3069,1,0.0,1,1.0088,0.0,0
1,1.0485,0,0.0,1,1.1617,0.0,0
2,1.2962,0,0.0,1,1.1934,0.0164,0
1,0.7628,1,0.0,7,0.7804,0.0,0
1,1.3904,0,0.197,1,1.1934,0.0,0
1,1.1624,0,0.0,0,1.1624,0.0,0
1,1.1412,0,0.0,1,1.1969,0.0,0
2,1.2843,1,-0.0127,0,1.2843,0.0,0
1,0.8868,1,0.0,4,0.8294,0.0,0
1,1.0355,1,0.0,1,1.2977,0.0,0
1,1.2977,0,0.2622,1,1.0312,0.0,0
1,1.3368,0,0.0,3,0.8212,0.0,0
1,1.1799,0,0.0,1,0.7346,0.0,0
2,1.1119,2,0.0,2,1.0782,0.0321,0
4,0.9031,1,0.0056,5,0.8037,0.0,0
1,1.188,0,0.0,1,1.1114,0.0,0
1,1.1114,0,0.0,1,1.188,0.0,0
1,1.1723,0,0.0,1,1.0254,0.0,0
1,1.1934,1,0.0,2,1.2962,0.0,0
1,0.7346,0,0.0,14,0.0587,0.0,0
1,1.2421,1,0.0,2,0.7548,0.0,0
1,1.1132,1,0.0,1,1.0085,0.0,0
1,1.1631,0,0.0,2,1.1824,0.0,0
1,1.1969,1,0.0,1,1.1412,0.0,0
1,1.2102,1,0.0,0,1.2102,0.0,0
1,1.0085,1,0.0,1,1.1132,0.0,0
1,1.1989,0,0.0,0,1.1989,0.0,0
2,1.3051,0,0.0,0,1.3051,0.0,0
1,1.1844,1,0.0,0,1.1844,0.0,0
1,0.9337,0,-0.153,7,0.8485,0.0,0
10,0.058,-1,-0.0006,27,0.0589,0.0,2
1,1.0355,0,0.0,1,1.2977,0.0,0
6,0.3695,2,-0.0645,12,0.3597,0.0,1
1,1.3637,0,0.2005,1,1.0011,0.0,0
6,0.7851,-1,-0.0134,8,0.7132,0.0,1
1,1.2977,0,0.0,1,1.0312,0.0,0
20,0.0589,1,0.0003,26,0.058,0.0,2
27,0.0744,0,-0.0063,26,0.058,0.0,2
14,0.062,0,0.0033,20,0.058,0.0026,2
1,0.9182,1,0.0,3,0.9713,0.0,0
26,0.0612,0,0.0,27,0.058,0.0,2
3,0.7132,2,-0.0496,8,0.7303,0.0,0
12,0.3597,-2,-0.0198,9,0.3695,0.0,2
1,1.0202,0,0.0864,7,0.8555,0.0,0
1,1.1799,1,0.0,0,1.1799,0.0,0
1,1.2157,-2,0.149,3,0.9182,0.0,0
1,1.0485,1,0.0,0,1.0485,0.0,0
9,0.496,-3,0.0852,12,0.3597,0.0,2
1,1.343,1,0.0,1,1.0641,0.0,0
7,0.0673,0,0.0045,26,0.0589,0.0,1
1,1.2421,0,0.0,2,0.7262,0.0,0
8,0.7303,1,-0.0501,9,0.496,0.0,1
1,1.0254,0,-0.1469,1,1.1723,0.0,0
2,1.2962,2,0.0,1,1.1617,0.0378,0
1,1.0867,-1,-0.0166,2,1.0202,0.0,0
1,1.3904,0,0.0,1,1.1934,0.0,0
3,0.4342,3,0.0,12,0.3597,0.0,0
1,1.2114,1,0.0,5,1.0462,0.0,0
2,0.7262,0,-0.0286,14,0.062,0.0,0
1,0.8763,1,0.0,9,0.3695,0.0,0
2,1.0614,1,0.0526,1,1.0867,0.015,0
1,1.0085,0,0.0,1,1.1132,0.0,0
1,1.1844,1,0.0,0,1.1844,0.0,0
3,1.0294,0,-0.0176,6,0.3695,0.0277,0
1,1.1989,0,0.0,1,1.1624,0.0,0
1,1.1412,1,0.0,0,1.1412,0.0,0
5,1.0462,1,-0.0246,1,0.8387,0.0186,0
7,0.8555,0,0.0071,7,0.7969,0.0,1
1,1.0791,0,0.0,1,1.3368,0.0,0
1,0.8387,-1,0.0093,6,0.3695,0.0,0
1,1.1934,1,0.0,1,1.3904,0.0,0
3,0.9713,-1,0.0682,7,0.7969,0.0,0
7,0.7969,2,-0.0067,7,0.8555,0.0,1
2,1.3051,2,0.0,1,1.2716,0.0,0
1,1.1723,1,0.0,1,1.0254,0.0,0
1,1.2716,-1,-0.0127,2,1.2971,0.0,0
1,1.2102,0,0.0,0,1.2102,0.0,0
1,0.9808,0,0.094,5,0.8387,0.0,0
1,1.1114,0,0.0,1,1.188,0.0,0
1,1.3368,1,0.0,6,0.7851,0.0,0
1,1.3069,0,0.0,2,1.0614,0.0,0
1,1.0641,-1,-0.0141,1,1.343,0.0,0
1,1.0011,1,0.0,1,1.1631,0.0,0
1,1.0961,0,0.3616,14,0.062,0.0,0
1,1.188,0,0.0,1,1.1114,0.0,0
1,1.1631,1,0.0,1,1.0011,0.0,0
1,1.1624,1,0.0,1,1.1989,0.0,0
1,0.4502,1,0.0,12,0.3597,0.0,0
1,1.1969,0,0.0,0,1.1969,0.0,0
1,1.1617,0,0.0,2,1.2962,0.0,0
1,1.2971,1,0.0,1,1.2716,0.0,0
1,1.0312,0,0.0,1,1.2977,0.0,0
1,1.1132,0,0.0,1,1.0085,0.0,0
10,0.7451,2,0.0148,4,0.6351,0.0,1
27,0.0665,0,-0.0079,26,0.058,0.0,2
26,0.0612,0,0.0,27,0.058,0.0,2
10,0.058,0,0.0,27,0.0589,0.0008,2
1,1.1934,1,0.0,2,1.2962,0.0,0
20,0.0589,0,0.0,26,0.058,0.0004,2
11,0.8375,4,-0.018,4,0.8677,0.0,1
1,1.1412,0,0.0,0,1.1412,0.0,0
2,1.2143,1,-0.1287,2,1.0641,0.0086,0
17,0.3485,5,-0.0113,5,0.3566,0.0,2
4,0.8062,3,-0.0701,10,0.3566,0.0,1
1,1.1624,0,0.0,0,1.1624,0.0,0
2,1.2962,0,0.0,1,1.1934,0.0498,0
2,1.1033,0,0.0419,2,1.1962,0.0156,0
4,0.9792,-1,-0.067,3,0.9846,0.0108,0
5,0.3566,-1,-0.0129,17,0.3485,0.0,1
3,0.9846,2,0.1459,5,0.3566,0.0277,0
1,1.1615,-2,0.1321,5,0.3566,0.0,0
1,1.2716,0,0.0,2,1.2971,0.0,0
2,1.3051,0,0.0,1,1.2716,0.0,0
4,0.8677,-3,0.0708,11,0.8375,0.0,1
1,1.2288,1,0.0,0,1.2288,0.0,0
2,1.1962,1,-0.1106,2,1.1033,0.0006,0
1,1.0085,1,0.0,0,1.0085,0.0,0
1,1.0312,0,-0.2665,2,1.1666,0.0,0
3,0.7967,-3,0.0116,10,0.7451,0.0,0
1,1.0778,0,0.0576,11,0.8375,0.0,0
1,1.3904,1,0.0,1,1.1934,0.0,0
1,1.1132,0,0.0,0,1.1132,0.0,0
7,0.0673,0,0.0,26,0.0589,0.0,1
5,0.4366,2,0.0024,17,0.3485,0.0,1
14,0.0633,0,0.0014,20,0.058,0.0064,2
1,1.1617,1,0.0,0,1.1617,0.0,0
1,1.0485,0,0.0,0,1.0485,0.0,0
3,0.6351,-6,0.1391,17,0.3485,0.0,0
1,1.1723,0,0.0,1,1.0254,0.0,0
1,1.188,1,0.0,27,0.0665,0.0,0
1,1.0011,0,0.0,1,1.1631,0.0,0
1,1.3637,0,0.0,1,1.0011,0.0,0
2,0.7833,0,0.0572,14,0.0633,0.0,0
2,1.1519,2,0.0,4,0.9792,0.0,0
1,1.0254,0,0.0,1,1.1723,0.0,0
2,1.1666,1,0.1311,1,1.0312,0.0,0
1,1.0791,1,0.0,3,0.7967,0.0,0
1,1.2971,0,0.0,1,1.2716,0.0,0
4,1.0012,1,0.0299,4,0.8677,0.0,0
1,1.1631,0,0.0,1,1.0011,0.0,0
1,1.1114,0,-0.0766,1,1.188,0.0,0
1,1.0641,0,0.0,2,1.2143,0.0,0
1,1.1844,1,0.0,0,1.1844,0.0,0
1,1.3368,1,0.0,3,0.7967,0.0,0
1,0.3619,0,-0.0883,17,0.3485,0.0,0
1,1.1799,0,0.0,1,1.1795,0.0,0
1,1.1989,1,0.0,0,1.1989,0.0,0
1,0.8175,-2,0.1043,10,0.7451,0.0,0
1,1.1969,0,0.0,0,1.1969,0.0,0
1,1.1795,1,0.0,1,1.1799,0.0,0
1,1.2102,1,0.0,0,1.2102,0.0,0
1,1.2421,0,0.0,2,0.7833,0.0,0
27,0.0641,0,-0.0023,25,0.058,0.0,2
7,0.7744,-4,-0.0631,5,0.8725,0.0,1
1,1.2666,1,0.0,0,1.2666,0.0,0
14,0.061,0,-0.0024,20,0.058,0.0026,2
25,0.0614,-1,0.0001,27,0.058,0.0,2
2,0.7548,2,0.0,14,0.061,0.0,0
3,1.2168,1,0.0025,1,1.1127,0.0345,0
8,0.7335,-2,-0.0116,7,0.6101,0.0,1
2,1.1033,0,0.0,1,1.0088,0.0328,0
16,0.3908,-1,0.0424,8,0.3513,0.0,2
20,0.0589,0,0.0,25,0.058,0.0,2
8,0.0661,1,-0.0012,25,0.0589,0.0,2
1,1.049,1,0.0,5,0.9312,0.0,0
2,1.2962,2,0.0,1,1.1617,0.002,0
1,0.7802,0,-0.0373,8,0.7335,0.0,0
3,0.9662,0,0.1695,8,0.7335,0.0,0
2,1.1824,1,0.0192,1,1.1631,0.0022,0
1,1.0254,0,0.0,1,1.1723,0.0,0
5,0.4432,0,0.0067,16,0.3513,0.0,1
1,0.4158,0,0.054,16,0.3908,0.0,0
10,0.058,0,-0.0,27,0.0589,0.0,2
3,1.0082,-1,0.007,4,0.8725,0.0,0
4,0.9421,0,-0.037,2,0.9804,0.0437,0
2,1.3051,1,0.0334,1,1.2716,0.0,0
8,0.3513,3,-0.0053,16,0.3908,0.0,2
1,1.1934,1,0.0,0,1.1934,0.0,0
7,0.7647,3,-0.0415,8,0.3513,0.0,1
5,0.9312,4,-0.1465,7,0.7744,0.0,0
1,1.1132,1,0.0,1,1.0085,0.0,0
1,1.1989,0,0.0,0,1.1989,0.0,0
1,1.1719,-1,0.02,4,0.9421,0.0,0
1,1.0088,-1,-0.1874,2,1.1033,0.0,0
1,1.2716,0,-0.0254,2,1.2971,0.0,0
2,0.9804,2,0.0,4,0.9421,0.0299,0
1,1.1127,1,0.0,4,0.9421,0.0,0
1,0.8321,-1,0.0487,14,0.061,0.0,0
1,1.0085,0,0.0,1,1.1132,0.0,0
1,0.6101,-2,-0.025,16,0.3513,0.0,0
1,1.1617,0,0.0,2,1.2962,0.0,0
1,1.1723,0,0.0,1,1.0254,0.0,0
1,1.1844,0,0.0,0,1.1844,0.0,0
1,1.3904,0,0.0,0,1.3904,0.0,0
1,1.0791,0,0.0,3,0.9662,0.0,0
1,1.1969,1,0.0,0,1.1969,0.0,0
1,1.104,0,-0.084,27,0.0641,0.0,0
1,1.0355,1,0.0,1,1.2977,0.0,0
1,1.2102,0,0.0,0,1.2102,0.0,0
1,1.2971,1,0.0,1,1.2716,0.0,0
1,1.1114,0,0.0,1,1.104,0.0,0
4,0.8725,0,0.0047,7,0.7744,0.0,1
1,1.1799,1,0.0,0,1.1799,0.0,0
1,1.2288,1,0.0,0,1.2288,0.0,0
1,1.2977,-1,0.1311,1,1.0312,0.0,0
1,1.1795,0,0.0,2,0.7548,0.0,0
1,1.1624,0,0.0,0,1.1624,0.0,0
1,1.103,-2,0.1183,8,0.3513,0.0,0
1,1.0312,0,0.0,1,1.2977,0.0,0
1,1.3069,1,0.0,1,1.0088,0.0,0
1,1.1412,1,0.0,0,1.1412,0.0,0
1,1.1631,1,0.0,2,1.1824,0.0,0
1,1.0485,1,0.0,0,1.0485,0.0,0
10,0.058,0,0.0,26,0.0589,0.0002,2
8,0.7839,1,0.0094,6,0.8549,0.0,1
1,1.3904,1,0.0,1,1.1934,0.0,0
26,0.0622,-1,-0.0019,26,0.058,0.0,2
14,0.0729,0,0.012,20,0.058,0.0026,2
20,0.0589,0,-0.0,26,0.058,0.0,2
1,1.1624,1,0.0,0,1.1624,0.0,0
26,0.0615,1,0.0002,26,0.058,0.0,2
13,0.3987,-3,0.0078,9,0.3433,0.0,2
8,0.7301,0,-0.0035,7,0.7208,0.0,1
1,1.1477,-2,0.1815,8,0.7301,0.0,0
1,1.1969,0,0.0,0,1.1969,0.0,0
8,0.07,0,0.0039,26,0.0589,0.0,2
2,0.9089,1,-0.263,4,0.9905,0.0001,0
8,0.4005,3,-0.0427,13,0.3433,0.0,2
1,1.1412,0,0.0,0,1.1412,0.0,0
2,0.8276,1,-0.2764,26,0.0622,0.0,0
1,1.2716,0,0.0,2,1.2971,0.0,0
1,1.0485,0,0.0,1,1.1617,0.0,0
3,1.1487,0,-0.0682,3,0.9089,0.015,0
1,1.1799,0,0.0,1,1.1795,0.0,0
2,1.1824,0,0.0,1,1.1631,0.0001,0
4,0.9905,0,0.0483,2,0.9089,0.0241,0
3,1.2768,3,0.0,3,1.1487,0.1456,0
4,1.017,0,0.1445,8,0.7839,0.0,0
6,0.8549,1,-0.0764,8,0.7839,0.0,1
1,1.1844,1,0.0,0,1.1844,0.0,0
1,1.1989,1,0.0,0,1.1989,0.0,0
1,1.1132,0,0.0,1,1.0085,0.0,0
7,0.7208,0,-0.0439,9,0.3583,0.0,1
1,1.1795,1,0.0,1,1.1799,0.0,0
1,0.7735,0,-0.0586,14,0.0729,0.0,0
1,1.2288,0,0.0,0,1.2288,0.0,0
1,1.0254,0,-0.1469,1,1.1723,0.0,0
1,1.2102,1,0.0,0,1.2102,0.0,0
3,1.0718,2,0.063,0,1.0718,0.0161,0
2,1.3051,0,0.0,1,1.2716,0.0,0
1,1.1631,1,0.0,2,1.1824,0.0,0
9,0.3583,1,0.007,13,0.3987,0.0,2
1,1.2971,0,0.0,1,1.2716,0.0,0
1,1.1723,1,0.0,1,1.0254,0.0,0
2,0.805,1,0.0248,8,0.7301,0.0,0
2,0.7548,0,0.0,14,0.0729,0.0,0
1,0.9955,1,0.0,9,0.3583,0.0,0
1,0.3433,0,-0.0725,13,0.3987,0.0,0
2,1.1645,1,-0.1333,1,1.0355,0.0,0
1,1.052,-1,0.0715,4,0.9905,0.0,0
2,1.2962,0,0.0,1,1.1934,0.0059,0
1,1.0085,0,0.0,1,1.1132,0.0,0
1,1.2666,0,0.0,0,1.2666,0.0,0
1,1.0791,0,0.0,1,1.1477,0.0,0
1,1.1934,1,0.0,2,1.2962,0.0,0
1,1.1617,1,0.0,1,1.0485,0.0,0
1,0.9421,-2,-0.0661,4,1.017,0.0,0
1,1.0778,0,0.0288,6,0.8549,0.0,0
1,1.0355,0,0.0,2,1.1645,0.0,0
1,1.0355,1,0.0,1,1.2977,0.0,0
21,0.0593,1,0.0004,26,0.057,0.0,2
9,0.0828,1,0.0128,26,0.0593,0.0,2
11,0.8343,5,-0.0206,4,0.8346,0.0161,1
1,0.667,1,0.0,11,0.4065,0.0,0
1,1.355,0,0.0833,1,1.2552,0.0,0
26,0.0736,0,0.0114,26,0.057,0.0,2
9,0.7135,2,-0.0073,11,0.4136,0.0,1
26,0.0615,0,-0.0,26,0.057,0.0,2
1,1.1114,-1,0.2838,26,0.0736,0.0,0
10,0.4065,2,0.006,11,0.344,0.0,2
1,0.9538,-1,0.0449,4,0.9214,0.0,0
9,0.057,-1,-0.0009,26,0.0593,0.0001,2
3,0.344,2,0.0006,10,0.4065,0.0,0
1,1.1969,1,0.0,1,1.1412,0.0,0
2,1.1033,-1,0.0315,1,1.0856,0.0107,0
3,1.1378,0,-0.0109,2,0.9214,0.0006,0
1,1.2288,0,0.0,0,1.2288,0.0,0
1,1.1631,1,0.0,2,1.1824,0.0,0
1,1.1617,0,0.0,1,1.0485,0.0,0
6,0.4433,-7,0.0446,11,0.344,0.0,1
1,1.0485,0,0.0,1,1.1617,0.0,0
4,0.8346,-4,0.0507,11,0.8343,0.0,1
8,0.7999,0,0.0698,9,0.7135,0.0,1
1,1.1795,0,0.0,0,1.1795,0.0,0
11,0.4136,2,0.0553,10,0.4065,0.0,2
14,0.0718,0,-0.0012,21,0.057,0.0026,2
1,1.0312,-1,-0.1333,1,1.2977,0.0,0
4,1.0018,0,0.0114,2,0.667,0.0105,0
1,1.1723,0,0.0,1,1.0254,0.0,0
2,1.1513,-1,-0.1255,3,1.0856,0.0937,0
2,0.9214,2,0.0,4,0.9538,0.0001,0
1,1.2971,1,0.0,1,1.2716,0.0,0
1,1.2666,1,0.0,0,1.2666,0.0,0
1,1.3517,1,0.0,1,1.1617,0.0,0
1,1.2716,0,-0.0254,1,1.2971,0.0,0
1,1.1172,1,0.0,0,1.1172,0.0,0
2,1.1824,1,0.0192,1,1.1631,0.0,0
1,0.7735,0,0.0,14,0.0718,0.0,0
1,1.2977,0,0.2622,1,1.0312,0.0,0
1,1.1844,1,0.0,0,1.1844,0.0,0
4,0.9994,0,-0.0175,4,0.8346,0.0,0
2,1.1263,0,0.3715,14,0.0718,0.0,0
1,1.2218,1,0.0,2,1.1033,0.0,0
1,1.3904,0,0.0,1,1.1934,0.0,0
1,1.0856,1,0.0,2,1.1033,0.0,0
1,1.1934,0,0.0,1,1.3904,0.0,0
1,1.2102,1,0.0,0,1.2102,0.0,0
1,1.1412,0,0.0,1,1.1969,0.0,0
1,1.2406,1,0.0,1,1.1617,0.0,0
1,1.1846,1,0.0,2,1.1513,0.0,0
1,1.1989,0,0.0,0,1.1989,0.0,0
1,1.2552,-1,-0.0499,1,1.355,0.0,0
1,1.0254,0,0.0,1,1.1723,0.0,0
2,0.9215,1,-0.0739,11,0.4136,0.0,0
1,1.1132,0,0.1047,1,1.0085,0.0,0
1,1.0085,1,0.0,1,1.1132,0.0,0
1,1.1799,1,0.0,0,1.1799,0.0,0
1,1.0791,1,0.0,8,0.7999,0.0,0
1,1.1624,0,0.0,0,1.1624,0.0,0
13,0.4221,2,0.0085,12,0.3684,0.0,2
1,1.2288,1,0.0,0,1.2288,0.0,0
11,0.7068,2,-0.0067,13,0.4221,0.0,1
5,0.8774,1,0.0428,8,0.7301,0.0,1
26,0.0615,0,0.0,26,0.0577,0.0,2
26,0.0701,0,-0.0035,26,0.0577,0.0,2
1,1.2977,0,0.2622,1,1.0355,0.0,0
14,0.0816,0,0.0099,22,0.0577,0.0026,2
22,0.0589,1,-0.0004,26,0.0577,0.0,2
1,1.0355,1,0.0,1,1.2977,0.0,0
2,0.6983,2,0.0,12,0.3684,0.0,0
1,1.0485,1,0.0,1,1.1617,0.0,0
4,0.8347,-4,0.0348,11,0.7068,0.0,1
12,0.3684,2,-0.0381,13,0.3494,0.0,2
1,1.2102,1,0.0,0,1.2102,0.0,0
8,0.0577,-1,0.0007,26,0.0589,0.0001,2
9,0.0932,0,0.0104,26,0.0589,0.0,2
1,1.0011,-1,-0.1813,2,1.2634,0.0,0
4,0.86,2,-0.0615,13,0.4221,0.0276,1
1,1.0088,0,-0.0768,2,1.0667,0.0,0
1,1.1799,0,0.0,0,1.1799,0.0,0
2,1.212,2,0.0,1,0.8321,0.0,0
1,1.3517,0,0.0,1,1.2406,0.0,0
1,1.1412,1,0.0,1,1.1969,0.0,0
4,1.0157,1,-0.122,2,1.0077,0.013,0
1,1.2716,0,0.0,2,1.2971,0.0,0
1,1.2971,1,0.0,1,1.2716,0.0,0
4,0.9743,0,-0.0275,2,0.4245,0.0002,0
2,0.9166,-2,-0.0828,5,0.8774,0.0,0
1,0.3494,-2,0.0054,12,0.3684,0.0,0
8,0.7301,-3,-0.1042,5,0.8774,0.0123,1
1,1.2218,0,0.0,4,0.5051,0.0,0
1,1.0312,0,0.0,0,1.0312,0.0,0
1,1.1624,1,0.0,0,1.1624,0.0,0
1,1.0077,0,0.0539,4,0.6983,0.0,0
1,1.1969,0,0.0557,1,1.1412,0.0,0
2,1.3051,1,-0.0499,1,1.2716,0.0,0
1,1.1132,0,0.0,1,1.0085,0.0,0
1,0.5503,-5,0.107,13,0.3494,0.0,0
2,1.0667,0,-0.0367,1,1.0088,0.0002,0
1,1.0791,0,0.0,4,0.8347,0.0,0
1,1.1723,1,0.0,1,1.0254,0.0,0
1,1.1795,0,0.0,2,1.212,0.0,0
2,1.2919,1,0.0985,0,1.2919,0.0541,0
1,1.1844,0,0.0,0,1.1844,0.0,0
4,0.9914,4,0.0,8,0.7301,0.001,0
1,0.4245,0,-0.2425,13,0.3684,0.0,0
1,1.1617,0,0.1131,1,1.0485,0.0,0
2,1.2634,1,0.1003,1,1.0011,0.0,0
2,1.1392,0,-0.0121,4,1.0088,0.0264,0
1,1.0085,0,0.0,1,1.1132,0.0,0
1,0.8321,-1,-0.2942,14,0.0816,0.0,0
2,1.1423,2,0.0,1,1.2666,0.0037,0
1,1.2406,0,0.0,1,1.3517,0.0,0
1,1.2666,0,0.0,2,1.1423,0.0,0
1,1.0066,0,-0.1048,26,0.0701,0.0,0
1,1.0254,0,-0.1469,1,1.1723,0.0,0
1,0.5051,1,0.0,12,0.3494,0.0,0
1,1.1989,1,0.0,0,1.1989,0.0,0
23,0.0588,1,-0.0001,26,0.0579,0.0,2
26,0.0615,0,0.0,26,0.0579,0.0,2
3,1.002,2,-0.0057,3,0.5592,0.0108,0
2,1.212,0,0.0,1,0.8321,0.0,0
1,1.1795,1,0.0,1,1.1799,0.0,0
1,1.1969,0,0.0,1,1.1412,0.0,0
1,1.0011,0,0.0,2,1.2634,0.0,0
26,0.0671,0,-0.003,26,0.0579,0.0,2
2,1.1666,1,0.1311,1,1.0312,0.0,0
6,0.7366,2,-0.1234,9,0.4379,0.019,1
1,1.3636,1,0.0,2,1.1423,0.0,0
18,0.3796,6,0.0111,9,0.4379,0.0,2
3,0.9416,-1,-0.0741,3,1.002,0.0192,0
2,1.2634,0,0.0,1,1.0011,0.0334,0
9,0.7359,-2,0.0291,9,0.4379,0.0,1
3,0.8426,-1,0.0079,9,0.7359,0.0,0
1,0.6971,0,0.192,18,0.3796,0.0,0
2,1.1033,1,0.0945,3,1.0486,0.0157,0
9,0.4379,-4,0.0158,18,0.3796,0.0,2
1,1.2971,1,0.0,1,1.2716,0.0,0
1,1.0791,1,0.0,9,0.4379,0.0,0
14,0.0725,0,-0.0091,23,0.0579,0.0026,2
8,0.0602,-1,-0.033,26,0.0588,0.0,2
3,1.0486,1,-0.0907,3,0.9416,0.1244,0
1,1.3904,-1,0.0985,1,1.1934,0.0,0
8,0.7747,0,0.0445,6,0.8918,0.0213,1
1,1.0485,0,0.0,1,1.1617,0.0,0
7,0.0579,-1,0.0002,26,0.0588,0.0,1
1,1.1412,0,0.0,1,1.1969,0.0,0
2,1.1423,0,0.0,1,1.3636,0.0003,0
6,0.8918,1,0.0144,8,0.7747,0.0,1
1,1.1723,0,0.0,1,1.0254,0.0,0
1,1.1844,1,0.0,0,1.1844,0.0,0
4,0.9914,0,0.0,8,0.7747,0.001,0
1,1.1799,0,0.0,1,1.1795,0.0,0
1,1.0312,1,0.0,2,1.1666,0.0,0
1,1.0254,0,0.0,1,1.1723,0.0,0
1,1.355,0,0.0833,1,1.2552,0.0,0
1,1.2552,-1,-0.0499,1,1.355,0.0,0
1,0.5611,0,-0.4455,26,0.0671,0.0,0
2,1.2962,2,0.0,1,1.1617,0.0,0
1,1.1624,0,0.0,0,1.1624,0.0,0
1,1.2218,-1,0.1552,2,1.1033,0.0,0
3,0.5592,1,-0.1391,18,0.3796,0.0,0
1,1.1989,1,0.0,0,1.1989,0.0,0
2,1.0609,1,0.0523,0,1.0609,0.0293,0
1,0.9182,-1,0.0016,6,0.8918,0.0,0
1,0.8321,0,0.0,14,0.0725,0.0,0
1,1.1911,1,0.0,3,1.0486,0.0,0
1,1.2666,1,0.0,0,1.2666,0.0,0
1,1.2716,1,0.0,1,1.2971,0.0,0
1,1.2288,0,0.0,0,1.2288,0.0,0
1,0.6385,1,0.0,23,0.0588,0.0,0
1,1.1617,0,0.0,2,1.0485,0.0,0
1,1.0848,1,0.0,6,0.7366,0.0,0
1,1.1934,1,0.0,1,1.3904,0.0,0
1,1.2102,0,0.0,0,1.2102,0.0,0
1,0.9698,-3,-0.0045,3,0.5592,0.0,0
23,0.0588,0,0.0,26,0.0579,0.0,2
3,0.7088,0,0.1496,21,0.3735,0.0,0
9,0.0595,1,-0.0007,26,0.0588,0.0,2
14,0.0819,0,0.0094,23,0.0579,0.0026,2
26,0.0615,0,-0.0,26,0.0579,0.0,2
21,0.4148,3,0.0353,5,0.3735,0.0,2
3,0.9177,-1,-0.0737,10,0.7647,0.005,0
2,1.1666,2,0.0,0,1.1666,0.0,0
26,0.0787,0,0.0115,26,0.0579,0.0,2
3,0.984,0,-0.018,4,0.7088,0.0137,0
4,0.9393,-2,0.0475,10,0.7647,0.0,0
4,0.9293,1,-0.0123,3,0.984,0.0128,0
1,1.307,1,0.0,0,1.307,0.0,0
1,1.0312,0,0.0,0,1.0312,0.0,0
5,0.411,-4,-0.027,21,0.3735,0.0,1
1,1.2102,1,0.0,0,1.2102,0.0,0
11,0.7587,2,0.0228,6,0.411,0.0,1
1,1.1934,1,0.0,2,1.2962,0.0,0
1,1.1723,1,0.0,0,1.1723,0.0,0
7,0.0579,0,-0.0,26,0.0588,0.0002,1
1,1.0791,0,0.0,11,0.411,0.0,0
6,0.7155,0,-0.0211,11,0.3735,0.0283,1
1,1.1989,1,0.0,0,1.1989,0.0,0
2,1.0199,1,-0.065,6,0.3735,0.0095,0
1,0.9826,1,0.0,9,0.0595,0.0,0
2,1.1423,2,0.0,1,1.2666,0.0,0
1,1.2288,1,0.0,1,1.0011,0.0,0
1,1.3637,1,0.0,1,1.1631,0.0,0
1,1.1412,1,0.0,14,0.0579,0.0,0
10,0.7647,2,-0.01,4,0.9177,0.0302,1
1,1.1617,0,0.0,2,1.2962,0.0,0
1,1.1631,1,0.0,1,1.3637,0.0,0
1,1.1132,-1,0.0523,1,1.0085,0.0,0
1,1.1799,1,0.0,0,1.1799,0.0,0
1,1.3636,-1,0.2213,2,1.1423,0.0,0
1,0.3735,1,0.0,21,0.411,0.0,0
3,1.0281,0,-0.0205,4,0.9293,0.0509,0
1,1.1127,0,-0.0784,3,1.0281,0.0,0
1,1.0085,1,0.0,1,1.1132,0.0,0
1,1.1795,0,0.0,1,1.2555,0.0,0
1,1.0485,1,0.0,0,1.0485,0.0,0
1,1.3904,0,0.197,1,1.1934,0.0,0
1,0.6422,0,-0.0549,21,0.4148,0.0,0
1,1.1844,0,0.0,0,1.1844,0.0,0
2,1.2962,0,0.0,1,1.1617,0.2513,0
1,1.2218,0,0.0,2,1.009,0.0,0
1,1.2666,1,0.0,2,1.1423,0.0,0
2,1.009,2,0.0,3,0.6422,0.0,0
1,1.1624,1,0.0,0,1.1624,0.0,0
2,1.3051,1,-0.0499,1,1.2716,0.0,0
1,1.1969,0,0.0,0,1.1969,0.0,0
1,1.2555,1,0.0,1,1.1685,0.0,0
1,1.2971,1,0.0,1,1.2716,0.0,0
1,1.0011,0,0.0,1,1.2288,0.0,0
1,1.1685,-1,-0.0435,1,0.9199,0.0,0
1,0.9199,0,0.0879,14,0.0819,0.0,0
1,1.0254,0,0.0,0,1.0254,0.0,0
1,1.0867,-1,-0.0166,3,1.0281,0.0,0
1,1.2716,1,0.0,2,1.2971,0.0,0
26,0.0729,0,-0.0058,26,0.0579,0.0,2
6,0.867,-4,0.1023,7,0.7572,0.021,1
1,1.055,1,0.0,4,0.5907,0.0,0
8,0.7582,-3,-0.0005,9,0.7182,0.0,1
26,0.0615,0,0.0,26,0.0579,0.0,2
25,0.4146,4,-0.0002,4,0.3619,0.0,2
1,0.3619,0,-0.2804,25,0.4146,0.0,0
1,1.307,1,0.0,0,1.307,0.0,0
1,1.0312,0,0.0,0,1.0312,0.0,0
2,1.212,1,-0.0435,1,1.2421,0.0,0
23,0.0588,0,0.0,26,0.0579,0.0,2
1,1.1624,0,0.0,0,1.1624,0.0,0
1,1.2218,0,0.0,4,0.9914,0.0,0
1,1.355,0,0.0833,1,1.2552,0.0,0
1,1.1703,0,0.1877,9,0.0595,0.0,0
2,0.8805,-2,-0.0589,6,0.867,0.0,0
2,1.031,-1,0.047,5,0.5907,0.0074,0
7,0.7572,4,-0.1605,6,0.867,0.0002,1
14,0.0611,0,-0.0209,23,0.0579,0.001,2
1,1.1969,1,0.0,1,0.7376,0.0,0
2,1.2799,1,-0.0837,2,1.0615,0.0088,0
1,1.1799,0,0.0,1,1.1795,0.0,0
5,0.928,1,-0.0013,4,0.9204,0.0192,0
4,0.9914,2,-0.0175,7,0.3619,0.0006,0
1,1.2102,0,0.0,0,1.2102,0.0,0
1,1.2406,-1,-0.0556,2,1.2919,0.0,0
1,1.2971,1,0.0,1,1.2716,0.0,0
4,0.9204,1,-0.1077,5,0.928,0.0721,0
1,1.1989,0,0.0,0,1.1989,0.0,0
9,0.0595,0,0.0,26,0.0588,0.0,2
9,0.7182,3,0.0027,8,0.7582,0.0313,1
7,0.0579,0,0.0,26,0.0588,0.0002,1
2,1.1666,0,0.0,0,1.1666,0.0,0
1,1.2716,1,0.0,1,1.2971,0.0,0
1,1.3517,0,0.1901,1,1.1617,0.0,0
1,1.1795,1,0.0,1,1.1799,0.0,0
1,1.2552,-1,-0.0499,1,1.355,0.0,0
2,1.2919,1,0.0985,1,1.2406,0.003,0
4,0.5907,1,-0.1181,25,0.3619,0.0,1
1,1.0011,1,0.0,1,1.1631,0.0,0
2,1.0615,0,-0.0808,2,1.2799,0.0,0
1,1.3637,0,0.0,1,1.0011,0.0,0
1,1.1844,1,0.0,0,1.1844,0.0,0
1,1.0085,0,0.0,1,1.1132,0.0,0
1,1.0254,1,0.0,1,1.1723,0.0,0
1,0.9847,0,0.6112,25,0.4146,0.0,0
1,1.2666,1,0.0,0,1.2666,0.0,0
1,1.1132,0,0.0,1,1.0085,0.0,0
1,1.1617,1,0.0,1,1.0485,0.0,0
1,1.0485,0,0.0,1,1.1617,0.0,0
1,1.0791,1,0.0,25,0.4146,0.0,0
1,1.2421,0,0.0736,2,1.212,0.0,0
1,1.2288,0,0.0,0,1.2288,0.0,0
1,0.7376,0,-0.4036,14,0.0579,0.0,0
1,1.1723,0,0.0,1,1.0254,0.0,0
1,1.1631,0,0.0,1,1.0011,0.0,0
26,0.0615,0,0.0,26,0.0576,0.0,2
24,0.0588,1,0.0,26,0.0576,0.0,2
1,1.1723,0,0.0,1,1.0254,0.0,0
4,0.7927,-4,0.0345,11,0.7031,0.0,1
1,1.3637,1,0.0,1,1.1631,0.0,0
26,0.0667,0,-0.0062,26,0.0576,0.0,2
3,0.6076,-1,0.0169,24,0.3888,0.0,0
9,0.0595,0,0.0,26,0.0588,0.0,2
8,0.7775,1,0.0203,6,0.845,0.0056,1
6,0.845,0,-0.022,8,0.7775,0.0148,1
24,0.4062,-1,-0.0084,3,0.3888,0.0,2
15,0.1068,1,0.0457,24,0.0576,0.0128,2
1,0.8704,-1,-0.0101,6,0.845,0.0,0
1,1.1685,-1,-0.0435,1,1.2421,0.0,0
2,1.2567,1,0.095,1,1.2406,0.0005,0
1,1.2666,0,0.0,0,1.2666,0.0,0
11,0.7031,2,-0.0152,4,0.6324,0.0291,1
1,1.2552,1,0.0,1,1.355,0.0,0
3,0.988,-1,-0.0034,8,0.3888,0.0,0
2,1.0609,1,0.0523,0,1.0609,0.0001,0
1,1.1624,0,0.0,0,1.1624,0.0,0
1,1.1799,1,0.0,0,1.1799,0.0,0
1,1.0088,-1,-0.0221,4,0.6076,0.0,0
5,0.9072,1,-0.0133,4,0.9877,0.0384,0
4,0.9877,-1,0.0598,5,0.9072,0.0126,0
3,1.1576,1,0.0961,1,1.2927,0.0001,0
1,1.2927,-1,0.0128,3,1.1576,0.0,0
1,1.2288,1,0.0,1,1.0011,0.0,0
1,0.8617,1,0.0,3,0.3888,0.0,0
2,1.1666,2,0.0,4,0.7927,0.0,0
1,1.355,0,0.0,1,1.1817,0.0,0
1,1.3267,1,0.0,0,1.3267,0.0,0
1,1.2218,1,0.0,5,0.9072,0.0,0
2,1.2919,0,0.0,0,1.2919,0.0,0
3,0.6324,2,-0.3523,24,0.4062,0.0283,0
1,1.0485,1,0.0,0,1.0485,0.0,0
1,1.1969,0,0.0,0,1.1969,0.0,0
1,1.2555,1,0.0,1,1.1685,0.0,0
1,1.1817,1,0.0,1,1.2971,0.0,0
1,1.1631,1,0.0,1,1.3637,0.0,0
1,1.1634,0,-0.0584,3,0.8617,0.0,0
6,0.0576,-1,-0.0003,26,0.0588,0.0002,1
1,1.308,1,0.0,0,1.308,0.0,0
1,1.2102,1,0.0,0,1.2102,0.0,0
1,0.3888,0,0.027,24,0.4062,0.0,0
1,0.9773,0,-0.1018,24,0.4062,0.0,0
1,0.651,1,0.0,11,0.6324,0.0,0
1,1.0011,0,0.0,1,1.2288,0.0,0
1,1.307,0,0.0,0,1.307,0.0,0
1,1.0312,1,0.0,0,1.0312,0.0,0
1,1.2421,0,0.0,1,1.1685,0.0,0
1,1.1795,0,0.0,1,1.2555,0.0,0
1,1.2406,0,-0.1111,2,1.2567,0.0,0
1,1.1989,1,0.0,0,1.1989,0.0,0
1,1.0848,0,0.0298,3,0.6076,0.0,0
1,1.2971,0,0.0,1,1.1817,0.0,0
1,1.0254,0,0.0,1,1.1723,0.0,0
1,1.1844,0,0.0,0,1.1844,0.0,0
24,0.0588,0,0.0,27,0.0576,0.0,2
24,0.0681,-2,0.0014,27,0.0576,0.0,2
15,0.085,0,-0.0218,24,0.0576,0.0128,2
13,0.718,2,0.0149,3,0.3644,0.0313,1
1,1.0085,1,0.0,1,1.1132,0.0,0
10,0.0605,1,0.001,27,0.0588,0.0,2
5,0.9711,0,0.0639,4,0.9611,0.0573,0
27,0.0607,1,-0.0008,24,0.0576,0.0,2
3,0.3644,0,-0.268,17,0.3612,0.0,0
6,0.0576,0,0.0,27,0.0588,0.0003,1
1,1.1795,0,0.0,2,1.212,0.0,0
1,1.2552,0,-0.0998,1,1.355,0.0,0
2,1.2919,2,0.0,1,1.2406,0.0001,0
1,1.1624,1,0.0,0,1.1624,0.0,0
4,1.0936,3,-0.0699,1,0.7725,0.0,0
4,0.9611,0,-0.0266,5,0.9526,0.0001,0
17,0.415,-7,0.0088,4,0.3612,0.0,2
2,0.7208,-2,-0.072,13,0.718,0.0,0
2,1.2963,1,-0.0117,0,1.2963,0.0033,0
1,1.1799,1,0.0,0,1.1799,0.0,0
8,0.7855,0,0.0079,6,0.7725,0.0074,1
2,1.2799,-1,0.1223,2,1.0615,0.0287,0
3,0.4081,2,0.0192,17,0.3612,0.0,0
2,0.5527,1,-0.0983,13,0.3644,0.0002,0
1,1.0485,0,0.0,1,1.1617,0.0,0
1,1.1132,-1,0.0523,1,1.0085,0.0,0
6,0.9002,0,0.0552,8,0.7855,0.0324,0
1,1.3637,0,0.0,1,1.1631,0.0,0
3,0.9526,2,-0.0562,4,0.3612,0.0,0
2,1.212,1,-0.0435,1,1.1795,0.0,0
4,0.3612,1,-0.2464,17,0.3644,0.0,1
1,1.1723,1,0.0,0,1.1723,0.0,0
1,1.355,1,0.0,1,1.1817,0.0,0
2,0.8669,1,-0.2179,4,0.3612,0.0222,0
1,1.3517,-1,0.095,1,1.1617,0.0,0
2,1.1149,1,0.1138,0,1.1149,0.0828,0
1,1.1817,0,-0.1154,1,1.2971,0.0,0
1,1.0254,0,0.0,0,1.0254,0.0,0
1,1.3267,1,0.0,0,1.3267,0.0,0
1,1.0312,1,0.0,0,1.0312,0.0,0
1,1.2666,1,0.0,0,1.2666,0.0,0
1,1.1989,0,0.0,0,1.1989,0.0,0
1,0.7725,-2,-0.2155,8,0.4081,0.0,0
2,1.0615,2,0.0,2,1.2799,0.0001,0
2,1.1666,0,0.0,2,0.7208,0.0,0
1,1.1631,0,0.0,1,1.3637,0.0,0
1,1.2406,0,0.0,2,1.2919,0.0,0
1,1.2971,1,0.0,1,1.1817,0.0,0
1,1.1617,1,0.0,1,1.0485,0.0,0
1,1.2421,0,0.0736,2,1.212,0.0,0
1,0.8501,1,0.0,17,0.3644,0.0,0
1,1.307,1,0.0,0,1.307,0.0,0
1,1.1969,1,0.0,15,0.085,0.0,0
1,0.9989,0,0.1372,4,0.3612,0.0,0
1,1.2102,0,0.0,0,1.2102,0.0,0
1,1.1844,0,0.0,1,1.2971,0.0,0
4,0.8432,-4,0.0577,8,0.8015,0.0002,1
8,0.3623,4,0.0011,13,0.3932,0.0,2
1,1.0355,-1,-0.1311,1,1.0312,0.0,0
8,0.8015,7,0.029,4,0.3932,0.006,1
10,0.0614,0,0.0009,28,0.0587,0.0,2
23,0.0637,-1,-0.0044,28,0.0576,0.0,2
28,0.061,1,0.0003,26,0.0576,0.0,2
13,0.7284,0,0.0104,5,0.3568,0.0263,1
15,0.0783,0,-0.0068,26,0.0576,0.0023,2
3,1.1301,3,0.0,1,1.2927,0.0,0
1,1.1617,0,0.0,2,1.0485,0.0,0
13,0.4134,-4,-0.0016,8,0.3623,0.0,2
5,0.4815,2,0.1171,13,0.3568,0.0302,1
1,1.2552,0,-0.0998,1,1.2716,0.0,0
2,1.212,0,0.0,1,1.2421,0.0,0
26,0.0587,2,-0.0001,28,0.0576,0.0,2
1,1.2421,0,0.0,2,1.212,0.0,0
1,1.2971,0,0.0,1,1.2716,0.0,0
1,1.308,1,0.0,1,1.2846,0.0,0
4,0.3932,1,-0.0149,13,0.3623,0.0,1
1,1.1799,1,0.0,0,1.1799,0.0,0
2,0.9751,-2,0.014,4,0.9806,0.0468,0
1,1.077,1,0.0,0,1.077,0.0,0
1,1.0485,0,0.0,1,1.1617,0.0,0
4,0.9806,-1,0.0095,2,0.9751,0.0926,0
4,0.0576,-2,0.0,28,0.0587,0.0,1
1,1.0312,1,0.0,1,1.0355,0.0,0
1,1.2102,0,0.0,0,1.2102,0.0,0
1,1.2846,-1,-0.0117,1,1.308,0.0,0
2,1.0609,1,0.0523,0,1.0609,0.0002,0
1,1.2666,0,0.0,0,1.2666,0.0,0
3,1.0603,0,0.1077,8,0.3623,0.0403,0
2,1.2919,0,0.0,0,1.2919,0.0692,0
1,1.0254,1,0.0,1,1.1723,0.0,0
2,1.2523,1,-0.0994,1,1.1617,0.0001,0
1,1.1795,1,0.0,0,1.1795,0.0,0
1,1.1844,1,0.0,0,1.1844,0.0,0
2,0.3568,0,-0.1959,13,0.4815,0.0002,0
1,1.0263,1,0.0,4,0.9751,0.0,0
1,1.1624,1,0.0,0,1.1624,0.0,0
1,1.1989,1,0.0,0,1.1989,0.0,0
1,1.0276,0,-0.1693,15,0.0783,0.0,0
1,1.0011,1,0.0,1,1.2288,0.0,0
4,1.0481,0,-0.0454,8,0.8015,0.0095,0
1,1.1723,0,0.0,1,1.0254,0.0,0
1,0.6232,-1,-0.2437,8,0.3568,0.0,0
1,1.307,0,0.0,0,1.307,0.0,0
3,0.8948,-3,-0.0054,4,0.8432,0.0291,0
1,1.2288,-1,0.1138,1,1.0011,0.0,0
1,1.3267,1,0.0,0,1.3267,0.0,0
1,1.355,1,0.0,1,1.2552,0.0,0
2,1.2634,2,0.0,0,1.2634,0.0286,0
1,1.2927,-1,0.0128,3,1.1301,0.0,0
1,1.2977,-1,0.577,13,0.7284,0.0,0
1,1.2716,0,0.0899,1,1.2552,0.0,0
28,0.061,0,-0.0,26,0.0576,0.0,2
12,0.2771,4,-0.0852,10,0.3562,0.0,2
15,0.0742,0,-0.0041,26,0.0576,0.0023,2
3,0.394,-1,0.0008,12,0.2771,0.0,0
23,0.0614,0,-0.0023,28,0.0576,0.0,2
1,1.077,1,0.0,0,1.077,0.0,0
1,1.1799,0,0.0,0,1.1799,0.0,0
10,0.3916,5,-0.0899,12,0.2771,0.0261,2
1,1.2406,-1,-0.0117,2,1.2919,0.0,0
9,0.7143,-4,-0.0142,10,0.3181,0.0215,1
1,1.1795,0,0.0,2,1.212,0.0,0
9,0.3562,-4,-0.0571,12,0.2771,0.0,2
8,0.817,0,0.0156,5,0.394,0.0129,1
2,1.0615,2,0.0,1,1.2671,0.0,0
2,1.1666,1,-0.1311,9,0.7143,0.0,0
26,0.0587,0,-0.0,28,0.0576,0.0,2
2,0.3181,0,-0.0387,10,0.3916,0.0002,0
2,1.1269,-1,0.0666,12,0.2771,0.0,0
5,1.0112,1,0.0306,2,0.9989,0.0334,0
2,1.212,2,0.0,1,1.1795,0.0,0
10,0.0605,0,-0.0009,28,0.0587,0.0,2
1,1.2666,1,0.0,0,1.2666,0.0,0
1,1.1624,0,0.0,0,1.1624,0.0,0
1,1.2671,-2,0.1371,2,1.0615,0.0,0
1,0.651,0,0.0278,12,0.2771,0.0,0
1,1.307,1,0.0,0,1.307,0.0,0
5,0.8552,1,0.012,8,0.817,0.0065,1
1,1.1844,0,0.0,1,1.2971,0.0,0
1,1.1132,-1,0.0523,1,1.0085,0.0,0
1,1.3517,0,0.1901,1,1.0795,0.0,0
1,1.3267,1,0.0,0,1.3267,0.0,0
4,0.0576,0,0.0,28,0.0587,0.0,1
1,1.2102,1,0.0,0,1.2102,0.0,0
1,1.0795,0,0.031,1,1.0485,0.0,0
1,1.2716,0,-0.0254,1,1.2971,0.0,0
1,1.0085,1,0.0,1,1.1132,0.0,0
2,1.2634,0,0.0,0,1.2634,0.0398,0
1,0.7736,0,-0.254,15,0.0742,0.0,0
3,1.009,-1,-0.0391,8,0.817,0.0002,0
1,1.092,1,0.0,1,1.2846,0.0,0
2,1.2919,2,0.0,1,1.2406,0.0035,0
1,1.0312,0,0.0,0,1.0312,0.0,0
1,1.308,1,0.0,1,1.092,0.0,0
2,0.9044,-1,0.0096,5,0.8552,0.0006,0
1,1.0485,1,0.0,1,1.0795,0.0,0
1,1.355,0,0.0833,1,1.2552,0.0,0
1,1.2846,0,-0.0234,1,1.092,0.0,0
2,1.076,0,0.1009,5,0.9989,0.0197,0
1,1.1989,0,0.0,0,1.1989,0.0,0
1,1.0254,0,0.0,0,1.0254,0.0,0
1,1.0011,0,0.0,1,1.2288,0.0,0
1,1.2288,0,0.0,1,1.0011,0.0,0
1,1.1723,1,0.0,0,1.1723,0.0,0
1,1.2291,1,0.0,5,0.9989,0.0,0
1,1.2927,1,0.0,2,1.0615,0.0,0
1,1.2971,1,0.0,1,1.1844,0.0,0
1,0.9989,0,-0.0274,5,1.009,0.0,0
1,1.2421,0,0.0,0,1.2421,0.0,0
1,1.2552,0,-0.0998,1,1.355,0.0,0
8,0.6762,-1,-0.0381,11,0.1309,0.0466,1
11,0.1834,1,-0.2082,15,0.1309,0.0299,2
23,0.0603,0,-0.0011,28,0.0576,0.0,2
26,0.0587,0,0.0,28,0.0576,0.0004,2
2,1.0609,1,0.0523,0,1.0609,0.0,0
15,0.0669,0,-0.0073,26,0.0576,0.0023,2
28,0.061,0,0.0,26,0.0576,0.0,2
1,1.1723,0,0.0,0,1.1723,0.0,0
2,0.5454,1,-0.1056,15,0.1309,0.0148,0
4,1.1098,2,0.0338,1,0.944,0.0276,0
2,1.2962,1,-0.0556,1,1.0795,0.0,0
7,0.2544,-2,-0.1019,15,0.1834,0.0,1
1,1.2421,1,0.0,2,1.212,0.0,0
10,0.0614,0,0.0009,28,0.0587,0.0,2
4,1.0144,4,0.0,1,0.9698,0.0201,0
15,0.2327,3,-0.0444,11,0.1834,0.0,2
9,0.8157,1,-0.0014,4,0.3811,0.0078,1
2,0.3811,-1,-0.0129,15,0.2327,0.0,0
4,0.826,-1,-0.0292,9,0.8157,0.0697,1
4,0.0576,0,0.0,28,0.0587,0.0,1
1,1.077,0,0.0,0,1.077,0.0,0
1,0.9698,-4,-0.0414,4,0.944,0.0,0
2,0.833,-1,-0.176,9,0.8157,0.0447,0
2,1.1666,0,0.0,8,0.6762,0.0,0
1,1.2846,0,0.0,1,1.092,0.0,0
2,1.0615,0,0.0,1,1.2671,0.0,0
1,1.1799,1,0.0,0,1.1799,0.0,0
1,0.7736,0,0.0,15,0.0669,0.0,0
1,1.1844,1,0.0,23,0.0603,0.0,0
1,1.0795,0,0.0,2,1.0485,0.0,0
1,1.2666,0,0.0,0,1.2666,0.0,0
1,1.0254,0,0.0,0,1.0254,0.0,0
1,1.1624,0,0.0,0,1.1624,0.0,0
1,0.944,0,-0.0549,4,0.833,0.0,0
1,1.2671,1,0.0,2,1.0615,0.0,0
1,1.0312,1,0.0,0,1.0312,0.0,0
4,1.1111,3,-0.118,2,0.833,0.0172,0
2,1.212,0,0.0,1,1.2421,0.0,0
1,1.1631,1,0.0,1,1.3637,0.0,0
1,1.2927,0,0.0,2,1.0615,0.0,0
1,1.092,0,0.0,1,1.2846,0.0,0
1,1.1989,0,0.0,0,1.1989,0.0,0
1,1.1795,1,0.0,0,1.1795,0.0,0
1,1.0485,0,0.0,1,1.0795,0.0,0
1,1.307,0,0.0,0,1.307,0.0,0
1,1.2288,1,0.0,1,1.0011,0.0,0
2,1.2919,0,0.0,0,1.2919,0.0037,0
1,1.2971,0,0.0,2,1.3133,0.0,0
2,1.3133,1,0.0417,1,1.2552,0.0,0
1,0.1309,-1,-0.1871,11,0.1834,0.0,0
1,1.308,0,0.0,1,1.092,0.0,0
1,1.0011,0,0.0,1,1.2288,0.0,0
1,1.3267,0,0.0,0,1.3267,0.0,0
1,1.3637,1,0.0,1,1.1631,0.0,0
1,1.2552,0,-0.0998,2,1.3133,0.0,0
1,1.2102,0,0.0,0,1.2102,0.0,0
29,0.0612,1,0.0003,26,0.0576,0.0,2
16,0.2697,5,0.0863,17,0.0825,0.0181,2
4,0.0576,0,0.0,29,0.058,0.0002,1
17,0.1372,2,-0.0955,16,0.1739,0.0,2
26,0.0587,0,-0.0,29,0.0576,0.0001,2
15,0.0659,0,-0.001,26,0.0576,0.0041,2
22,0.058,-1,-0.0022,29,0.0576,0.0,2
4,0.7638,-4,0.0877,16,0.0825,0.0369,1
1,1.2666,1,0.0,0,1.2666,0.0,0
1,0.7736,1,0.0,15,0.0659,0.0,0
1,1.2971,1,0.0,1,1.1844,0.0,0
1,1.0485,1,0.0,1,1.1617,0.0,0
2,1.1442,-2,0.0331,8,0.8107,0.0001,0
10,0.0614,0,0.0,29,0.0587,0.0,2
1,0.273,-1,-0.2724,17,0.0825,0.0,0
5,0.1739,-2,-0.0805,17,0.1372,0.0,1
1,1.2716,0,-0.0254,1,1.2971,0.0,0
4,0.8144,-5,-0.0013,8,0.3736,0.0005,1
8,0.8107,6,-0.0223,4,0.4428,0.0013,1
1,1.1467,1,0.0,1,1.092,0.0,0
1,1.2421,0,0.0,1,1.1685,0.0,0
1,0.3736,-1,-0.0076,17,0.1372,0.0,0
3,0.8541,-1,0.0281,4,0.8144,0.019,0
2,1.0615,2,0.0,1,1.2671,0.0,0
1,1.2288,0,0.2277,1,1.0011,0.0,0
1,1.1132,-1,0.0523,1,1.0085,0.0,0
1,1.1989,1,0.0,0,1.1989,0.0,0
3,1.154,-1,0.0442,4,1.0403,0.001,0
1,1.1617,0,0.1131,1,1.0485,0.0,0
2,1.2963,1,-0.0117,1,1.092,0.0004,0
1,1.1685,-1,-0.0435,1,1.2421,0.0,0
1,1.2406,-1,-0.0556,2,1.2919,0.0,0
1,1.1795,1,0.0,1,1.2555,0.0,0
1,1.0403,1,0.0,17,0.1372,0.0,0
1,1.3267,0,0.0,0,1.3267,0.0,0
1,1.0011,1,0.0,1,1.2288,0.0,0
1,1.1799,0,0.0,0,1.1799,0.0,0
1,1.307,0,0.0,0,1.307,0.0,0
1,1.2552,0,0.0,1,1.355,0.0,0
1,1.355,-1,0.0417,1,1.2552,0.0,0
1,1.1844,0,0.0,22,0.058,0.0,0
1,1.2102,1,0.0,0,1.2102,0.0,0
1,1.0312,1,0.0,1,1.0355,0.0,0
1,1.0355,-1,-0.1311,4,0.7638,0.0,0
4,1.0673,3,0.0975,3,1.1442,0.0798,0
1,1.3637,0,0.0,1,1.1631,0.0,0
1,1.1631,0,0.0,1,1.3637,0.0,0
1,1.0254,1,0.0,1,1.1723,0.0,0
1,1.077,1,0.0,0,1.077,0.0,0
1,1.2671,0,0.0,2,1.0615,0.0,0
1,1.2927,-1,0.2312,2,1.0615,0.0,0
1,1.2555,1,0.0,1,1.1685,0.0,0
1,1.0085,1,0.0,1,1.1132,0.0,0
1,0.0825,0,-0.0484,16,0.2697,0.0,0
1,0.4428,1,0.0,17,0.1372,0.0,0
1,1.3517,0,0.2723,1,1.1617,0.0,0
1,1.1624,1,0.0,0,1.1624,0.0,0
2,1.2919,2,0.0,1,1.2406,0.0003,0
1,1.092,0,-0.1926,2,1.1467,0.0,0
1,1.1723,0,0.0,1,1.0254,0.0,0
17,0.0781,1,-0.1917,19,0.1245,0.0049,2
15,0.0667,0,0.0008,28,0.0565,0.0013,2
2,1.271,1,0.1243,1,1.092,0.0702,0
31,0.0609,2,-0.0003,28,0.0565,0.0,2
28,0.0587,2,0.0,31,0.0565,0.0001,2
1,1.1799,1,0.0,0,1.1799,0.0,0
9,1.0404,5,-0.0269,1,1.1793,0.1375,0
21,0.1108,-1,0.0527,31,0.0565,0.0,2
3,0.1245,-2,-0.0494,19,0.0781,0.0,0
10,0.0605,0,-0.0009,31,0.0587,0.0,2
1,1.1795,1,0.0,0,1.1795,0.0,0
6,0.8468,2,0.0324,8,0.6047,0.016,1
1,1.0254,0,0.0,0,1.0254,0.0,0
1,0.6047,0,0.1619,19,0.1328,0.0,0
2,0.3565,1,0.274,17,0.0781,0.0206,0
2,1.2634,2,0.0,0,1.2634,0.0004,0
2,0.0565,-2,-0.0012,31,0.0587,0.0,0
1,1.1624,0,0.0,0,1.1624,0.0,0
2,1.212,1,-0.0435,1,1.2421,0.0,0
1,1.3267,1,0.0,0,1.3267,0.0,0
19,0.1328,2,-0.0045,17,0.0781,0.0,2
8,0.794,0,-0.0167,6,0.6047,0.0123,1
1,1.2671,1,0.0,2,1.0615,0.0,0
1,1.2102,0,0.0,0,1.2102,0.0,0
2,1.3051,1,-0.0499,1,1.2716,0.0,0
4,0.761,0,-0.0028,17,0.0781,0.032,1
1,1.2666,0,0.0,0,1.2666,0.0,0
1,1.308,1,0.0,1,1.2846,0.0,0
1,1.0485,0,0.0,1,1.1617,0.0,0
1,1.2846,-1,-0.0117,1,1.092,0.0,0
2,1.0615,0,0.0,1,1.2671,0.0,0
2,1.0609,1,0.0523,0,1.0609,0.0,0
2,1.2919,0,0.0,0,1.2919,0.0308,0
1,1.092,0,0.0,2,1.271,0.0,0
1,1.077,0,0.0,0,1.077,0.0,0
1,1.1617,0,0.0,2,1.0485,0.0,0
1,1.2927,0,0.0,2,1.0615,0.0,0
1,1.0312,0,0.0,0,1.0312,0.0,0
1,1.2421,0,0.0736,2,1.212,0.0,0
1,0.273,0,0.0,19,0.0781,0.0,0
2,1.1149,1,0.1138,0,1.1149,0.0524,0
1,1.1793,-2,0.0254,9,1.0404,0.0,0
2,1.2523,1,-0.0994,1,1.1617,0.0,0
1,1.1723,1,0.0,0,1.1723,0.0,0
1,0.7736,0,0.0,15,0.0667,0.0,0
1,1.1989,0,0.0,0,1.1989,0.0,0
1,1.307,1,0.0,0,1.307,0.0,0
1,1.2971,0,0.0,1,1.2716,0.0,0
1,0.9182,-2,0.0641,6,0.8468,0.0,0
1,1.2716,0,0.0,2,1.2971,0.0,0
1,1.308,1,0.0,1,1.2846,0.0,0
15,0.0736,-2,-0.0045,19,0.1,0.0108,2
20,0.0822,-1,-0.0286,31,0.0565,0.0,2
15,0.0662,0,-0.0005,28,0.0565,0.001,2
10,0.8176,2,0.0236,5,0.5934,0.0151,1
28,0.0587,0,0.0,31,0.0565,0.0001,2
1,1.3517,0,0.1901,1,1.1617,0.0,0
1,1.3574,1,0.0,0,1.3574,0.0,0
31,0.0612,0,0.0003,28,0.0565,0.0,2
5,0.8255,-1,-0.0213,10,0.5934,0.0136,1
7,1.0272,-2,-0.0132,1,1.1306,0.0279,0
1,1.1989,1,0.0,0,1.1989,0.0,0
19,0.1,0,-0.0327,15,0.0736,0.0,2
6,0.3307,4,-0.0258,15,0.0736,0.0149,1
1,1.1685,-1,-0.0435,1,1.2421,0.0,0
3,1.1386,1,0.0771,1,1.2671,0.1039,0
1,1.2421,0,0.0,1,1.1685,0.0,0
1,1.2102,1,0.0,0,1.2102,0.0,0
1,0.273,0,0.0,19,0.0736,0.0,0
2,0.5934,1,-0.0113,19,0.1,0.0,0
2,1.2634,0,0.0,0,1.2634,0.0004,0
1,1.2552,-1,-0.0499,2,1.2683,0.0,0
2,0.0565,0,0.0,31,0.0587,0.0,0
1,1.3267,0,0.0,0,1.3267,0.0,0
1,1.1624,1,0.0,0,1.1624,0.0,0
2,0.7722,-2,0.0113,15,0.0736,0.0001,0
1,1.1799,0,0.0,0,1.1799,0.0,0
2,1.2919,2,0.0,1,1.2406,0.003,0
11,0.0612,1,0.0007,31,0.0587,0.0,2
2,1.2683,1,-0.0033,1,1.2552,0.0,0
1,1.3954,1,0.0,1,1.1467,0.0,0
1,1.2671,0,0.0,3,1.1386,0.0,0
1,1.1793,0,0.0,7,0.4638,0.0,0
1,1.2971,0,0.0,2,1.2683,0.0,0
2,1.0609,0,0.0,0,1.0609,0.0,0
1,1.092,1,0.0,1,1.1467,0.0,0
1,1.2288,1,0.0,1,1.0011,0.0,0
1,1.0011,1,0.0,1,1.2288,0.0,0
1,1.2555,1,0.0,1,1.1685,0.0,0
1,1.0254,0,0.0,0,1.0254,0.0,0
1,1.307,0,0.0,0,1.307,0.0,0
1,1.077,0,0.0,0,1.077,0.0,0
1,0.7736,0,0.0,15,0.0662,0.0,0
1,1.1723,0,0.0,0,1.1723,0.0,0
1,1.2666,0,0.0,0,1.2666,0.0,0
1,1.2846,0,-0.0234,1,1.092,0.0,0
1,0.4638,1,0.0,19,0.1,0.0,0
1,1.1795,0,0.0,1,1.2555,0.0,0
1,1.1306,1,0.0,7,1.0272,0.0,0
1,1.1617,0,0.1131,1,1.0485,0.0,0
1,1.2406,-1,-0.0117,2,1.2919,0.0,0
1,1.1467,0,0.0547,1,1.092,0.0,0
1,0.214,-2,0.0895,19,0.0736,0.0,0
1,1.0485,1,0.0,1,1.1617,0.0,0
1,1.0312,1,0.0,2,0.7722,0.0,0
10,0.8019,0,-0.0157,3,0.4277,0.0117,1
1,1.0485,0,0.0,2,1.2567,0.0,0
1,1.2421,1,0.0,1,1.1685,0.0,0
33,0.061,2,-0.0002,28,0.0565,0.0,2
18,0.0756,-2,-0.0066,33,0.0565,0.0,2
28,0.0587,0,-0.0,33,0.0565,0.0001,2
18,0.0615,-1,-0.0386,14,0.1119,0.0,2
1,1.2406,0,-0.1111,2,1.2567,0.0,0
14,0.1119,-1,0.0383,18,0.0615,0.0088,2
1,1.1685,0,-0.087,1,1.2421,0.0,0
7,0.1361,1,-0.1946,14,0.1119,0.0006,1
4,1.0959,3,-0.0347,1,1.0917,0.022,0
1,1.1934,-1,-0.0985,1,1.3904,0.0,0
15,0.0702,0,0.0041,28,0.0565,0.0009,2
11,0.0612,0,0.0,33,0.0587,0.0,2
2,1.271,1,0.1243,0,1.271,0.0003,0
2,1.176,2,0.0,1,1.1172,0.0349,0
1,1.307,1,0.0,0,1.307,0.0,0
1,1.2555,1,0.0,1,1.1685,0.0,0
2,1.2567,1,0.095,1,1.0485,0.0,0
1,1.1795,1,0.0,1,1.1799,0.0,0
1,1.1969,1,0.0,0,1.1969,0.0,0
1,1.1793,0,0.0,1,0.7046,0.0,0
2,1.3051,0,0.0367,1,1.1817,0.0,0
2,0.8683,-3,0.0427,10,0.4277,0.0149,0
1,1.2927,-2,0.1541,2,1.1172,0.0,0
1,1.0254,1,0.0,0,1.0254,0.0,0
1,1.0917,-6,0.0645,4,0.824,0.0,0
1,1.0312,0,0.0,1,0.6204,0.0,0
3,0.824,3,0.0,10,0.8019,0.0099,0
3,0.4277,1,-0.1657,18,0.0615,0.0,0
1,1.1624,0,0.0,0,1.1624,0.0,0
1,1.3904,0,0.1498,1,1.1934,0.0,0
1,1.1817,0,-0.1154,2,1.2971,0.0,0
1,0.6204,-1,-0.1518,14,0.1119,0.0,0
2,1.1149,1,0.1138,0,1.1149,0.0057,0
1,1.1631,-1,-0.1003,1,1.3637,0.0,0
1,0.7046,0,0.2408,18,0.0615,0.0,0
2,0.0565,0,0.0,33,0.0587,0.0001,0
1,1.077,1,0.0,0,1.077,0.0,0
1,1.2666,1,0.0,0,1.2666,0.0,0
2,1.1883,1,-0.0963,1,1.308,0.0107,0
1,1.2102,1,0.0,0,1.2102,0.0,0
1,1.2971,1,0.0,18,0.0756,0.0,0
1,1.1989,0,0.0,0,1.1989,0.0,0
1,1.3637,1,0.0,1,1.1631,0.0,0
1,1.0364,1,0.0,10,0.4277,0.0,0
1,1.3267,1,0.0,0,1.3267,0.0,0
1,1.308,0,0.0,2,1.1883,0.0,0
1,1.3574,1,0.0,0,1.3574,0.0,0
1,1.1723,1,0.0,0,1.1723,0.0,0
1,1.1799,0,0.0,1,1.1795,0.0,0
1,0.215,0,-0.058,18,0.0615,0.0,0
2,1.0609,2,0.0,0,1.0609,0.0,0
1,0.1631,0,-0.0509,18,0.0615,0.0,0
1,1.1172,1,0.0,2,1.176,0.0,0
29,0.0587,1,0.0,32,0.0541,0.0001,2
1,1.307,0,0.0,0,1.307,0.0,0
2,1.2634,1,-0.1003,0,1.2634,0.0302,0
20,0.0643,2,0.0029,11,0.0868,0.0,2
1,1.2102,1,0.0,0,1.2102,0.0,0
9,0.0639,2,-0.0722,11,0.0868,0.0006,2
1,1.2971,0,0.0,18,0.0729,0.0,0
32,0.0608,-1,-0.0002,29,0.0541,0.0,2
2,1.1051,1,0.0566,1,1.3517,0.0299,0
1,1.2552,-1,-0.0499,2,1.3133,0.0,0
11,0.0868,-3,-0.025,20,0.0639,0.0047,2
15,0.0643,0,-0.0059,29,0.0541,0.0009,2
18,0.0729,0,-0.0027,32,0.0541,0.0,2
2,1.3133,1,0.1316,1,1.2552,0.0,0
7,0.792,4,-0.032,7,0.7936,0.0046,1
12,0.061,1,-0.0003,32,0.0587,0.0,2
1,0.244,0,0.029,20,0.0639,0.0,0
3,0.563,0,0.1353,20,0.0643,0.0,0
2,1.2919,1,-0.0985,1,1.2406,0.0001,0
1,1.092,-1,-0.0963,2,1.271,0.0,0
1,1.0312,0,0.0,1,0.596,0.0,0
1,0.0541,-1,-0.0024,32,0.0587,0.0,0
1,1.1172,0,0.0,2,1.0849,0.0,0
2,1.0609,0,0.0,0,1.0609,0.0,0
1,1.2666,1,0.0,0,1.2666,0.0,0
1,1.3574,0,0.0,0,1.3574,0.0,0
1,1.0254,0,0.0,0,1.0254,0.0,0
1,1.1793,0,0.0876,7,0.792,0.0,0
1,1.2406,0,0.0,2,1.2919,0.0,0
1,1.3517,-1,0.095,2,1.1051,0.0,0
1,0.9755,0,0.2709,20,0.0643,0.0,0
1,1.1723,1,0.0,0,1.1723,0.0,0
2,1.271,2,0.0,1,1.092,0.0,0
7,0.8067,-3,0.0048,7,0.563,0.0115,1
1,1.1624,0,0.0,0,1.1624,0.0,0
1,1.1969,0,0.0,0,1.1969,0.0,0
1,1.0011,1,0.0,1,1.2288,0.0,0
1,1.2846,0,-0.0234,1,1.092,0.0,0
1,1.1795,0,0.0,1,1.2555,0.0,0
1,1.1799,1,0.0,0,1.1799,0.0,0
1,1.2288,-1,0.1138,1,1.0011,0.0,0
2,1.3281,0,0.1521,1,1.0849,0.0328,0
1,1.1989,0,0.0,0,1.1989,0.0,0
1,1.2421,1,0.0,1,1.1685,0.0,0
1,0.8943,-1,0.026,7,0.563,0.0,0
1,1.1685,0,-0.087,1,1.2421,0.0,0
1,1.077,0,0.0,0,1.077,0.0,0
1,0.596,0,-0.0244,11,0.0639,0.0,0
1,0.7936,0,-0.2428,7,0.563,0.0,0
1,1.0849,1,0.0,2,1.1172,0.0,0
1,1.3267,0,0.0,0,1.3267,0.0,0
1,1.308,1,0.0,1,1.2846,0.0,0
1,1.2555,1,0.0,1,1.1685,0.0,0
15,0.065,0,0.0007,29,0.0541,0.0009,2
10,0.0578,1,-0.0061,9,0.1208,0.0005,2
29,0.0587,0,-0.0,33,0.0541,0.0001,2
33,0.0609,1,0.0001,29,0.0541,0.0,2
2,1.212,1,-0.0435,1,1.2421,0.0,0
2,1.271,0,0.0,1,1.092,0.0,0
18,0.1142,0,0.0413,33,0.0541,0.0,2
1,1.1172,0,0.0,1,1.0849,0.0,0
1,1.0085,1,0.0,1,1.1132,0.0,0
3,0.7136,0,0.1506,22,0.0615,0.0,0
3,0.8832,2,-0.2962,7,0.7126,0.0668,0
1,1.1723,1,0.0,0,1.1723,0.0,0
22,0.0615,2,-0.0028,9,0.1208,0.0,2
1,1.2927,-1,-0.0355,1,1.0849,0.0,0
1,1.2666,0,0.0,0,1.2666,0.0,0
9,0.1208,-2,0.034,22,0.0578,0.0065,2
1,1.1934,-1,-0.0985,1,1.3904,0.0,0
2,1.2567,0,0.1516,1,1.0485,0.0,0
12,0.061,0,0.0,33,0.0587,0.0,2
1,1.0849,0,0.0,1,1.1172,0.0,0
6,0.7981,-1,-0.0087,7,0.7126,0.0144,1
1,1.3574,1,0.0,0,1.3574,0.0,0
1,1.3636,1,0.0,1,1.0849,0.0,0
1,0.7126,0,-0.0809,7,0.7136,0.0,0
1,1.3267,1,0.0,0,1.3267,0.0,0
1,1.0485,1,0.0,2,1.2567,0.0,0
1,1.1799,0,0.0,1,1.1795,0.0,0
1,1.1132,-1,0.0523,1,1.0085,0.0,0
7,0.7604,0,-0.0315,6,0.7126,0.0066,1
1,0.0541,0,0.0,33,0.0587,0.0,0
1,1.2552,0,0.0,1,1.355,0.0,0
1,1.1624,1,0.0,0,1.1624,0.0,0
1,1.2421,1,0.0,2,1.212,0.0,0
1,1.077,1,0.0,0,1.077,0.0,0
1,1.308,0,0.0,1,1.2846,0.0,0
1,1.0312,0,0.4352,10,0.0578,0.0,0
1,1.2716,0,-0.0254,18,0.1142,0.0,0
1,0.215,0,-0.029,22,0.0578,0.0,0
1,1.2406,0,-0.1111,2,1.2567,0.0,0
1,1.1989,1,0.0,0,1.1989,0.0,0
1,1.307,1,0.0,0,1.307,0.0,0
1,1.0011,1,0.0,1,1.2288,0.0,0
1,1.2102,0,0.0,0,1.2102,0.0,0
1,1.126,1,0.0,3,0.7126,0.0,0
1,1.3904,0,0.1498,1,1.1934,0.0,0
2,1.2634,2,0.0,0,1.2634,0.0044,0
1,1.2288,0,0.0,1,1.0011,0.0,0
1,1.1969,1,0.0,0,1.1969,0.0,0
1,1.0254,1,0.0,0,1.0254,0.0,0
1,1.3684,1,0.0,0,1.3684,0.0,0
1,1.1795,1,0.0,1,1.1799,0.0,0
1,1.355,-1,0.0417,1,1.2552,0.0,0
1,1.2846,0,0.0,1,1.092,0.0,0
1,1.092,0,0.0,2,1.271,0.0,0
33,0.0608,0,-0.0001,28,0.0541,0.0,2
13,0.0644,1,0.0034,33,0.0584,0.0,2
9,0.0552,-1,-0.0026,9,0.0751,0.0006,2
17,0.0911,-1,-0.0232,33,0.0541,0.0,2
22,0.0626,0,0.0011,9,0.0751,0.0,2
28,0.0584,-1,-0.0004,33,0.0541,0.0001,2
1,1.2764,0,0.1505,5,0.7572,0.0,0
1,1.3684,1,0.0,1,1.1467,0.0,0
1,1.1989,0,0.0,0,1.1989,0.0,0
1,1.2552,0,-0.0998,2,1.2683,0.0,0
5,0.7149,-2,-0.0455,5,0.7516,0.0002,1
1,1.1631,-1,-0.1003,1,1.3637,0.0,0
15,0.0586,0,-0.0064,28,0.0541,0.0009,2
5,0.7516,-1,-0.0465,5,0.7149,0.0111,1
1,1.0485,0,0.0,2,1.2567,0.0,0
9,0.0751,0,-0.0457,22,0.0552,0.009,2
1,1.2102,1,0.0,0,1.2102,0.0,0
2,1.1149,1,0.1138,0,1.1149,0.0843,0
1,1.307,0,0.0,0,1.307,0.0,0
2,1.0609,1,0.0523,0,1.0609,0.0,0
2,0.1767,1,-0.0383,22,0.0552,0.0115,0
1,1.1795,0,0.0,1,1.2555,0.0,0
1,1.2421,1,0.0,1,1.1685,0.0,0
1,1.3637,1,0.0,1,1.1631,0.0,0
2,1.1888,1,0.1039,1,1.1172,0.0529,0
1,1.1799,1,0.0,0,1.1799,0.0,0
2,1.2683,1,-0.0033,17,0.0911,0.0,0
1,1.0312,0,0.0,9,0.0552,0.0,0
1,1.2666,0,0.0,1,1.3636,0.0,0
1,1.1685,-1,-0.0435,1,1.2421,0.0,0
1,1.2846,0,-0.0234,1,1.308,0.0,0
1,0.7372,-2,0.0236,22,0.0626,0.0,0
1,1.0254,1,0.0,0,1.0254,0.0,0
1,1.1467,-1,-0.1243,1,1.3684,0.0,0
3,0.8367,2,0.1241,5,0.7149,0.0,0
5,0.7572,2,-0.1259,5,0.7149,0.0084,1
2,1.2567,0,0.0,1,1.0485,0.0013,0
1,0.0697,1,0.0,28,0.0584,0.0,0
1,1.092,1,0.0,1,1.3954,0.0,0
1,1.2406,0,0.0,2,1.2567,0.0,0
2,1.2919,1,-0.0985,1,1.2406,0.0,0
1,1.3954,0,0.3033,1,1.092,0.0,0
1,1.0334,1,0.0,0,1.0334,0.0,0
1,1.308,1,0.0,1,1.2846,0.0,0
1,1.3574,0,0.0,0,1.3574,0.0,0
1,1.2555,1,0.0,1,1.1685,0.0,0
1,1.3636,1,0.0,2,1.1888,0.0,0
1,1.1172,1,0.0,2,1.1888,0.0,0
1,1.1723,0,0.0,0,1.1723,0.0,0
1,1.1969,0,0.0,0,1.1969,0.0,0
1,1.3267,0,0.0,0,1.3267,0.0,0
1,1.1624,0,0.0,0,1.1624,0.0,0
1,1.077,0,0.0,0,1.077,0.0,0
1,0.0541,0,0.0,33,0.0584,0.0,0
28,0.0584,0,0.0,34,0.0541,0.0001,2
10,0.0561,1,0.001,7,0.0624,0.0006,2
1,1.3267,1,0.0,0,1.3267,0.0,0
7,0.0624,-2,-0.0127,23,0.0561,0.0,1
3,1.128,2,0.0795,1,1.2406,0.0096,0
1,1.2421,0,0.0736,2,1.212,0.0,0
23,0.0619,1,-0.0008,7,0.0624,0.0,2
34,0.0606,1,-0.0001,28,0.0541,0.0,2
15,0.0591,0,0.0004,28,0.0541,0.0009,2
1,1.092,1,0.0,2,1.271,0.0,0
1,1.1172,0,0.0,1,1.0849,0.0,0
1,1.307,1,0.0,0,1.307,0.0,0
8,0.7112,3,-0.0461,5,0.7256,0.0211,1
1,1.3574,1,0.0,1,1.077,0.0,0
14,0.0646,1,0.0003,34,0.0584,0.0,2
1,1.0334,0,0.0,0,1.0334,0.0,0
4,0.8061,1,-0.0306,8,0.7112,0.0288,1
1,1.2846,0,0.0,1,1.092,0.0,0
2,1.271,1,-0.1243,1,1.092,0.0,0
1,1.3637,0,0.0,1,1.1631,0.0,0
1,1.3636,0,0.0,1,1.0849,0.0,0
16,0.1493,-1,0.0583,34,0.0541,0.0,2
1,1.1624,1,0.0,0,1.1624,0.0,0
1,1.308,0,0.0,1,1.2846,0.0,0
1,1.2927,-1,0.1039,1,1.0849,0.0,0
1,1.3684,1,0.0,0,1.3684,0.0,0
5,0.7256,0,0.0107,8,0.7112,0.0128,1
1,1.1969,0,0.0,0,1.1969,0.0,0
1,1.077,0,0.0,1,1.3574,0.0,0
2,0.7832,-3,0.0316,5,0.7256,0.0,0
1,1.1799,0,0.0,0,1.1799,0.0,0
1,1.2102,0,0.0,0,1.2102,0.0,0
1,1.1631,0,0.0,1,1.3637,0.0,0
1,0.9454,0,-0.3311,8,0.7112,0.0,0
2,1.0609,0,0.0,0,1.0609,0.0,0
1,1.1723,1,0.0,1,0.6179,0.0,0
1,1.0011,-1,-0.1138,1,1.2288,0.0,0
2,0.2492,0,0.0725,23,0.0561,0.0115,0
1,0.6179,0,-0.4133,10,0.0561,0.0,0
1,1.0849,1,0.0,1,1.1172,0.0,0
1,1.1795,0,0.0,2,1.212,0.0,0
1,0.0541,0,0.0,34,0.0584,0.0,0
1,1.355,-1,0.0866,16,0.1493,0.0,0
1,1.1989,1,0.0,0,1.1989,0.0,0
1,1.1934,-1,-0.0985,1,1.3904,0.0,0
2,1.212,1,-0.0435,1,1.1795,0.0,0
1,1.2406,-1,-0.0161,3,1.128,0.0,0
1,1.2288,1,0.0,1,1.0011,0.0,0
1,1.0254,0,0.0,0,1.0254,0.0,0
1,1.2552,0,0.0,1,1.355,0.0,0
1,1.2666,1,0.0,0,1.2666,0.0,0
1,0.0697,0,0.0,28,0.0584,0.0,0
1,1.3904,0,0.1498,1,1.1934,0.0,0
17,0.1626,1,0.0133,34,0.0541,0.0,2
34,0.0606,0,-0.0,28,0.0541,0.0,2
23,0.0651,0,0.0033,3,0.0513,0.0,2
3,0.6967,-2,-0.0289,12,0.696,0.0002,0
15,0.0623,0,0.0032,28,0.0541,0.0021,2
1,0.8532,1,0.0,23,0.0513,0.0,0
12,0.696,4,-0.0152,4,0.6967,0.0313,1
28,0.0584,0,0.0,34,0.0541,0.0001,2
2,1.0609,2,0.0,0,1.0609,0.0,0
1,1.1685,-1,-0.0435,1,1.2421,0.0,0
14,0.056,4,-0.0002,3,0.0513,0.0005,2
1,1.077,1,0.0,0,1.077,0.0,0
14,0.0711,0,0.0065,34,0.0584,0.0,2
2,1.271,1,0.179,1,1.092,0.0005,0
1,1.1723,0,0.0,1,0.5935,0.0,0
1,1.3049,1,0.0,0,1.3049,0.0,0
1,0.0697,0,0.0,28,0.0584,0.0,0
3,1.1081,2,0.0232,1,1.2671,0.0455,0
1,1.2846,0,-0.0234,1,1.092,0.0,0
3,0.0552,-4,-0.0072,23,0.0513,0.0,0
2,1.2634,1,-0.1003,0,1.2634,0.0001,0
1,1.1989,0,0.0,0,1.1989,0.0,0
1,0.7509,-1,-0.0323,4,0.6967,0.0,0
2,1.2919,1,-0.0985,1,1.1529,0.0,0
1,1.2102,1,0.0,0,1.2102,0.0,0
2,1.1678,-1,0.0398,1,1.0485,0.0,0
2,1.1149,1,-0.1138,0,1.1149,0.008,0
1,1.3267,0,0.0,0,1.3267,0.0,0
4,0.7139,0,-0.0922,12,0.696,0.0288,1
1,1.1795,1,0.0,1,1.1799,0.0,0
1,0.0541,0,0.0,34,0.0584,0.0,0
1,1.1529,0,-0.0878,2,1.1678,0.0,0
1,1.307,0,0.0,0,1.307,0.0,0
1,1.1969,1,0.0,0,1.1969,0.0,0
1,1.3574,0,0.0,0,1.3574,0.0,0
1,0.5935,0,-0.0243,14,0.0552,0.0,0
1,1.1799,0,0.0,1,1.1795,0.0,0
1,1.0485,1,0.0,15,0.0623,0.0,0
1,1.308,1,0.0,1,1.2846,0.0,0
1,1.2555,0,0.0759,1,1.1685,0.0,0
1,1.0334,1,0.0,0,1.0334,0.0,0
1,1.2671,0,-0.0965,3,1.1081,0.0,0
1,1.092,1,0.0,2,1.271,0.0,0
1,1.2421,0,0.0,1,1.1685,0.0,0
1,1.2552,0,-0.0998,17,0.1626,0.0,0
1,1.3684,1,0.0,0,1.3684,0.0,0
1,1.2666,0,0.0,0,1.2666,0.0,0
1,1.1624,0,0.0,0,1.1624,0.0,0
1,0.0513,-1,-0.1979,23,0.0552,0.0,0
1,1.0254,1,0.0,0,1.0254,0.0,0
17,0.0859,3,0.0299,1,0.0513,0.0039,2
15,0.0606,0,-0.0016,26,0.0541,0.0009,2
1,1.1142,0,0.2611,23,0.0513,0.0,0
35,0.0606,1,-0.0,26,0.0541,0.0,2
13,0.0617,-1,-0.0094,35,0.0575,0.0,2
1,1.0254,1,0.0,0,1.0254,0.0,0
3,1.1921,1,0.0243,1,1.0485,0.0095,0
1,1.1969,0,0.0,0,1.1969,0.0,0
23,0.0658,0,0.0007,1,0.0513,0.0,2
1,1.3684,0,0.0,0,1.3684,0.0,0
26,0.0575,-2,-0.0009,35,0.0541,0.0001,2
4,0.1155,3,0.0458,26,0.0575,0.0,1
3,0.6761,-1,-0.0378,11,0.6758,0.0,0
1,0.0513,0,0.0,23,0.0589,0.0,0
4,0.698,1,0.0013,11,0.6758,0.0001,1
1,1.3904,0,0.2375,3,1.1921,0.0,0
1,1.3049,0,0.0,0,1.3049,0.0,0
2,1.271,0,0.0,1,1.092,0.0,0
16,0.1164,-1,-0.0462,35,0.0541,0.0,2
2,1.0609,0,0.0,0,1.0609,0.0,0
1,1.1989,1,0.0,0,1.1989,0.0,0
1,1.3574,1,0.0,1,1.077,0.0,0
1,1.1937,0,-0.0909,1,1.092,0.0,0
1,1.1795,0,0.0,1,1.2555,0.0,0
1,1.092,0,0.0,2,1.1937,0.0,0
1,1.3637,1,0.0,1,1.1631,0.0,0
1,1.1723,0,0.5787,17,0.0589,0.0,0
11,0.6758,-1,-0.0202,4,0.6761,0.0278,1
2,1.1149,0,0.0,0,1.1149,0.0007,0
1,1.3267,1,0.0,0,1.3267,0.0,0
1,0.0541,0,0.0,35,0.0575,0.0,0
1,1.308,0,0.0,1,1.1937,0.0,0
1,1.0334,0,0.0,0,1.0334,0.0,0
1,1.2102,0,0.0,0,1.2102,0.0,0
1,1.307,1,0.0,0,1.307,0.0,0
2,1.2053,1,0.0368,1,1.2555,0.0,0
3,1.1081,0,0.0,1,1.2671,0.0033,0
1,1.2552,0,0.0,16,0.1164,0.0,0
1,1.1631,-1,-0.1003,1,1.3637,0.0,0
1,0.0589,-2,0.0036,23,0.0513,0.0,0
1,1.0485,0,0.0,15,0.0606,0.0,0
1,1.2666,1,0.0,0,1.2666,0.0,0
1,1.1799,1,0.0,0,1.1799,0.0,0
1,1.1934,-1,-0.0985,1,1.3904,0.0,0
1,1.1624,0,0.0,0,1.1624,0.0,0
1,1.0568,1,0.0,0,1.0568,0.0,0
1,1.077,1,0.0,1,1.3574,0.0,0
1,1.2555,0,0.0,2,1.1795,0.0,0
1,1.2671,1,0.0,3,1.1081,0.0,0
2,1.2919,1,-0.0985,1,1.2406,0.0277,0
1,1.2288,1,0.0,1,1.0011,0.0,0
17,0.0873,0,0.0014,1,0.0513,0.0005,2
15,0.0576,0,-0.003,26,0.0541,0.0009,2
17,0.1597,1,0.0433,34,0.0541,0.0,2
1,1.1795,1,0.0,1,1.2555,0.0,0
4,0.1531,0,0.0376,26,0.0575,0.0,1
1,1.1989,0,0.0,0,1.1989,0.0,0
1,1.2666,1,0.0,0,1.2666,0.0,0
1,0.9153,1,0.0,13,0.7326,0.0,0
26,0.0575,0,0.0,34,0.0541,0.0001,2
34,0.0607,-1,0.0001,26,0.0541,0.0,2
23,0.0594,0,-0.0065,1,0.0513,0.0,2
14,0.0615,1,-0.0002,34,0.0575,0.0,2
13,0.7326,2,0.0568,1,0.7748,0.0239,1
2,1.0615,1,-0.2056,1,1.2012,0.0,0
1,1.1969,1,0.0,0,1.1969,0.0,0
1,1.3267,0,0.0,0,1.3267,0.0,0
1,1.2303,1,0.0,13,0.7326,0.0,0
1,1.307,1,0.0,0,1.307,0.0,0
1,1.2102,0,0.0,0,1.2102,0.0,0
1,1.3954,1,0.0,1,1.092,0.0,0
1,1.1799,1,0.0,0,1.1799,0.0,0
1,0.0518,0,-0.0071,23,0.0513,0.0,0
1,1.1624,1,0.0,0,1.1624,0.0,0
1,1.3574,0,0.0,0,1.3574,0.0,0
3,0.9879,2,-0.0606,15,0.0576,0.0001,0
1,0.7748,-3,0.0767,13,0.7326,0.0,0
1,1.2012,-2,0.0931,2,1.0615,0.0,0
1,1.0011,1,0.0,1,1.2288,0.0,0
2,1.108,1,0.0746,0,1.108,0.0007,0
1,1.1723,0,0.0,17,0.0518,0.0,0
1,1.092,0,0.0,1,1.1467,0.0,0
2,1.0609,2,0.0,0,1.0609,0.0,0
1,1.077,1,0.0,0,1.077,0.0,0
1,1.1685,0,-0.087,1,1.2421,0.0,0
1,1.2671,1,0.0,2,1.0615,0.0,0
1,1.1467,-1,-0.1243,1,1.092,0.0,0
1,1.0254,1,0.0,0,1.0254,0.0,0
1,1.2555,0,0.0759,1,1.1685,0.0,0
1,1.308,0,0.0,1,1.2846,0.0,0
1,1.2846,1,0.0,1,1.092,0.0,0
1,1.3684,1,0.0,1,1.1467,0.0,0
2,1.2634,1,-0.1003,0,1.2634,0.0,0
1,1.3049,1,0.0,0,1.3049,0.0,0
1,1.2406,-2,0.0485,3,0.9879,0.0,0
1,1.0568,0,0.0,0,1.0568,0.0,0
1,0.0541,0,0.0,34,0.0575,0.0,0
1,0.0513,0,0.0,23,0.0518,0.0,0
1,1.2421,-1,0.0368,1,1.1685,0.0,0
1,0.8099,-2,0.1339,13,0.7326,0.0,0
31,0.0606,-3,-0.0001,26,0.0572,0.0,2
26,0.0572,0,-0.0003,31,0.0576,0.0004,2
17,0.1234,0,-0.0363,31,0.0606,0.0,2
17,0.0616,3,0.0001,31,0.0572,0.0,2
17,0.0601,0,-0.0272,1,0.0513,0.0005,2
11,0.7188,-2,-0.0138,4,0.8093,0.0312,1
1,1.092,0,-0.1926,1,1.2846,0.0,0
15,0.0576,0,-0.0,26,0.0572,0.0016,2
4,0.8093,3,-0.106,11,0.7188,0.0231,1
23,0.0594,0,-0.0,1,0.0513,0.0,2
1,1.307,1,0.0,0,1.307,0.0,0
4,0.0678,0,-0.0853,26,0.0572,0.0001,1
1,1.1432,0,-0.087,11,0.7188,0.0,0
1,1.1467,0,-0.2487,1,1.3954,0.0,0
1,1.0341,0,-0.1382,17,0.0518,0.0,0
1,1.2555,0,0.0,1,1.1685,0.0,0
3,1.1649,1,0.1034,1,1.2671,0.0006,0
1,1.0568,1,0.0,1,1.2956,0.0,0
1,1.3049,0,0.0,0,1.3049,0.0,0
1,1.1989,0,0.0,0,1.1989,0.0,0
1,1.2666,0,0.0,0,1.2666,0.0,0
1,1.1631,-1,-0.1003,1,1.3637,0.0,0
1,1.308,1,0.0,1,1.2846,0.0,0
2,1.0609,0,0.0,0,1.0609,0.0,0
1,1.3637,1,0.0,1,1.1631,0.0,0
1,1.3267,0,0.0,0,1.3267,0.0,0
1,1.2846,0,-0.0234,1,1.092,0.0,0
1,1.3574,1,0.0,1,1.077,0.0,0
2,1.3155,1,0.0749,2,0.8603,0.001,0
1,1.077,0,0.0,1,1.3574,0.0,0
1,1.3684,0,0.0,0,1.3684,0.0,0
1,1.3954,1,0.0,1,1.092,0.0,0
1,1.1795,0,0.0,1,1.2555,0.0,0
1,1.2956,1,0.0,1,1.0568,0.0,0
2,0.8603,-1,-0.1277,15,0.0576,0.0,0
1,1.1685,0,0.0,1,1.2421,0.0,0
1,1.1969,0,0.0,0,1.1969,0.0,0
1,1.2102,1,0.0,0,1.2102,0.0,0
1,1.1827,-1,0.0746,1,1.0334,0.0,0
1,0.0513,0,0.0,23,0.0518,0.0,0
1,1.1934,-1,-0.0985,2,1.3155,0.0,0
1,0.6282,1,0.0,15,0.0576,0.0,0
1,1.1624,0,0.0,0,1.1624,0.0,0
1,1.1799,0,0.0,0,1.1799,0.0,0
1,1.2288,1,0.0,1,1.0011,0.0,0
1,0.6446,1,0.0,17,0.0616,0.0,0
1,1.2671,0,0.0,3,1.1649,0.0,0
1,1.2421,0,0.0,1,1.1685,0.0,0
1,1.0254,0,0.0,0,1.0254,0.0,0
1,0.0518,0,0.0,23,0.0513,0.0,0
1,1.0011,0,0.0,1,1.2288,0.0,0
1,1.0334,1,0.0,1,1.1827,0.0,0
26,0.0572,0,0.0,32,0.0576,0.0001,2
1,1.3904,-1,0.0749,3,0.8468,0.0,0
9,0.7666,-2,0.0478,1,0.9982,0.0156,1
15,0.0576,0,0.0,26,0.0572,0.0009,2
1,1.1934,0,0.0,1,1.3904,0.0,0
1,1.0254,0,0.0,0,1.0254,0.0,0
16,0.0973,-1,-0.026,32,0.0605,0.0,2
1,1.1467,1,0.0,1,1.092,0.0,0
23,0.0583,0,-0.0011,1,0.0513,0.0,2
18,0.0552,1,-0.0049,1,0.0513,0.0005,2
32,0.0605,1,-0.0001,26,0.0572,0.0,2
1,1.1795,0,0.0,2,1.212,0.0,0
1,1.1989,1,0.0,0,1.1989,0.0,0
1,0.9982,0,-0.145,9,0.7666,0.0,0
1,1.3125,1,0.0,1,1.1827,0.0,0
2,1.212,1,-0.0435,1,1.1795,0.0,0
4,0.0678,0,0.0,26,0.0572,0.0,1
17,0.0616,0,0.0,32,0.0572,0.0,2
1,1.1624,1,0.0,0,1.1624,0.0,0
1,0.0513,0,0.0,23,0.0552,0.0,0
1,0.6282,0,0.0,15,0.0576,0.0,0
1,1.2666,1,0.0,0,1.2666,0.0,0
1,1.3574,0,0.2803,1,1.077,0.0,0
1,1.2421,0,0.0736,2,1.212,0.0,0
3,0.8468,1,-0.0135,15,0.0576,0.0001,0
1,1.2956,0,0.0,1,1.0568,0.0,0
1,1.1799,0,0.0,0,1.1799,0.0,0
1,1.308,1,0.0,0,1.308,0.0,0
2,1.0609,0,0.0,0,1.0609,0.0,0
1,1.3267,1,0.0,0,1.3267,0.0,0
1,1.0011,0,0.0,1,1.2288,0.0,0
1,1.0849,0,-0.1823,2,1.2049,0.0,0
1,1.307,1,0.0,0,1.307,0.0,0
1,0.6747,0,-0.3593,18,0.0552,0.0,0
1,0.9156,0,0.271,17,0.0616,0.0,0
1,1.1969,0,0.0,0,1.1969,0.0,0
1,1.2102,0,0.0,0,1.2102,0.0,0
1,1.3684,1,0.0,1,1.1467,0.0,0
1,1.3636,1,0.0,1,1.0849,0.0,0
1,1.2288,0,0.0,1,1.0011,0.0,0
1,1.2846,0,0.0,1,1.092,0.0,0
1,1.1827,0,0.0,1,1.0334,0.0,0
1,1.3049,1,0.0,0,1.3049,0.0,0
1,1.092,0,0.0,1,1.1467,0.0,0
2,1.2634,1,-0.1003,0,1.2634,0.0,0
2,1.2049,-1,0.04,1,1.0849,0.0008,0
1,1.0334,0,0.0,1,1.1827,0.0,0
1,1.3954,0,0.0,1,1.092,0.0,0
1,1.0568,0,0.0,1,1.2956,0.0,0
1,1.077,1,0.0,1,1.3574,0.0,0
18,0.0552,0,0.0,1,0.0513,0.0005,2
18,0.0612,1,-0.0003,32,0.0573,0.0,2
23,0.0583,0,0.0,1,0.0513,0.0,2
15,0.0576,0,0.0,24,0.0573,0.0009,2
1,1.1827,0,0.1493,1,1.0334,0.0,0
15,0.094,-1,-0.0033,32,0.0605,0.0,2
1,1.2956,0,0.2388,1,1.0568,0.0,0
32,0.0605,0,-0.0,24,0.0573,0.0,2
24,0.0573,-2,0.0002,32,0.0576,0.0001,2
3,1.1649,2,0.08,1,1.3636,0.0001,0
1,1.3267,0,0.0,0,1.3267,0.0,0
2,1.1149,1,-0.1138,0,1.1149,0.0016,0
1,1.2102,1,0.0,0,1.2102,0.0,0
1,1.1934,0,-0.197,2,1.1254,0.0,0
3,0.6752,2,0.0469,15,0.0576,0.0,0
1,1.308,0,0.0,1,1.2846,0.0,0
8,0.8438,-1,0.0772,1,0.8553,0.0157,1
1,1.3574,0,0.0,1,1.077,0.0,0
1,1.3636,0,0.0,3,1.1649,0.0,0
1,1.1989,0,0.0,0,1.1989,0.0,0
1,1.1969,1,0.0,0,1.1969,0.0,0
6,0.0636,2,-0.0042,24,0.0573,0.0,1
2,1.0609,2,0.0,0,1.0609,0.0,0
1,1.0334,1,0.0,1,1.1827,0.0,0
1,1.3637,1,0.0,1,1.1631,0.0,0
1,1.0254,1,0.0,0,1.0254,0.0,0
2,1.1254,-1,0.2786,15,0.0576,0.0001,0
1,1.3684,0,0.0,0,1.3684,0.0,0
2,1.271,1,-0.1243,1,1.092,0.0026,0
1,1.3049,1,0.0,0,1.3049,0.0,0
1,1.077,0,0.0,1,1.3574,0.0,0
1,1.3125,0,0.1298,1,1.1827,0.0,0
1,1.0606,1,0.0,1,1.2956,0.0,0
1,1.2846,1,0.0,1,1.092,0.0,0
1,1.1799,1,0.0,0,1.1799,0.0,0
1,1.1795,1,0.0,1,1.2555,0.0,0
1,1.2421,0,0.0,1,1.1685,0.0,0
1,1.1685,-1,-0.0435,1,1.2421,0.0,0
1,1.307,1,0.0,0,1.307,0.0,0
1,1.0568,1,0.0,1,1.2956,0.0,0
1,1.092,0,-0.1926,2,1.271,0.0,0
1,0.8553,1,0.0,8,0.8438,0.0,0
1,1.1624,0,0.0,0,1.1624,0.0,0
1,1.2555,0,0.0759,1,1.1685,0.0,0
1,0.6471,1,0.0,23,0.0513,0.0,0
1,1.2666,0,0.0,0,1.2666,0.0,0
1,1.1263,1,0.0,6,0.0636,0.0,0
1,0.0513,0,0.0,23,0.0552,0.0,0
1,1.1631,-1,-0.1003,1,1.3637,0.0,0
23,0.0583,0,0.0,1,0.0513,0.0,2
14,0.0853,-1,-0.0088,33,0.0603,0.0,2
33,0.0603,1,-0.0002,24,0.0573,0.0,2
15,0.0576,0,0.0,24,0.0573,0.0009,2
1,1.0254,0,0.0,0,1.0254,0.0,0
1,1.0085,1,0.0,1,1.1132,0.0,0
24,0.0573,0,0.0,33,0.0576,0.0001,2
3,0.6636,0,-0.0115,15,0.0576,0.0,0
18,0.0612,0,0.0,33,0.0573,0.0,2
1,1.2666,0,0.0,1,1.3636,0.0,0
2,0.9884,0,-0.1369,15,0.0576,0.0,0
1,1.307,0,0.0,0,1.307,0.0,0
3,1.1924,3,0.0,0,1.1924,0.0325,0
19,0.0689,1,0.0137,1,0.0513,0.0005,2
1,1.3637,1,0.0,1,1.1631,0.0,0
1,1.1631,0,-0.2005,1,1.3637,0.0,0
2,1.212,1,-0.0435,1,1.1795,0.0,0
6,0.0636,0,0.0,24,0.0573,0.0,1
1,1.3574,1,0.0,1,1.077,0.0,0
1,1.0334,0,0.0,1,1.1827,0.0,0
1,1.1969,0,0.0,0,1.1969,0.0,0
1,1.1132,-1,0.0523,1,1.0085,0.0,0
1,1.1827,0,0.0,1,1.0334,0.0,0
1,1.0568,0,0.0,1,1.0606,0.0,0
1,1.3267,1,0.0,23,0.0583,0.0,0
1,1.1799,0,0.0,0,1.1799,0.0,0
1,1.2102,0,0.0,0,1.2102,0.0,0
1,1.092,1,0.0,1,1.3954,0.0,0
1,1.2421,0,0.0736,2,1.212,0.0,0
1,1.1624,0,0.0,0,1.1624,0.0,0
2,1.0277,1,0.1724,1,0.8465,0.0099,0
1,0.8465,-7,0.0027,2,1.0277,0.0,0
1,1.308,1,0.0,1,1.2846,0.0,0
1,1.2769,1,0.0,0,1.2769,0.0,0
1,1.077,0,0.0,1,1.3574,0.0,0
1,1.2846,0,-0.0234,1,1.308,0.0,0
1,1.1795,0,0.0,2,1.212,0.0,0
1,1.3125,0,0.0,1,1.1827,0.0,0
1,1.2956,1,0.0,1,1.0568,0.0,0
1,1.3049,1,0.0,0,1.3049,0.0,0
1,1.0011,-1,-0.1138,1,1.2288,0.0,0
1,1.1934,0,0.0,2,0.9884,0.0,0
1,1.3684,1,0.0,1,1.1467,0.0,0
1,1.1989,1,0.0,0,1.1989,0.0,0
1,1.3954,0,0.3033,1,1.092,0.0,0
1,1.2288,1,0.0,1,1.0011,0.0,0
1,1.3636,1,0.0,1,1.2666,0.0,0
1,1.0606,0,-0.235,1,1.0568,0.0,0
1,0.0513,0,0.0,23,0.0583,0.0,0
1,1.1467,-1,-0.1243,1,1.3684,0.0,0
23,0.057,-1,-0.0003,33,0.0576,0.0001,2
1,1.1989,1,0.0,0,1.1989,0.0,0
5,0.6713,2,0.0077,15,0.0576,0.0,1
14,0.0789,0,-0.0063,33,0.0603,0.0,2
18,0.0612,0,0.0,33,0.057,0.0,2
33,0.0603,0,-0.0,23,0.057,0.0,2
18,0.0613,-1,-0.0076,2,0.0591,0.0005,2
23,0.0579,0,-0.0004,2,0.0591,0.0,2
1,1.3049,0,0.0,0,1.3049,0.0,0
7,0.0636,1,0.0001,23,0.057,0.0,1
1,1.2846,0,0.0,1,1.092,0.0,0
15,0.0576,0,-0.0,23,0.057,0.0009,2
1,1.1467,1,0.0,1,1.3954,0.0,0
1,1.2956,0,0.0,1,1.0568,0.0,0
2,0.0591,1,0.0078,23,0.0579,0.0164,0
1,1.0606,0,0.0,1,1.0568,0.0,0
1,1.092,1,0.0,1,1.2846,0.0,0
3,1.1924,0,0.0,0,1.1924,0.1383,0
1,1.3125,0,0.1298,2,1.108,0.0,0
1,1.3636,0,0.0,0,1.3636,0.0,0
1,1.1799,1,0.0,0,1.1799,0.0,0
1,1.2288,0,0.0,1,1.0011,0.0,0
2,1.108,1,0.0746,1,1.3125,0.0,0
1,1.2421,0,0.0,1,1.1685,0.0,0
1,1.3954,0,0.0,1,1.092,0.0,0
1,1.3684,0,0.0,0,1.3684,0.0,0
1,1.1685,-1,-0.0435,1,1.2421,0.0,0
1,1.3574,0,0.0,1,1.077,0.0,0
2,1.0609,2,0.0,0,1.0609,0.0403,0
1,1.2102,1,0.0,0,1.2102,0.0,0
1,1.1631,0,0.0,1,1.3637,0.0,0
1,1.1934,-1,0.2049,15,0.0576,0.0,0
1,1.1969,1,0.0,0,1.1969,0.0,0
1,1.1408,1,0.0,1,1.0606,0.0,0
1,1.0011,0,0.0,1,1.2288,0.0,0
1,1.077,1,0.0,1,1.3574,0.0,0
1,1.2666,1,0.0,0,1.2666,0.0,0
1,1.3267,1,0.0,23,0.0579,0.0,0
1,1.307,1,0.0,0,1.307,0.0,0
1,1.2555,0,0.0759,1,1.1685,0.0,0
1,1.2769,1,0.0,0,1.2769,0.0,0
1,1.1795,1,0.0,1,1.2555,0.0,0
1,1.1624,1,0.0,0,1.1624,0.0,0
1,1.3637,0,0.0,1,1.1631,0.0,0
1,1.0254,1,0.0,18,0.0613,0.0,0
1,1.308,0,0.0,1,1.2846,0.0,0
1,1.0568,0,0.0,1,1.0606,0.0,0
22,0.057,-1,-0.0,33,0.0576,0.0001,2
13,0.0762,-1,-0.0028,33,0.0601,0.0,2
1,1.3125,0,0.0,1,1.1827,0.0,0
33,0.0601,0,-0.0003,22,0.057,0.0,2
2,1.2053,1,0.0368,1,1.2555,0.0,0
2,0.0591,0,0.0,23,0.0579,0.0164,0
2,1.2172,1,0.1402,0,1.2172,0.061,0
1,1.2769,0,0.0,0,1.2769,0.0,0
1,1.1795,0,0.0,1,0.7636,0.0,0
19,0.0612,1,0.0,33,0.057,0.0,2
18,0.0598,0,-0.0015,2,0.0591,0.0005,2
23,0.0579,0,0.0,2,0.0591,0.0,2
15,0.0576,0,0.0,22,0.057,0.0009,2
8,0.0628,1,-0.0008,22,0.057,0.0,2
1,1.1624,0,0.0,0,1.1624,0.0,0
1,1.1467,0,-0.2487,2,1.2437,0.0,0
2,1.1762,2,0.0,0,1.1762,0.0052,0
2,1.2437,1,0.1517,1,1.1467,0.0002,0
1,1.0011,0,-0.2277,1,1.2288,0.0,0
1,1.308,1,0.0,0,1.308,0.0,0
2,1.0609,0,0.0,0,1.0609,0.0452,0
1,0.653,1,0.0,4,0.6958,0.0,0
4,0.6958,-1,0.0245,15,0.0576,0.0,1
1,1.2012,0,0.0604,1,1.0606,0.0,0
1,1.3684,1,0.0,1,1.1467,0.0,0
2,1.1423,-1,-0.0501,1,1.2927,0.0008,0
1,1.2927,1,0.0,2,1.1423,0.0,0
1,1.0606,0,0.0,1,1.1408,0.0,0
1,1.1934,0,0.0,15,0.0576,0.0,0
1,1.1969,1,0.0,0,1.1969,0.0,0
1,1.1989,1,0.0,0,1.1989,0.0,0
1,1.307,0,0.0,0,1.307,0.0,0
1,1.0334,1,0.0,1,1.1827,0.0,0
1,1.2846,0,0.0,2,1.2437,0.0,0
1,1.1631,0,-0.2005,1,1.3637,0.0,0
1,1.2555,0,0.0,2,1.1795,0.0,0
1,1.1827,-1,0.0746,1,1.0334,0.0,0
1,1.3049,1,0.0,0,1.3049,0.0,0
1,1.3637,1,0.0,1,1.1631,0.0,0
1,1.3636,1,0.0,1,1.2927,0.0,0
1,1.0254,0,0.0,18,0.0598,0.0,0
1,1.2102,0,0.0,0,1.2102,0.0,0
1,1.1799,0,0.0,0,1.1799,0.0,0
1,1.2288,1,0.0,1,1.0011,0.0,0
1,0.7636,0,-0.5631,23,0.0579,0.0,0
1,1.2666,1,0.0,0,1.2666,0.0,0
1,1.1408,1,0.0,1,1.0606,0.0,0
24,0.0808,1,0.0229,2,0.0591,-0.0,2
22,0.057,0,-0.0,32,0.0576,0.0001,2
8,0.0628,0,0.0,22,0.057,0.0,2
1,1.1799,1,0.0,0,1.1799,0.0,0
32,0.0594,-1,-0.0007,22,0.057,0.0,2
1,1.0334,0,0.0,2,1.2476,0.0,0
21,0.0618,2,0.0006,32,0.057,0.0,2
18,0.0567,0,-0.0031,2,0.0591,0.0005,2
1,1.3049,0,0.0,0,1.3049,0.0,0
1,1.1467,0,0.0,1,1.092,0.0,0
3,1.162,2,-0.1307,1,1.2671,0.0004,0
3,0.8794,2,0.2264,2,0.7426,0.0,0
15,0.0576,0,0.0,22,0.057,0.0009,2
1,0.715,0,-0.4783,15,0.0576,0.0,0
12,0.0754,-1,-0.0007,32,0.0594,0.0,2
1,1.2012,0,0.0604,1,1.1408,0.0,0
2,1.2476,1,0.0649,1,1.0334,0.0,0
1,1.2846,1,0.0,1,1.308,0.0,0
1,1.3574,-1,0.1402,1,1.077,0.0,0
1,1.092,-1,-0.1517,1,1.1467,0.0,0
1,1.1132,1,0.0,32,0.0594,0.0,0
1,1.1795,1,0.0,1,1.2555,0.0,0
1,1.0606,1,0.0,2,1.1408,0.0,0
1,1.307,1,0.0,0,1.307,0.0,0
1,1.2666,0,0.0,0,1.2666,0.0,0
2,0.7426,-2,0.0468,15,0.0576,0.0,0
2,1.1762,0,0.0,1,1.0606,0.0,0
1,1.2421,-1,0.0368,1,1.1685,0.0,0
1,1.1685,0,-0.087,1,1.2421,0.0,0
1,1.2769,1,0.0,0,1.2769,0.0,0
1,1.2102,0,0.0,0,1.2102,0.0,0
1,1.308,0,0.0,1,1.2846,0.0,0
1,1.1408,0,0.0801,1,1.0606,0.0,0
1,1.1631,0,0.0,1,1.3637,0.0,0
2,0.0591,0,0.0,24,0.0567,0.0164,0
1,1.2555,0,0.0759,1,1.1685,0.0,0
1,1.3954,0,0.1108,1,1.092,0.0,0
1,1.3684,0,0.0,1,1.1467,0.0,0
1,1.2595,1,0.0,0,1.2595,0.0,0
1,1.0011,0,0.0,1,1.2288,0.0,0
1,1.0254,0,0.0,18,0.0567,0.0,0
1,1.0085,-1,-0.0523,1,1.1132,0.0,0
1,1.2671,0,-0.0965,3,1.162,0.0,0
1,1.3637,0,0.0,1,1.1631,0.0,0
1,1.077,1,0.0,1,1.3574,0.0,0
1,1.1969,1,0.0,0,1.1969,0.0,0
1,1.2288,0,0.0,1,1.0011,0.0,0
1,1.1989,0,0.0,0,1.1989,0.0,0
1,1.1624,1,0.0,0,1.1624,0.0,0
22,0.057,0,0.0,33,0.0576,0.0001,2
24,0.0808,0,0.0,4,0.0572,0.0,2
11,0.0661,-1,-0.0093,33,0.0592,0.0,2
16,0.0547,-2,-0.002,4,0.0572,0.0005,2
33,0.0592,1,-0.0003,22,0.057,0.0,2
2,1.101,-1,-0.0609,2,1.2799,0.0002,0
15,0.0576,0,0.0,22,0.057,0.0009,2
1,1.092,1,0.0,1,1.1467,0.0,0
21,0.0618,0,0.0,33,0.057,0.0,2
8,0.0628,0,0.0,22,0.057,0.0,2
1,1.2666,1,0.0,0,1.2666,0.0,0
1,1.3954,0,0.0,1,1.092,0.0,0
2,1.2172,1,0.1402,0,1.2172,0.0008,0
1,1.2956,1,0.0,1,1.0568,0.0,0
1,1.1799,0,0.0,0,1.1799,0.0,0
1,1.0568,1,0.0,1,1.0606,0.0,0
1,1.3684,0,0.2217,1,1.1467,0.0,0
1,1.0085,1,0.0,1,1.1132,0.0,0
1,1.2846,0,-0.0234,1,1.308,0.0,0
2,1.108,1,0.0746,1,1.3125,0.0,0
1,1.2769,0,0.0,0,1.2769,0.0,0
2,1.2799,1,0.0128,2,1.101,0.0124,0
3,0.7213,1,-0.0213,15,0.0576,0.0,0
1,1.1631,0,-0.2005,1,1.3637,0.0,0
1,1.2555,0,0.0,1,1.1685,0.0,0
1,1.308,1,0.0,1,1.2846,0.0,0
3,1.0388,0,0.1594,3,0.7213,0.0,0
1,1.1685,0,0.0,1,1.2421,0.0,0
1,1.2102,1,0.0,0,1.2102,0.0,0
4,0.0572,2,-0.0019,24,0.0547,0.0124,1
1,1.2753,1,0.0,0,1.2753,0.0,0
1,1.0011,0,-0.2277,1,1.2288,0.0,0
1,1.3637,1,0.0,1,1.1631,0.0,0
1,1.1969,0,0.0,0,1.1969,0.0,0
2,1.171,1,0.0302,0,1.171,0.0003,0
1,1.2595,1,0.0,0,1.2595,0.0,0
1,1.3049,1,0.0,0,1.3049,0.0,0
1,1.1989,1,0.0,1,0.566,0.0,0
1,1.3125,-1,0.0649,2,1.108,0.0,0
1,1.1624,0,0.0,0,1.1624,0.0,0
1,1.2288,1,0.0,1,1.0011,0.0,0
1,1.307,0,0.0,0,1.307,0.0,0
1,1.1795,0,0.0,1,1.2555,0.0,0
1,1.2421,0,0.0,1,1.1685,0.0,0
1,1.0606,-1,-0.1156,1,1.0568,0.0,0
1,1.1132,0,0.0,33,0.0592,0.0,0
1,0.566,0,-0.4594,16,0.0547,0.0,0
1,1.1467,0,0.0547,1,1.092,0.0,0
9,0.0626,1,-0.0002,22,0.057,0.0,2
34,0.0587,1,-0.0005,22,0.057,0.0,2
22,0.057,0,-0.0,34,0.0587,0.0001,2
14,0.0551,-2,0.0004,6,0.0554,0.0003,2
1,1.2555,0,0.0759,1,0.6072,0.0,0
21,0.0621,0,0.0002,34,0.057,0.0,2
9,0.0703,-2,0.0042,34,0.0587,0.0,2
23,0.0579,-1,-0.0229,6,0.0554,0.0,2
15,0.0639,0,0.0063,22,0.057,0.0009,2
1,1.2846,0,0.0,1,1.308,0.0,0
1,1.3954,1,0.0,1,1.2846,0.0,0
1,1.1685,0,-0.087,1,0.6072,0.0,0
3,1.162,1,-0.118,1,1.2671,0.0017,0
1,1.2012,-1,0.0302,1,1.1408,0.0,0
1,1.1989,0,0.0,0,1.1989,0.0,0
6,0.0554,2,-0.0018,23,0.0551,0.0125,1
3,0.805,0,-0.2338,2,0.715,0.0,0
1,1.2769,1,0.0,0,1.2769,0.0,0
1,1.092,0,0.0,1,1.1467,0.0,0
1,0.6072,1,0.0,23,0.0579,0.0,0
1,1.0011,0,0.0,1,1.2288,0.0,0
1,1.2595,0,0.0,0,1.2595,0.0,0
1,1.0334,1,0.0,2,1.2476,0.0,0
1,1.2753,1,0.0,0,1.2753,0.0,0
1,1.3049,0,0.0,0,1.3049,0.0,0
1,1.3574,-1,0.1402,1,1.077,0.0,0
1,1.1132,1,0.0,21,0.0621,0.0,0
1,1.1624,1,0.0,0,1.1624,0.0,0
1,1.1408,1,0.0,1,1.0606,0.0,0
1,1.308,0,0.0,1,1.2846,0.0,0
1,1.2288,0,0.0,1,1.0011,0.0,0
1,1.2421,0,0.0736,1,1.1685,0.0,0
1,1.2666,0,0.0,0,1.2666,0.0,0
1,1.1799,1,0.0,0,1.1799,0.0,0
1,1.3684,0,0.0,1,1.1467,0.0,0
1,0.5419,1,0.0,23,0.0551,0.0,0
1,1.2102,0,0.0,0,1.2102,0.0,0
1,0.715,-2,-0.0063,15,0.0639,0.0,0
1,1.307,1,0.0,0,1.307,0.0,0
2,1.1762,1,0.1194,1,1.0606,0.0,0
1,1.1795,1,0.0,1,1.2555,0.0,0
1,1.3637,0,0.0,1,1.1631,0.0,0
2,1.2476,0,0.1395,1,1.0334,0.0,0
1,1.077,1,0.0,1,1.3574,0.0,0
1,1.2671,1,0.0,3,1.162,0.0,0
1,1.0085,0,0.0,1,1.1132,0.0,0
1,1.1467,0,0.0,1,1.092,0.0,0
1,1.1969,1,0.0,0,1.1969,0.0,0
1,1.0606,0,0.0,2,1.1408,0.0,0
2,1.0869,2,0.0,3,0.805,0.0,0
1,1.1631,0,0.0,1,1.3637,0.0,0
32,0.0584,-2,-0.0003,23,0.057,0.0,2
2,1.171,1,0.0302,1,1.0606,0.0409,0
23,0.0579,0,-0.0,6,0.0554,0.0,2
9,0.065,0,-0.0053,32,0.0584,0.0,2
15,0.086,1,0.0308,6,0.0554,0.0003,2
3,1.0859,1,-0.001,2,1.144,0.0,0
15,0.065,0,0.0011,22,0.057,0.0009,2
9,0.0626,0,-0.0,23,0.057,0.0,2
22,0.057,0,0.0,32,0.0584,0.0001,2
23,0.0621,2,0.0001,32,0.057,0.0,2
1,1.092,1,0.0,1,1.1467,0.0,0
1,1.1969,0,0.0,0,1.1969,0.0,0
2,1.144,-1,0.339,3,0.7713,0.0,0
1,1.1685,0,0.0,1,0.6072,0.0,0
3,1.162,0,0.0,0,1.162,0.003,0
1,1.3125,-1,0.0649,2,1.108,0.0,0
1,1.1989,1,0.0,15,0.086,0.0,0
1,1.2288,1,0.0,1,1.0011,0.0,0
1,1.0085,0,0.0,1,1.1132,0.0,0
1,1.1132,0,0.0,23,0.0621,0.0,0
1,1.3954,0,0.0,1,1.092,0.0,0
1,1.2846,0,0.0,1,1.092,0.0,0
1,1.1631,0,0.0,0,1.1631,0.0,0
1,1.2102,1,0.0,0,1.2102,0.0,0
1,1.2555,0,0.0,1,0.6072,0.0,0
1,1.2769,0,0.0,0,1.2769,0.0,0
1,1.2753,0,0.0,1,1.3046,0.0,0
1,1.2666,1,0.0,0,1.2666,0.0,0
1,1.1795,0,0.0,1,1.2555,0.0,0
6,0.0554,0,-0.0,23,0.0579,0.0164,1
1,1.2595,1,0.0,0,1.2595,0.0,0
2,1.108,1,0.0746,1,1.3125,0.0,0
2,1.2172,1,0.1402,0,1.2172,0.0,0
1,1.3046,1,0.0,1,1.2753,0.0,0
1,1.1467,1,0.0,1,1.092,0.0,0
1,1.0606,0,0.0,2,1.0568,0.0,0
1,1.3637,1,0.0,15,0.065,0.0,0
1,1.3049,1,0.0,0,1.3049,0.0,0
1,1.0011,0,-0.2277,1,1.2288,0.0,0
1,1.3636,1,0.0,0,1.3636,0.0,0
1,1.1624,1,0.0,0,1.1624,0.0,0
1,1.307,0,0.0,0,1.307,0.0,0
1,1.0568,-1,-0.1194,1,1.0606,0.0,0
1,0.6072,0,0.0,23,0.0579,0.0,0
1,1.3684,1,0.0,1,1.1467,0.0,0
1,0.7713,0,0.0563,15,0.065,0.0,0
1,1.2421,0,0.0,1,1.1685,0.0,0
1,1.308,1,0.0,1,1.2846,0.0,0
1,1.2956,1,0.0,1,1.0568,0.0,0
15,0.0607,0,-0.0043,22,0.057,0.0009,2
39,0.0587,7,0.0002,23,0.057,0.0,2
1,1.2666,0,0.0,0,1.2666,0.0,0
14,0.0757,-1,-0.0103,7,0.0561,0.0003,2
23,0.0621,0,-0.0,39,0.057,0.0,2
22,0.057,0,0.0,39,0.0587,0.0001,2
9,0.0626,0,0.0,23,0.057,0.0,2
23,0.0579,0,0.0,7,0.0561,0.0,2
2,1.2172,0,0.0,0,1.2172,0.1934,0
1,1.2421,0,0.0736,1,0.6072,0.0,0
1,1.2012,-1,0.0302,1,1.1408,0.0,0
3,1.1762,1,0.0682,0,1.1762,0.0,0
1,1.3954,0,0.1108,1,1.092,0.0,0
7,0.0561,1,0.0007,23,0.0579,0.0156,1
1,1.1631,1,0.0,1,1.3637,0.0,0
1,1.2102,0,0.0,0,1.2102,0.0,0
1,1.1989,0,0.0,14,0.0757,0.0,0
1,1.0011,0,0.0,1,1.2288,0.0,0
1,1.2555,0,0.0759,1,1.1685,0.0,0
1,1.1132,0,0.0,23,0.0621,0.0,0
1,1.3049,0,0.0,0,1.3049,0.0,0
1,1.2846,0,-0.0234,1,1.308,0.0,0
1,1.2595,0,0.0,0,1.2595,0.0,0
1,1.2769,1,0.0,0,1.2769,0.0,0
2,1.2576,1,0.1109,1,1.092,0.0095,0
1,1.3046,0,0.0294,1,1.2753,0.0,0
2,0.0823,-7,0.0172,39,0.0587,0.0,0
2,1.1762,1,-0.1194,1,1.0606,0.0377,0
1,1.1795,1,0.0,1,1.2555,0.0,0
1,1.1624,1,0.0,0,1.1624,0.0,0
1,1.0395,1,0.0,0,1.0395,0.0,0
2,1.1914,0,0.0474,2,0.715,0.0,0
1,1.092,0,0.0,2,1.2576,0.0,0
1,1.0085,1,0.0,1,1.1132,0.0,0
1,1.3637,0,0.0,15,0.0607,0.0,0
1,1.308,1,0.0,1,1.2846,0.0,0
1,1.1685,0,-0.087,1,0.6072,0.0,0
1,1.2288,0,0.0,1,1.0011,0.0,0
1,0.715,0,-0.0563,15,0.0607,0.0,0
1,1.0606,1,0.0,2,1.1408,0.0,0
1,1.307,0,0.0,0,1.307,0.0,0
1,0.6072,0,0.0,23,0.0579,0.0,0
2,1.1423,2,0.0,1,1.2012,0.0,0
1,1.1408,0,0.0801,1,1.0606,0.0,0
1,1.1969,1,0.0,0,1.1969,0.0,0
1,1.2012,1,0.0,2,1.1423,0.0,0
2,1.0009,-1,-0.0851,2,1.1914,0.0,0
1,1.2243,1,0.0,2,1.0009,0.0,0
1,1.2753,1,0.0,1,1.3046,0.0,0
1,1.2671,0,-0.0965,2,1.1423,0.0,0
10,0.062,1,-0.0007,24,0.0571,0.0,2
24,0.0617,1,-0.0004,40,0.0571,0.0,2
1,0.9135,0,-0.4501,15,0.0576,0.0,0
13,0.0656,-1,-0.0101,8,0.0567,0.0003,2
2,1.2576,0,0.0,1,1.092,0.0008,0
1,1.0395,1,0.0,1,1.2595,0.0,0
40,0.0595,1,0.0008,24,0.0571,0.0,2
1,1.1969,0,0.0,0,1.1969,0.0,0
8,0.0567,1,0.0007,23,0.0579,0.0147,2
23,0.0579,0,-0.0,8,0.0567,0.0,2
2,1.1507,1,-0.0736,3,1.1984,0.0,0
1,1.2666,1,0.0,0,1.2666,0.0,0
2,1.3138,1,0.0091,1,1.2753,0.0078,0
15,0.0576,0,-0.0031,21,0.0571,0.0009,2
21,0.0571,-1,0.0001,40,0.0576,0.0001,2
2,1.2053,1,0.0368,1,0.7323,0.0011,0
1,1.1624,0,0.0,0,1.1624,0.0,0
1,1.308,1,0.0,1,1.0011,0.0,0
3,1.1984,1,0.1976,2,0.7432,0.0,0
1,1.3636,1,0.0,1,1.2927,0.0,0
1,1.2846,0,0.0,1,1.3954,0.0,0
2,1.1423,0,0.0,1,1.2927,0.0001,0
2,1.2476,-1,0.0714,1,1.0334,0.0,0
1,1.0606,1,0.0,2,1.0568,0.0,0
1,1.1795,0,0.0,1,1.2555,0.0,0
1,1.2956,1,0.0,1,1.0568,0.0,0
1,1.2102,1,0.0,0,1.2102,0.0,0
1,1.0568,-1,-0.1194,1,1.0606,0.0,0
2,1.171,1,0.0302,1,1.0606,0.0012,0
1,1.2753,0,0.0,2,1.3138,0.0,0
1,1.1989,0,0.0,13,0.0656,0.0,0
1,1.2288,1,0.0,0,1.2288,0.0,0
1,1.2555,0,0.0,2,1.1795,0.0,0
1,1.1132,1,0.0,1,1.0085,0.0,0
1,1.1631,0,0.0,1,0.9135,0.0,0
1,1.077,1,0.0,1,1.3574,0.0,0
1,1.2769,0,0.0,0,1.2769,0.0,0
1,1.3954,1,0.0,1,1.2846,0.0,0
1,1.307,1,0.0,0,1.307,0.0,0
1,1.0011,0,0.0,1,1.308,0.0,0
1,1.092,0,0.0,2,1.2576,0.0,0
1,1.3049,1,0.0,0,1.3049,0.0,0
1,1.3574,1,0.0,1,1.077,0.0,0
1,1.2595,0,0.0,1,1.0395,0.0,0
1,1.0085,0,0.0,1,1.1132,0.0,0
1,1.0334,1,0.0,2,1.2476,0.0,0
1,0.7323,0,0.1251,23,0.0579,0.0,0
1,0.7432,-1,-0.4483,3,1.1984,0.0,0
1,1.2927,0,0.0255,2,1.1423,0.0,0
1,1.1624,1,0.0,0,1.1624,0.0,0
1,1.1132,0,0.0,1,1.0085,0.0,0
23,0.0579,0,0.0,12,0.0568,0.0,2
39,0.059,-1,-0.0005,24,0.0571,0.0,2
1,1.0395,0,0.0,0,1.0395,0.0,0
10,0.1138,-3,0.0482,12,0.0568,0.0127,2
12,0.0568,4,0.0001,23,0.0579,0.0053,2
2,1.2531,0,-0.0607,1,1.2124,0.0167,0
21,0.0571,0,0.0,39,0.0551,0.0001,2
11,0.0616,1,-0.0004,24,0.0551,0.0,2
24,0.062,0,0.0003,39,0.0571,0.0,2
1,1.2124,0,-0.0629,2,1.2531,0.0,0
1,1.3517,1,0.0,2,1.0146,0.0,0
14,0.0606,-1,0.003,21,0.0551,0.0004,2
1,1.2666,0,0.0,0,1.2666,0.0,0
2,1.108,1,0.0746,1,1.3125,0.0,0
1,0.0551,1,0.0,21,0.0571,0.0,0
1,1.2846,1,0.0,1,1.308,0.0,0
2,1.2053,0,0.0,1,1.0139,0.026,0
1,1.3574,0,0.0,1,1.077,0.0,0
1,1.077,0,0.0,1,1.3574,0.0,0
2,1.171,0,0.0,0,1.171,0.0002,0
1,1.1631,0,0.2496,14,0.0606,0.0,0
1,1.2595,1,0.0,0,1.2595,0.0,0
3,1.162,2,-0.1307,1,1.2671,0.0006,0
1,1.2288,1,0.0,0,1.2288,0.0,0
2,1.2576,2,0.0,0,1.2576,0.0013,0
1,1.1795,1,0.0,1,1.2555,0.0,0
1,1.0139,1,0.0,2,1.2053,0.0,0
2,1.2224,-1,0.024,2,1.0146,0.0,0
2,1.0146,0,-0.1361,2,1.2224,0.0,0
1,1.3125,-1,0.0649,2,1.108,0.0,0
1,1.2769,0,0.0,0,1.2769,0.0,0
1,1.2956,1,0.0,1,1.0568,0.0,0
1,1.0606,0,0.0038,1,1.0568,0.0,0
1,1.308,0,0.0,1,1.2846,0.0,0
1,1.0011,1,0.0,0,1.0011,0.0,0
1,0.8492,1,0.0,14,0.0551,0.0,0
1,1.2555,0,0.0759,1,1.0139,0.0,0
1,1.0085,1,0.0,1,1.1132,0.0,0
1,1.2102,1,0.0,0,1.2102,0.0,0
1,1.092,1,0.0,0,1.092,0.0,0
1,1.2671,0,-0.0965,3,1.162,0.0,0
1,1.1969,1,0.0,0,1.1969,0.0,0
1,1.0245,0,0.2814,2,0.0551,0.0,0
1,1.307,0,0.0,0,1.307,0.0,0
1,1.0568,0,-0.2388,1,1.0606,0.0,0
1,1.3954,0,0.0,1,1.2846,0.0,0
1,1.3049,0,0.0,0,1.3049,0.0,0
1,1.2753,1,0.0,1,1.2124,0.0,0
39,0.0586,0,-0.0004,24,0.0571,0.0,2
2,1.1423,-1,-0.0196,1,1.2927,0.0,0
13,0.0567,1,-0.0001,23,0.0579,0.0148,2
21,0.0571,0,-0.0,39,0.0586,0.0001,2
23,0.0579,0,0.0,13,0.0567,0.0,2
1,1.2555,0,0.0,1,1.1685,0.0,0
13,0.0599,-1,-0.0007,21,0.0571,0.0004,2
1,1.2753,0,0.0,2,1.267,0.0,0
1,1.3636,1,0.0,1,1.2666,0.0,0
9,0.1172,-1,0.0034,13,0.0567,0.0137,2
2,0.0608,1,0.0058,21,0.0571,0.0021,0
24,0.062,0,-0.0,39,0.0571,0.0,2
11,0.0616,0,0.0,24,0.0571,0.0,2
1,1.2421,-1,0.0368,1,1.1685,0.0,0
1,1.1132,1,0.0,1,1.0085,0.0,0
1,1.308,1,0.0,1,1.0011,0.0,0
2,1.267,1,0.0546,1,1.1832,0.0167,0
1,1.1631,0,0.0,13,0.0599,0.0,0
1,1.1969,0,0.0,0,1.1969,0.0,0
1,1.2666,0,0.0,1,1.3636,0.0,0
4,1.1023,2,0.0878,1,1.2561,0.0,0
1,1.2956,1,0.0,1,1.0568,0.0,0
1,1.3954,0,0.0,1,1.1467,0.0,0
2,1.2476,0,0.1395,1,1.0334,0.0,0
1,1.1934,0,0.1688,2,0.0608,0.0,0
1,1.1408,1,0.0,1,1.0606,0.0,0
1,1.0568,0,-0.2388,1,1.0606,0.0,0
1,1.307,1,0.0,39,0.0586,0.0,0
1,1.2012,1,0.0,1,1.0606,0.0,0
1,1.3267,0,0.3128,1,1.1685,0.0,0
1,1.1624,0,0.0,0,1.1624,0.0,0
1,1.1832,-1,-0.0698,2,1.0747,0.0,0
1,1.0011,0,0.0,1,1.308,0.0,0
1,0.8492,0,0.0,13,0.0599,0.0,0
1,1.2846,0,0.0,1,1.3954,0.0,0
1,1.1685,1,0.0,1,1.2421,0.0,0
1,1.2927,0,0.0255,2,1.1423,0.0,0
1,1.3574,1,0.0,0,1.3574,0.0,0
1,1.2288,0,0.0,0,1.2288,0.0,0
1,1.0334,1,0.0,2,1.2476,0.0,0
1,1.2102,1,0.0,0,1.2102,0.0,0
1,1.0747,1,0.0,1,1.1832,0.0,0
1,1.2561,0,-0.0956,4,1.1023,0.0,0
1,1.2769,1,0.0,0,1.2769,0.0,0
1,1.2595,0,0.0,0,1.2595,0.0,0
1,1.1467,1,0.0,1,1.092,0.0,0
1,1.077,0,0.0,0,1.077,0.0,0
1,1.3684,-1,0.1109,1,1.1467,0.0,0
1,1.0085,0,0.0,1,1.1132,0.0,0
1,1.0606,0,0.0,1,1.0568,0.0,0
1,1.0395,0,0.0,0,1.0395,0.0,0
1,1.3049,1,0.0,0,1.3049,0.0,0
1,1.092,0,0.0,1,1.1467,0.0,0
19,0.0569,-2,-0.0002,39,0.0586,0.0001,2
2,1.1507,1,-0.1054,3,1.1541,0.0,0
1,1.1934,1,0.0,3,1.1541,0.0,0
23,0.062,-1,-0.0,39,0.0569,0.0,2
7,0.1326,-2,0.0154,15,0.0559,0.0008,1
1,1.3049,0,0.0,0,1.3049,0.0,0
2,1.129,1,-0.0542,1,1.2294,0.0024,0
23,0.0579,0,-0.0,15,0.0559,0.0,2
39,0.0586,0,-0.0,23,0.0569,0.0,2
2,1.1843,1,-0.1083,1,1.1172,0.0001,0
14,0.0612,3,-0.0004,23,0.0569,0.0,2
15,0.0559,2,-0.0007,23,0.0579,0.0142,2
2,1.2476,1,-0.0079,1,1.2421,0.0572,0
1,1.2294,-1,-0.0376,2,1.129,0.0,0
1,1.3046,0,0.0294,1,1.2294,0.0,0
2,1.108,1,0.0746,1,1.3125,0.0,0
1,1.1624,0,0.0,0,1.1624,0.0,0
1,1.2846,1,0.0,1,1.308,0.0,0
1,1.2421,0,0.0736,2,1.2476,0.0,0
12,0.0589,-1,-0.001,19,0.0569,0.0,2
3,1.1541,-1,0.0518,2,1.1507,0.0,0
1,1.1969,0,0.0,0,1.1969,0.0,0
2,1.2576,1,0.1109,1,1.092,0.0564,0
1,1.2102,0,0.0,0,1.2102,0.0,0
1,1.2753,1,0.0,1,1.3046,0.0,0
1,1.0085,0,0.0,1,1.1132,0.0,0
1,1.2956,1,0.0,1,1.0568,0.0,0
1,1.2288,0,0.0,1,1.0011,0.0,0
1,1.0395,1,0.0,0,1.0395,0.0,0
2,1.0632,1,0.0025,1,1.0568,0.2596,0
1,1.0011,1,0.0,1,1.2288,0.0,0
1,1.3954,0,0.1108,1,1.092,0.0,0
1,1.308,0,0.0,1,1.2846,0.0,0
1,0.7831,0,-0.5239,39,0.0586,0.0,0
1,1.3125,-1,0.0649,2,1.108,0.0,0
3,0.0596,1,-0.0013,19,0.0569,0.0016,0
1,1.2012,0,0.0604,2,1.0632,0.0,0
1,0.8492,0,0.0,12,0.0589,0.0,0
1,1.0568,0,0.0,2,1.0632,0.0,0
1,1.1172,-1,-0.0251,2,1.1843,0.0,0
1,1.192,1,0.0,0,1.192,0.0,0
1,1.3636,0,0.0,2,1.1843,0.0,0
1,1.1631,0,0.0,12,0.0589,0.0,0
1,1.2769,0,0.0,0,1.2769,0.0,0
1,1.092,1,0.0,2,1.2576,0.0,0
1,1.3574,0,0.0,1,1.077,0.0,0
1,1.2666,1,0.0,0,1.2666,0.0,0
1,1.2595,1,0.0,0,1.2595,0.0,0
1,1.077,1,0.0,1,1.3574,0.0,0
1,1.1132,0,0.0,1,1.0085,0.0,0
2,1.2576,0,0.0,1,1.092,0.0608,0
1,1.2846,0,-0.0234,1,1.308,0.0,0
3,1.2458,1,-0.0018,0,1.2458,0.0503,0
1,1.1969,1,0.0,0,1.1969,0.0,0
19,0.0569,0,-0.0,38,0.0584,0.0001,2
16,0.0556,1,-0.0003,23,0.0579,0.0153,2
23,0.0579,0,0.0,16,0.0556,-0.0,2
1,1.0395,0,0.0,1,1.192,0.0,0
38,0.0584,-1,-0.0001,24,0.0569,0.0,2
1,1.3636,1,0.0,1,1.2927,0.0,0
14,0.0612,0,-0.0,24,0.0569,0.0,2
3,1.1762,1,0.0682,0,1.1762,0.0,0
24,0.062,1,0.0001,38,0.0569,0.0,2
3,1.0961,1,-0.0546,1,1.1236,0.0,0
1,1.0085,1,0.0,1,1.1132,0.0,0
11,0.066,-1,0.0071,19,0.0569,0.0,2
2,1.1046,0,-0.0244,2,1.2531,0.0112,0
1,1.3954,0,0.0,1,1.092,0.0,0
2,1.2531,1,0.0237,2,1.1046,0.0,0
1,1.1934,0,0.0,1,0.8492,0.0,0
6,0.1133,-1,-0.0193,16,0.0556,0.0009,1
1,1.1132,0,0.0,1,1.0085,0.0,0
1,1.077,0,0.0,1,1.3574,0.0,0
1,1.0011,0,0.0,1,1.308,0.0,0
1,0.4133,0,-0.3698,38,0.0584,0.0,0
1,1.3049,1,0.0,0,1.3049,0.0,0
1,1.308,1,0.0,1,1.0011,0.0,0
1,1.2288,1,0.0,0,1.2288,0.0,0
1,1.0568,1,0.0,1,1.2956,0.0,0
3,1.1342,1,0.071,0,1.1342,0.0881,0
1,0.8492,1,0.0,4,0.0608,0.0,0
1,1.2102,1,0.0,0,1.2102,0.0,0
1,1.2769,1,0.0,0,1.2769,0.0,0
4,0.0608,1,0.0012,19,0.0569,0.0017,1
1,1.192,1,0.0,1,1.0395,0.0,0
1,1.2753,0,0.0,1,1.3046,0.0,0
1,1.2956,1,0.0,1,1.0568,0.0,0
1,1.092,0,0.0,2,1.2576,0.0,0
1,0.7518,0,-0.0975,11,0.0608,0.0,0
1,1.3046,0,0.0,2,1.2531,0.0,0
2,1.1423,0,-0.042,1,1.2927,0.0,0
1,1.3517,1,0.0,3,1.0961,0.0,0
1,1.1236,-2,-0.0305,3,1.0961,0.0,0
1,1.3574,1,0.0,1,1.077,0.0,0
1,1.2595,0,0.0,0,1.2595,0.0,0
1,1.1624,1,0.0,6,0.1133,0.0,0
1,1.2927,0,-0.0709,2,1.1423,0.0,0
1,1.2666,1,0.0,0,1.2666,0.0,0
